hanzi,traditional,pinyin,pinyin_numeric,hsk_level,frequency,pos,meaning_en,meaning_ko,classifiers
爱,愛,ài,ai4,1,130,v/vn/b,to love; to be fond of; to like; affection; to be inclined (to do sth); to tend to (happen),"사랑하다, 좋아하다",
八,八,bā,ba1,1,1362,m/t,eight; 8,"여덟, 8",
爸爸,爸爸,bà ba,ba4 ba5,1,908,n,(coll.) father; dad,"아빠, 아버지",个/位
杯子,杯子,bēi zi,bei1 zi5,1,6162,n,cup; glass,"컵, 잔",个/只
北京,北京,Běi jīng,Bei3 jing1,1,4799,ns,"Beijing, capital of the People's Republic of China",베이징(중국의 수도),
本,本,běn,ben3,1,222,r/q/d/n,"root; stem; origin; source; this; the current; original; inherent; originally; classifier for books, periodicals, files etc",권 (책을 세는 양사),
不,不,bù,bu4,1,9,d,no; not so; (bound form) not; un-,"아니다, ~하지 않다",
不客气,不客氣,bù kè qi,bu4 ke4 qi5,1,16723,,you're welcome; don't mention it; impolite; rude; blunt,"천만에요, 별말씀을요",
菜,菜,cài,cai4,1,1448,n,dish (type of food); vegetable; cuisine; (coll.) (one's) type; (of one's skills etc) weak; poor,"요리, 채소",盘/道
茶,茶,chá,cha2,1,1910,n/g,tea; tea plant,차(마시는 차),杯/壶
吃,吃,chī,chi1,1,142,v,"to eat; to consume; to eat at (a cafeteria etc); to eradicate; to destroy; to absorb; to suffer (shock, injury, defeat etc)",먹다,
出租车,出租車,chū zū chē,chu1 zu1 che1,1,2677,n,taxi; (Tw) rental car,택시,
打电话,打電話,dǎ diàn huà,da3 dian4 hua4,1,1218,v,to make a telephone call,전화를 걸다,
大,大,dà,da4,1,66,a/d/n/g,big; large; great; older (than another person); eldest (as in 姐); greatly; freely; fully; (dialect) father; (dialect) uncle (father's brother),크다,
的,的,de,de5,1,1,u/n,of; ~'s (possessive particle); (used after an attribute); (used to form a nominal expression); (used at the end of a declarative sentence for emphasis); also pr. [dì] or [di] in poetry and songs,~의 (소유·수식을 나타내는 조사),
点,點,diǎn,dian3,1,58,qt/n/t/v,point; dot; drop; speck; o'clock; point (in space or time); to draw a dot; to check on a list; to choose; to order (food in a restaurant); to touch briefly; to hint; to light; to ignite; to pour a liquid drop by drop; (old) one fifth of a two-hour watch 更; dot stroke in Chinese characters; classifier for items,"시(시각), 조금, 주문하다",
电脑,電腦,diàn nǎo,dian4 nao3,1,946,n,computer,컴퓨터,台
电视,電視,diàn shì,dian4 shi4,1,779,n,television; TV,텔레비전,台/个
电影,電影,diàn yǐng,dian4 ying3,1,546,n,movie; film,영화,部/片/幕/场
东西,東西,dōng xi,dong1 xi5,1,226,n/f/nr,thing; stuff; person,"물건, 것",个/件
都,都,dōu,dou1,1,25,d/g,all; both; entirely; (used for emphasis) even; already; (not) at all,"모두, 다",
读,讀,dú,du2,1,1013,v,to read out; to read aloud; to read; to attend (school); to study (a subject in school); to pronounce,"읽다, 공부하다",
对不起,對不起,duì bu qǐ,dui4 bu5 qi3,1,1577,v,I'm sorry; excuse me; I beg your pardon; to let (sb) down; to disappoint,"미안합니다, 죄송합니다",
多,多,duō,duo1,1,80,a/m/ad/d/v/g,many; much; too many; in excess; (after a numeral) ... odd; how (to what extent) (Taiwan pr. [duó]); (bound form) multi-; poly-,많다,
多少,多少,duō shǎo,duo1 shao3,1,526,r,number; amount; somewhat,"얼마, 몇",
儿子,兒子,ér zi,er2 zi5,1,665,n,son,아들,
二,二,èr,er4,1,664,m/t,two; 2; (Beijing dialect) stupid,"둘, 2",
饭馆,飯館,fàn guǎn,fan4 guan3,1,16449,n,restaurant,식당,家
飞机,飛機,fēi jī,fei1 ji1,1,1067,n,airplane,비행기,架
分钟,分鐘,fēn zhōng,fen1 zhong1,1,465,qt,minute,분(시간 단위),
高兴,高興,gāo xìng,gao1 xing4,1,920,a/an,happy; glad; willing (to do sth); in a cheerful mood,"기쁘다, 즐겁다",
个,個,gè,ge4,1,19,q/g,(classifier used before a noun that has no specific classifier); (bound form) individual,개(사물을 세는 양사),
工作,工作,gōng zuò,gong1 zuo4,1,111,vn/v/n,to work; (of a machine) to operate; job; work; task,"일하다, 일, 직업",个/份/项
狗,狗,gǒu,gou3,1,620,n,dog,개(동물),只/条
汉语,漢語,Hàn yǔ,Han4 yu3,1,13422,nz,Chinese language,중국어,门
好,好,hǎo,hao3,1,20,a/d/v,good; appropriate; proper; all right!; (before a verb) easy to; (before a verb) good to; (before an adjective for exclamatory effect) so; (verb complement indicating completion); (of two people) close; on intimate terms; (after a personal pronoun) hello,"좋다, 안녕(하다)",
喝,喝,hē,he1,1,428,g/vn,to drink; variant of 嗬,마시다,
和,和,hé,he2,1,19,cc/p/v/qv/g/n,(joining two nouns) and; together with; with (Taiwan pr. [hàn]); (math.) sum; to make peace; (sports) to draw; to tie; (bound form) harmonious; (bound form) Japan; Japanese,"~와, ~과, 그리고",
很,很,hěn,hen3,1,35,d,(adverb of degree); quite; very; awfully,"매우, 아주",
后面,後面,hòu mian,hou4 mian5,1,1300,f,the back; the rear; the last bit; behind; near the end; at the back; later; afterwards,"뒤, 뒤쪽",
回,回,huí,hui2,1,225,v/qv,to circle; to go back; to turn around; to answer; to return; to revolve; Hui ethnic group (Chinese Muslims); time; classifier for acts of a play; section or chapter (of a classic book),"돌아가다, 돌아오다",
会,會,huì,hui4,1,23,v/n,can; to have the skill; to know how to; to be likely to; to be sure to; to meet; to get together; meeting; gathering; (suffix) union; group; association; (bound form) a moment (Taiwan pr. [huǐ]),"할 줄 알다, ~할 것이다",
火车站,火車站,huǒ chē zhàn,huo3 che1 zhan4,1,7270,n,train station,기차역,
几,幾,jǐ,ji3,1,178,m/d,how much; how many; several; a few,몇,
家,家,jiā,jia1,1,124,n/q,"home; family; (polite) my (sister, uncle etc); classifier for families or businesses; refers to the philosophical schools of pre-Han China; noun suffix for a specialist in some activity, such as a musician or revolutionary, corresponding to English -ist, -er, -ary or -ian","집, 가족",个
叫,叫,jiào,jiao4,1,200,v/p/n,to shout; to call; to order; to ask; to be called; by (indicates agent in the passive mood),"부르다, ~라고 부르다",
今天,今天,jīn tiān,jin1 tian1,1,155,t,today; at the present; now,오늘,
九,九,jiǔ,jiu3,1,2040,m/t/b,nine; 9,"아홉, 9",
开,開,kāi,kai1,1,195,v/q,"to open (transitive or intransitive); (of ships, vehicles, troops etc) to start; to turn on; to put in operation; to operate; to run; to boil; to write out (a prescription, check, invoice etc); (directional complement) away; off; carat (gold); abbr. for Kelvin, 开尔文; abbr. for 开本, book format","열다, (차 등을) 운전하다, 켜다",
看,看,kàn,kan4,1,52,v/u,to see; to look at; to read; to watch; to visit; to call on; to consider; to regard as; to look after; to treat (a patient or illness); to depend on; to feel (that); (after a verb) to give it a try; to watch out for,보다,
看见,看見,kàn jiàn,kan4 jian4,1,870,v,to see; to catch sight of,"보다, 눈에 띄다",
块,塊,kuài,kuai4,1,483,q/g,"lump; chunk; piece; classifier for pieces of cloth, cake, soap etc; (coll.) classifier for money and currency units","위안(화폐 단위), 덩어리",
来,來,lái,lai2,1,31,v/f/m/u/y,"to come; (used as a substitute for a more specific verb); hither (directional complement for motion toward the speaker, as in 回来); ever since (as in 自古以来); for the past (amount of time); (prefix) the coming ...; the next ... (as in 来世); (between two verbs) in order to; (after a round number) approximately; (used after 得 to indicate possibility, as in 谈得来, or after 不 to indicate impossibility, as in 吃不来)",오다,
老师,老師,lǎo shī,lao3 shi1,1,799,n,teacher,선생님,个/位
了,了,le,le5,1,3,y/u/v,"(completed action marker); (modal particle indicating change of state, situation now); (modal particle intensifying preceding clause)",(완료·변화를 나타내는 조사),
冷,冷,lěng,leng3,1,1027,a/ad/g,cold,"춥다, 차갑다",
里,裡,lǐ,li3,1,75,f/q,lining; interior; inside; internal; also written 里,"안, 속",
零,零,líng,ling2,1,3623,m/t/g,zero; nought; zero sign; fractional; fragmentary; odd (of numbers); (placed between two numbers to indicate a smaller quantity followed by a larger one); fraction; (in mathematics) remainder (after division); extra; to wither and fall; to wither,"영, 0",
六,六,liù,liu4,1,802,m/t,six; 6,"여섯, 6",
妈妈,媽媽,mā ma,ma1 ma5,1,527,n,mama; mommy; mother,"엄마, 어머니",个/位
吗,嗎,má,ma2,1,83,y,(coll.) what?,~까? (의문을 나타내는 조사),
买,買,mǎi,mai3,1,240,v,to buy; to purchase,사다,
猫,貓,māo,mao1,1,1150,n/v,cat; (dialect) to hide oneself; (coll.) modem,고양이,只
没,沒,méi,mei2,1,63,d/v,(negative prefix for verbs) have not; not,"없다, ~하지 않았다",
没关系,沒關係,méi guān xi,mei2 guan1 xi5,1,3541,v,it doesn't matter,"괜찮습니다, 상관없습니다",
米饭,米飯,mǐ fàn,mi3 fan4,1,10194,n,(cooked) rice,쌀밥,
名字,名字,míng zi,ming2 zi5,1,829,n,name (of a person or thing),이름,个
明天,明天,míng tiān,ming2 tian1,1,469,t,tomorrow,내일,
哪,哪,nǎ,na3,1,547,r/y,how; which,"어느, 어디",
那,那,nà,na4,1,48,r/c,"(specifier) that; the; those (colloquial pr. [nèi]); (pronoun) that (referring to persons, things or situations); then (in that case)","그, 저 (것)",
呢,呢,ne,ne5,1,96,y,"particle indicating that a previously asked question is to be applied to the preceding word (""What about ...?"", ""And ...?""); particle for inquiring about location (""Where is ...?""); particle signaling a pause, to emphasize the preceding words and allow the listener time to take them on board (""ok?"", ""are you with me?""); (at the end of a declarative sentence) particle indicating continuation of a state or action; particle indicating strong affirmation",~는요? (의문·화제를 나타내는 조사),
能,能,néng,neng2,1,46,v/g,can; to be able to; might possibly; ability; (physics) energy,~할 수 있다,
你,你,nǐ,ni3,1,5,r,"you (informal, as opposed to courteous 您)","너, 당신",
年,年,nián,nian2,1,79,qt/t/n,year,"년, 해",个
女儿,女兒,nǚ ér,nü3 er2,1,879,n,daughter,딸,
朋友,朋友,péng you,peng2 you5,1,280,n,friend,친구,个/位
漂亮,漂亮,piào liang,piao4 liang5,1,915,a,pretty; beautiful,"예쁘다, 아름답다",
苹果,蘋果,píng guǒ,ping2 guo3,1,2562,n,apple,사과,个/颗
七,七,qī,qi1,1,1419,m/t,seven; 7,"일곱, 7",
前面,前面,qián miàn,qian2 mian4,1,1789,f,ahead; in front; preceding; above; also pr. [qián mian],"앞, 앞쪽",
钱,錢,qián,qian2,1,218,n/nr,"coin; money; unit of weight, one tenth of a tael 两",돈,笔
请,請,qǐng,qing3,1,216,v,to ask; to invite; please (do sth); to treat (to a meal etc); to request,"부탁하다, 청하다, ~해 주세요",
去,去,qù,qu4,1,38,v,to go; to go to (a place); (of a time etc) last; just passed; to send; to remove; to get rid of; to reduce; to be apart from in space or time; to die (euphemism); to play (a part); (when used either before or after a verb) to go in order to do sth; (after a verb of motion indicates movement away from the speaker); (used after certain verbs to indicate detachment or separation),가다,
热,熱,rè,re4,1,938,a/n/k/v/ad/an,to warm up; to heat up; hot (of weather); heat; fervent,"덥다, 뜨겁다",
人,人,rén,ren2,1,19,n,person; people,사람,个/位
认识,認識,rèn shi,ren4 shi5,1,463,v/n/vn,to know; to recognize; to be familiar with; to get acquainted with sb; knowledge; understanding; awareness; cognition,"알다, 인식하다",
日,日,rì,ri4,1,395,t/g/b/qt,"sun; day; date, day of the month","일(날짜), 해, 태양",
三,三,sān,san1,1,233,m/t,three; 3,"셋, 3",
商店,商店,shāng diàn,shang1 dian4,1,3479,n,store; shop,"상점, 가게",家/个
上,上,shàng,shang4,1,29,f/v/g,(bound form) up; upper; above; previous; first (of multiple parts); to climb; to get onto; to go up; to attend (class or university); (directional complement) up; (noun suffix) on; above,"위, 오르다",
上午,上午,shàng wǔ,shang4 wu3,1,2188,t,morning,오전,个
少,少,shǎo,shao3,1,538,a/ad/v/d/g,few; less; to lack; to be missing; to stop (doing sth); seldom,적다,
什么,什麼,shén me,shen2 me5,1,55,r,what?; something; anything,"무엇, 무슨",
十,十,shí,shi2,1,865,m/t,ten; 10,"열, 10",
时候,時候,shí hou,shi2 hou5,1,107,n,time; length of time; moment; period,"때, 시간",
是,是,shì,shi4,1,4,v,to be (followed by substantives only); correct; right; true; (respectful acknowledgement of a command) very well; (adverb for emphatic assertion),~이다,
书,書,shū,shu1,1,560,n/g,book; letter; document; to write,책,本/册/部
谁,誰,shéi,shei2,1,142,r,who; also pr. [shuí],누구,
水,水,shuǐ,shui3,1,335,n,water; river; liquid; beverage; additional charges or income; (of clothes) classifier for number of washes,물,
水果,水果,shuǐ guǒ,shui3 guo3,1,3271,n,fruit,과일,个
睡觉,睡覺,shuì jiào,shui4 jiao4,1,944,v,to go to bed; to sleep,잠자다,
说话,說話,shuō huà,shuo1 hua4,1,880,v/vn,to speak; to say; to talk; to gossip; to tell stories; talk; word,말하다,
四,四,sì,si4,1,481,m/t,four; 4,"넷, 4",
岁,歲,suì,sui4,1,266,qt,classifier for years (of age); year; year (of crop harvests),"살, 세(나이를 세는 양사)",
他,他,tā,ta1,1,10,r,he; him (used for either sex when the sex is unknown or unimportant); (used before sb's name for emphasis); (used as a meaningless mock object); (literary) other,그(남자),
她,她,tā,ta1,1,38,r,she,그녀,
太,太,tài,tai4,1,87,d/b,highest; greatest; too (much); very; extremely,"너무, 매우",
天气,天氣,tiān qì,tian1 qi4,1,1675,n,weather,날씨,
听,聽,tīng,ting1,1,190,v,"to listen to; to hear; to heed; to obey; a can (loanword from English ""tin""); classifier for canned beverages; to let be; to allow (Taiwan pr. [tìng]); (literary) to administer; to deal with (Taiwan pr. [tìng])",듣다,
同学,同學,tóng xué,tong2 xue2,1,1828,n,to study at the same school; fellow student; classmate,"학우, 동창",位/个
喂,喂,wèi,wei4,1,1301,v/e,"hey; to feed (an animal, baby, invalid etc)","여보세요, (동물에게) 먹이를 주다",
我,我,wǒ,wo3,1,3,r,I; me; my,"나, 저",
我们,我們,wǒ men,wo3 men5,1,19,r,we; us; ourselves; our,우리,
五,五,wǔ,wu3,1,563,m/t,five; 5,"다섯, 5",
喜欢,喜歡,xǐ huan,xi3 huan5,1,139,v/vn,to like; to be fond of,좋아하다,
下,下,xià,xia4,1,70,v/f/qt/g,"down; downwards; below; lower; later; next (week etc); second (of two parts); to decline; to go down; to arrive at (a decision, conclusion etc); measure word to show the frequency of an action","아래, 내려가다",
下午,下午,xià wǔ,xia4 wu3,1,782,t,afternoon; p.m.,오후,个
下雨,下雨,xià yǔ,xia4 yu3,1,5648,v,to rain,비가 오다,
先生,先生,xiān sheng,xian1 sheng5,1,586,n,teacher; gentleman; sir; mister (Mr.); husband; (dialect) doctor,"선생님, ~씨(성인 남성 존칭)",位
现在,現在,xiàn zài,xian4 zai4,1,77,t,now; at present; at the moment; modern; current; nowadays,"지금, 현재",
想,想,xiǎng,xiang3,1,44,v,to think (about); to think of; to devise; to think (that); to believe (that); to desire; to want (to); to miss (feel wistful about the absence of),"생각하다, ~하고 싶다",
小,小,xiǎo,xiao3,1,100,a/ad,small; tiny; few; young,작다,
小姐,小姐,xiǎo jie,xiao3 jie5,1,1575,n,young lady; miss; (slang) prostitute,"아가씨, ~양",个/位
些,些,xiē,xie1,1,611,q,"classifier indicating a small amount or small number greater than 1: some, a few, several","약간, 몇몇(양사)",
写,寫,xiě,xie3,1,352,v,to write,쓰다,
谢谢,謝謝,xiè xie,xie4 xie5,1,520,v,to thank; thanks; thank you,감사합니다,
星期,星期,xīng qī,xing1 qi1,1,1956,n,week; day of the week; Sunday,"요일, 주",个
学生,學生,xué sheng,xue2 sheng5,1,651,n,student; schoolchild,학생,
学习,學習,xué xí,xue2 xi2,1,789,v/vn,to learn; to study,"공부하다, 배우다",
学校,學校,xué xiào,xue2 xiao4,1,430,n,school,학교,所
一,一,yī,yi1,1,21,m/d/t,"one; single; a (article); as soon as; entire; whole; all; throughout; ""one"" radical in Chinese characters (Kangxi radical 1); also pr. [yāo] for greater clarity when spelling out numbers digit by digit","하나, 1",
衣服,衣服,yī fu,yi1 fu5,1,1472,n,clothes,옷,件/套
医生,醫生,yī shēng,yi1 sheng1,1,827,n,doctor,의사,个/位/名
医院,醫院,yī yuàn,yi1 yuan4,1,608,n,hospital,병원,所/家/座
椅子,椅子,yǐ zi,yi3 zi5,1,4472,n,chair,의자,把/套
有,有,yǒu,you3,1,9,v,to have; there is; (bound form) having; with; -ful; -ed; -al (as in 意 intentional),"있다, 가지고 있다",
月,月,yuè,yue4,1,161,n/t,moon; month; monthly,"달, 월",个/轮
再见,再見,zài jiàn,zai4 jian4,1,2487,v,goodbye; see you again later,"안녕히 가세요/계세요, 또 만나요",
在,在,zài,zai4,1,5,p/v/d,to exist; to be alive; (of sb or sth) to be (located) at; (used before a verb to indicate an action in progress),"~에 있다, ~하고 있다",
怎么,怎麼,zěn me,zen3 me5,1,128,r,how?; what?; why?,"어떻게, 왜",
怎么样,怎麼樣,zěn me yàng,zen3 me5 yang4,1,1367,r,how?; how about?; how was it?; how are things?,어때요?,
这,這,zhè,zhe4,1,11,r,"(pronoun) this; these; (bound form) this; the (followed by a noun); (bound form) this; these (followed by a classifier) (in this sense, commonly pr. [zhèi], esp. in Beijing)","이, 이것",
中国,中國,Zhōng guó,Zhong1 guo2,1,729,ns,China,중국,
中午,中午,zhōng wǔ,zhong1 wu3,1,2600,t,noon; midday,"정오, 낮",个
住,住,zhù,zhu4,1,280,v,"to live; to dwell; to stay; to reside; to stop; (suffix indicating firmness, steadiness, or coming to a halt)","살다, 거주하다",
桌子,桌子,zhuō zi,zhuo1 zi5,1,3639,n,table; desk,"탁자, 책상",张/套
字,字,zì,zi4,1,913,n,letter; symbol; character; word; courtesy or style name traditionally given to males aged 20 in dynastic China,글자,个
昨天,昨天,zuó tiān,zuo2 tian1,1,557,t,yesterday,어제,
坐,坐,zuò,zuo4,1,435,v,"to sit; to take a seat; to take (a bus, airplane etc); to bear fruit; variant of 座","앉다, (교통수단을) 타다",
做,做,zuò,zuo4,1,53,v,"to make; to produce; to write; to compose; to do; to engage in; to hold (a party etc); (of a person) to be (an intermediary, a good student etc); to become (husband and wife, friends etc); (of a thing) to serve as; to be used for; to assume (an air or manner)","하다, 만들다",
吧,吧,bā,ba1,2,58,y,"bar (loanword) (serving drinks, or providing Internet access etc); to puff (on a pipe etc); (onom.) bang; abbr. for 贴吧",,
白,白,bái,bai2,2,930,a/nr/d/b/v/g,white; snowy; pure; bright; empty; blank; plain; clear; to make clear; in vain; gratuitous; free of charge; reactionary; anti-communist; funeral; to stare coldly; to write wrong character; to state; to explain; vernacular; spoken lines in opera,,
百,百,bǎi,bai3,2,2455,m/t,hundred; numerous; all kinds of,,
帮助,幫助,bāng zhù,bang1 zhu4,2,499,v/vn,assistance; aid; to help; to assist,,
报纸,報紙,bào zhǐ,bao4 zhi3,2,2232,n,newspaper; newsprint,,份/期/张
比,比,bǐ,bi3,2,155,p/v/n/b,to compare; (followed by a noun and adjective) more {adj.} than {noun}; ratio; to gesture; (Taiwan pr. [bì] in some compounds derived from Classical Chinese),,
便宜,便宜,pián yi,pian2 yi5,2,2814,a/v/an,cheap; inexpensive; small advantages; to let sb off lightly,,
别,別,bié,bie2,2,214,d/v/r/vn,"to leave; to part (from); (literary) to differentiate; to distinguish; (bound form) other; another; different; don't ...!; to fasten with a pin or clip; to stick in; to insert (in order to hinder movement); (noun suffix) category (e.g. 性别, 派别)",,
唱歌,唱歌,chàng gē,chang4 ge1,2,2876,v/vn,to sing a song,,
出,出,chū,chu1,2,85,v/q,"to go out; to come out; to occur; to produce; to go beyond; to rise; to put forth; to happen; (used after a verb to indicate an outward direction or a positive result); classifier for dramas, plays, operas etc",,
穿,穿,chuān,chuan1,2,430,v,to wear; to put on; to dress; to bore through; to pierce; to perforate; to penetrate; to pass through; to thread,,
船,船,chuán,chuan2,2,1346,n,boat; vessel; ship,,条/艘/只
次,次,cì,ci4,2,99,qv/a/g,"next in sequence; second; the second (day, time etc); secondary; vice-; sub-; infra-; inferior quality; substandard; order; sequence; hypo- (chemistry); classifier for enumerated events: time",,
从,從,cóng,cong2,2,70,p/g,from; through; via; to follow; to obey; to engage in (an activity); never (in negative sentence); (Taiwan pr. [zòng]) retainer; assistant; auxiliary; subordinate; related by common paternal grandfather or earlier ancestor,,
错,錯,cuò,cuo4,2,531,v/n,mistake; wrong; bad; interlocking; complex; to grind; to polish; to alternate; to stagger; to miss; to let slip; to evade; to inlay with gold or silver,,
打篮球,打籃球,dǎ lán qiú,da3 lan2 qiu2,2,1000000,,to play basketball,,
大家,大家,dà jiā,da4 jia1,2,189,r/n,everyone; influential family; great expert,,
但是,但是,dàn shì,dan4 shi4,2,115,c,but; however,,
到,到,dào,dao4,2,29,v/p,to reach; to arrive; to leave for; to go to; to (a place); until (a time); up to (a point); (verb complement indicating arriving at a place or reaching a point); considerate; thoughtful; thorough,,
得,得,dé,de2,2,58,u/v,to obtain; to get; to gain; to catch (a disease); proper; suitable; proud; contented; to allow; to permit; ready; finished,,
弟弟,弟弟,dì di,di4 di5,2,2424,n,younger brother,,个/位
第一,第一,dì yī,di4 yi1,2,223,m,first; number one; primary,,
懂,懂,dǒng,dong3,2,669,v,to understand; to comprehend,,
房间,房間,fáng jiān,fang2 jian1,2,1357,n,room,,间/个
非常,非常,fēi cháng,fei1 chang2,2,194,d/b,very; really; unusual; extraordinary,,
服务员,服務員,fú wù yuán,fu2 wu4 yuan2,2,5531,n,waiter; waitress; attendant; customer service personnel,,个/位
高,高,gāo,gao1,2,290,a/ad/v/g,high; tall; above average; loud; your (honorific),,
告诉,告訴,gào sù,gao4 su4,2,252,v,to press charges; to file a complaint,,
哥哥,哥哥,gē ge,ge1 ge5,2,1655,n,older brother,,个/位
给,給,gěi,gei3,2,46,p/v/u,to; for; for the benefit of; to give; to allow; to do sth (for sb); (grammatical equivalent of 被); (grammatical equivalent of 把); (sentence intensifier),,
公共汽车,公共汽車,gōng gòng qì chē,gong1 gong4 qi4 che1,2,13591,,bus,,辆/班
公斤,公斤,gōng jīn,gong1 jin1,2,4784,q,kilogram (kg),,
公司,公司,gōng sī,gong1 si1,2,220,n,company; firm; corporation,,家
贵,貴,guì,gui4,2,2239,a/r/b/g,expensive; noble; precious; (honorific) your,,
还,還,hái,hai2,2,37,d/v,still; still in progress; still more; yet; even more; in addition; fairly; passably (good); as early as; even; also; else,,
孩子,孩子,hái zi,hai2 zi5,2,207,n,child,,
好吃,好吃,hǎo chī,hao3 chi1,2,2484,a,tasty; delicious,,
号,號,hào,hao4,2,278,q/n/v,ordinal number; day of a month; mark; sign; business establishment; size; ship suffix; horn (wind instrument); bugle call; assumed name; to take a pulse; classifier used to indicate number of people,,
黑,黑,hēi,hei1,2,724,a/g/b,black; dark; sinister; secret; shady; illegal; to hide (sth) away; to vilify; (loanword) to hack (computing),,
红,紅,hóng,hong2,2,794,a/v/g,red; popular; revolutionary; bonus,,
欢迎,歡迎,huān yíng,huan1 ying2,2,796,v/vn,to welcome; welcome,,
回答,回答,huí dá,hui2 da2,2,1100,v/vn,to reply; to answer; reply; answer,,
机场,機場,jī chǎng,ji1 chang3,2,2308,n,airport; airfield; (slang) service provider for Shadowsocks or similar software for circumventing Internet censorship,,家/处
鸡蛋,雞蛋,jī dàn,ji1 dan4,2,3501,n,(chicken) egg; hen's egg,,个/打
件,件,jiàn,jian4,2,292,q/g,"item; component; classifier for events, things, clothes etc",,
教室,教室,jiào shì,jiao4 shi4,2,5082,n,classroom,,间
介绍,介紹,jiè shào,jie4 shao4,2,779,v/vn,to introduce (sb to sb); to give a presentation; to present (sb for a job etc); introduction,,
姐姐,姐姐,jiě jie,jie3 jie5,2,1513,n,older sister,,个
近,近,jìn,jin4,2,822,a/v,near; close to; approximately,,
进,進,jìn,jin4,2,338,v,to go forward; to advance; to go in; to enter; to put in; to submit; to take in; to admit; (math.) base of a number system; classifier for sections in a building or residential compound,,
就,就,jiù,jiu4,2,15,d/p/c/v,(after a suppositional clause) in that case; then; (after a clause of action) as soon as; immediately after; (same as 是) merely; nothing else but; simply; just; precisely; exactly; only; as little as; as much as; as many as; to approach; to move towards; to undertake; to engage in; (often followed by 着) taking advantage of; (of food) to go with; with regard to; concerning; (pattern: 就 ... 也 ...) even if ... still ...; (pattern: 不 ... 就 ...) if not ... then must be ...,,
觉得,覺得,jué de,jue2 de5,2,161,v,to think that ...; to feel that ...; to feel (uncomfortable etc),,
咖啡,咖啡,kā fēi,ka1 fei1,2,1698,n,coffee (loanword),,杯
开始,開始,kāi shǐ,kai1 shi3,2,132,v/vn,to begin; beginning; to start; initial,,个
考试,考試,kǎo shì,kao3 shi4,2,1718,vn/v,to take an exam; exam,,次
可能,可能,kě néng,ke3 neng2,2,127,v/n,might (happen); possible; probable; possibility; probability; maybe; perhaps,,个
可以,可以,kě yǐ,ke3 yi3,2,58,v,can; may; possible; able to; not bad; pretty good,,
课,課,kè,ke4,2,1517,n,subject; course; class; lesson; to levy; tax; form of divination,,门/堂/节
快,快,kuài,kuai4,2,153,a/d/g,rapid; quick; speed; rate; soon; almost; to make haste; clever; sharp (of knives or wits); forthright; plainspoken; gratified; pleased; pleasant,,
快乐,快樂,kuài lè,kuai4 le4,2,637,a/an,happy; joyful,,
累,累,lèi,lei4,2,1197,a/v/an,tired; weary; to strain; to wear out; to work hard,,
离,離,lí,li2,2,912,v/p,"to leave; to part from; to be away from; (in giving distances) from; without (sth); independent of; one of the Eight Trigrams 卦, symbolizing fire; ☲",,
两,兩,liǎng,liang3,2,81,m/t,"two; both; some; a few; tael, unit of weight equal to 50 grams (modern) or 1⁄16 of a catty 斤 (old)",,
路,路,lù,lu4,2,409,n/qv,road; journey; route; line (bus etc); sort; kind,,条
旅游,旅遊,lǚ yóu,lü3 you2,2,2534,vn/v,trip; journey; tourism; travel; tour; to travel,,
卖,賣,mài,mai4,2,590,v,to sell; to betray; to spare no effort; to show off or flaunt,,
慢,慢,màn,man4,2,1770,a/ad,slow,,
忙,忙,máng,mang2,2,859,v/a/ad/g/an,busy; hurriedly; to hurry; to rush,,
每,每,měi,mei3,2,340,r,each; every,,
妹妹,妹妹,mèi mei,mei4 mei5,2,2093,n,younger sister; young woman,,个
门,門,mén,men2,2,422,n/q,"gate; door; gateway; doorway; opening; valve; switch; way to do something; knack; family; house; (religious) sect; school (of thought); class; category; phylum or division (taxonomy); classifier for large guns; classifier for lessons, subjects, branches of technology; (suffix) -gate (i.e. scandal; derived from Watergate)",,扇/个
男人,男人,nán rén,nan2 ren2,2,415,n,a man; a male; men,,个
您,您,nín,nin2,2,357,r,"you (courteous, as opposed to informal 你)",,
牛奶,牛奶,niú nǎi,niu2 nai3,2,2986,n,cow's milk,,瓶/杯
女人,女人,nǚ rén,nü3 ren2,2,383,n,woman,,
旁边,旁邊,páng biān,pang2 bian1,2,1815,f,side; adjacent place,,
跑步,跑步,pǎo bù,pao3 bu4,2,7199,v,to run; to jog; (military) to march at the double,,
票,票,piào,piao4,2,956,n/q,"ticket; ballot; banknote; person held for ransom; amateur performance of Chinese opera; classifier for groups, batches, business transactions",,张
妻子,妻子,qī zǐ,qi1 zi3,2,1187,n,wife and children,,
起床,起床,qǐ chuáng,qi3 chuang2,2,2645,v,to get out of bed; to get up,,
千,千,qiān,qian1,2,1728,m/t,thousand,,
晴,晴,qíng,qing2,2,9343,v,clear; fine (weather),,
去年,去年,qù nián,qu4 nian2,2,933,t,last year,,
让,讓,ràng,rang4,2,54,v,"to yield; to permit; to let sb do sth; to have sb do sth; to make sb (feel sad etc); by (indicates the agent in a passive clause, like 被)",,
上班,上班,shàng bān,shang4 ban1,2,1495,v/vn,to go to work; to be on duty; to start work; to go to the office,,
身体,身體,shēn tǐ,shen1 ti3,2,731,n,the body; one's health; in person,,具/个
生病,生病,shēng bìng,sheng1 bing4,2,4336,v,to fall ill,,
生日,生日,shēng rì,sheng1 ri4,2,1506,n,birthday,,个
时间,時間,shí jiān,shi2 jian1,2,127,n,time; period,,段
事情,事情,shì qing,shi4 qing5,2,271,n,affair; matter; thing; business,,件/桩
手表,手錶,shǒu biǎo,shou3 biao3,2,6179,n,wristwatch,,块/只/个
手机,手機,shǒu jī,shou3 ji1,2,857,n,cell phone; mobile phone,,部/支
送,送,sòng,song4,2,370,v,to send; to deliver; to transmit; to give (as a present); to see (sb) off; to accompany; to go along with,,
所以,所以,suǒ yǐ,suo3 yi3,2,157,c,therefore; as a result; so; the reason why,,
它,它,tā,ta1,2,114,r,it,,
踢,踢,tī,ti1,2,2330,v,to kick; to play (e.g. soccer); (slang) butch (in a lesbian relationship),,
题,題,tí,ti2,2,2690,n/v,topic; problem for discussion; exam question; subject; to inscribe; to mention,,个/道
跳舞,跳舞,tiào wǔ,tiao4 wu3,2,3920,v/vn,to dance,,
外,外,wài,wai4,2,489,f,outside; in addition; foreign; external,,
完,完,wán,wan2,2,395,v,to finish; to be over; whole; complete; entire,,
玩,玩,wán,wan2,2,415,v,to play; to have fun; to trifle with; toy; sth used for amusement; curio or antique (Taiwan pr. [wàn]); to keep sth for entertainment,,
晚上,晚上,wǎn shang,wan3 shang5,2,502,t,evening; night; in the evening,,个
为,為,wéi,wei2,2,58,p/v,as (in the capacity of); to take sth as; to act as; to serve as; to behave as; to become; to be; to do; by (in the passive voice),,
问,問,wèn,wen4,2,246,v/g/vn,to ask; to inquire,,
问题,問題,wèn tí,wen4 ti2,2,109,n,question; problem; issue; topic,,个
希望,希望,xī wàng,xi1 wang4,2,182,v/n/vn,to hope; a hope; a wish,,个
洗,洗,xǐ,xi3,2,1298,v,to wash; to bathe; to develop (photographs); to shuffle (cards etc); to erase (a recording),,
西瓜,西瓜,xī guā,xi1 gua1,2,9098,n,watermelon,,颗/个
向,向,xiàng,xiang4,2,165,p/v/g,towards; to face; to turn towards; direction; to support; to side with; shortly before; formerly; always; all along; (suffix) suitable for ...; oriented to ...,,
小时,小時,xiǎo shí,xiao3 shi2,2,389,n/q,hour,,个
笑,笑,xiào,xiao4,2,382,v/vn,to laugh; to smile; to laugh at,,
新,新,xīn,xin1,2,150,a/d/b,new; newly; meso- (chemistry),,
姓,姓,xìng,xing4,2,3576,v/n,family name; surname; to be surnamed,,个
休息,休息,xiū xi,xiu1 xi5,2,1225,v/vn,rest; to rest,,
雪,雪,xuě,xue3,2,1971,n,snow; (literary) to wipe away (a humiliation etc),,场
颜色,顏色,yán sè,yan2 se4,2,1880,n,color; countenance; appearance; facial expression; pigment; dyestuff,,
眼睛,眼睛,yǎn jing,yan3 jing5,2,814,n,eye,,只/双
羊肉,羊肉,yáng ròu,yang2 rou4,2,11336,n,mutton; goat meat,,
药,藥,yào,yao4,2,701,n,"medicine; drug; substance used for a specific purpose (e.g. poisoning, explosion, fermenting); to poison",,种/服/味
要,要,yào,yao4,2,19,v,to want; to need; to ask for; will; shall; about to; need to; should; if (same as 是); (bound form) important,,
也,也,yě,ye3,2,23,d/y/u/b,(adverb) also; both ... and ... (before predicates only); (literary) particle having functions similar to 啊,,
一起,一起,yī qǐ,yi1 qi3,2,172,s/d/nr,in the same place; together; with; altogether (in total),,
已经,已經,yǐ jīng,yi3 jing1,2,85,d,already,,
意思,意思,yì si,yi4 si5,2,988,n/v,"idea; opinion; meaning; wish; desire; interest; fun; token of appreciation, affection etc; to give as a small token; to do sth as a gesture of goodwill etc",,个
因为,因為,yīn wèi,yin1 wei4,2,91,p/c,because; owing to; on account of,,
阴,陰,yīn,yin1,2,4058,a/g/ad/b,overcast (weather); cloudy; shady; Yin (the negative principle of Yin and Yang); negative (electric.); feminine; moon; implicit; hidden; genitalia,,
游泳,游泳,yóu yǒng,you2 yong3,2,3695,v/vn,swimming; to swim,,
右边,右邊,yòu bian,you4 bian5,2,2906,f,"right side; right, to the right",,
鱼,魚,yú,yu2,2,1189,n,fish,,条/尾
元,元,yuán,yuan2,2,744,q/tg,currency unit (esp. Chinese yuan); first; original; primary; fundamental; constituent; part; era (of a reign); meta- (prefix); (math.) argument; variable; (Tw) (geology) eon,,
远,遠,yuǎn,yuan3,2,635,a/ad,far; distant; remote; (intensifier in a comparison) by far; much (lower etc),,
运动,運動,yùn dòng,yun4 dong4,2,1138,vn/n/v,to move; to exercise; sports; exercise; motion; movement; campaign,,场
再,再,zài,zai4,2,91,d/g,"again; once more; re-; second; another; then (after sth, and not until then); no matter how ... (followed by an adjective or verb, and then (usually) 也 or 都 for emphasis)",,
早上,早上,zǎo shang,zao3 shang5,2,1092,t,early morning,,个
张,張,zhāng,zhang1,2,316,q/nr/v/g,"to open up; to spread; sheet of paper; classifier for flat objects, sheet; classifier for votes",,
长,長,zhǎng,zhang3,2,246,a/v/ad/g,chief; head; elder; to grow; to develop; to increase; to enhance,,
丈夫,丈夫,zhàng fu,zhang4 fu5,2,1376,n,husband,,个
找,找,zhǎo,zhao3,2,152,v,to try to find; to look for; to call on sb; to find; to seek; to return; to give change,,
着,著,zháo,zhao2,2,38,u/v/n/q,to touch; to come in contact with; to feel; to be affected by; to catch fire; to burn; (coll.) to fall asleep; (after a verb) hitting the mark; succeeding in,,
真,真,zhēn,zhen1,2,76,d/a/g,really; truly; indeed; real; true; genuine,,
正在,正在,zhèng zài,zheng4 zai4,2,420,d,just at (that time); right in (that place); right in the middle of (doing sth),,
知道,知道,zhī dào,zhi1 dao4,2,105,v,to know; to become aware of; also pr. [zhī dao],,
准备,準備,zhǔn bèi,zhun3 bei4,2,333,v/vn,preparation; to prepare; to intend; to be about to; reserve (fund),,
自行车,自行車,zì xíng chē,zi4 xing2 che1,2,3400,n,bicycle; bike,,辆
走,走,zǒu,zou3,2,109,v,"to walk; to go; to run; to move (of vehicle); to visit; to leave; to go away; to die (euph.); from; through; away (in compound verbs, such as 走); to change (shape, form, meaning)",,
最,最,zuì,zui4,2,89,d/g,most; the most; -est (superlative suffix),,
左边,左邊,zuǒ bian,zuo3 bian5,2,4584,f,left; the left side; to the left of,,
阿姨,阿姨,ā yí,a1 yi2,3,4355,n,maternal aunt; step-mother; childcare worker; nursemaid; woman of similar age to one's parents (term of address used by child),,个
啊,啊,à,a4,3,47,y/e,"interjection or grunt of agreement; uhm; Ah, OK; expression of recognition; Oh, it's you!",,
矮,矮,ǎi,ai3,3,3952,a/v,low; short (in length),,
爱好,愛好,ài hào,ai4 hao4,3,4902,n/v,to like; to be fond of; to take pleasure in; to be keen on; interest; hobby,,个
安静,安靜,ān jìng,an1 jing4,3,2501,a,quiet; peaceful; calm,,
把,把,bǎ,ba3,3,50,p/qv/v/m,"to hold; to grasp; to hold a baby in position to help it urinate or defecate; handlebar; classifier: handful, bundle, bunch; classifier for things with handles; (used to put the object before the verb: 把 + {noun} + {verb})",,
班,班,bān,ban1,3,1238,n/q/nr,team; class; grade; (military) squad; work shift; classifier for groups of people and scheduled transport vehicles,,个
搬,搬,bān,ban1,3,2254,v,to move (i.e. relocate oneself); to move (sth relatively heavy or bulky); to shift; to copy indiscriminately,,
办法,辦法,bàn fǎ,ban4 fa3,3,538,n,means; method; way (of doing sth),,条/个
办公室,辦公室,bàn gōng shì,ban4 gong1 shi4,3,1162,n,office; business premises; bureau,,间
半,半,bàn,ban4,3,727,m,half; semi-; incomplete; (after a number) and a half,,
帮忙,幫忙,bāng máng,bang1 mang2,3,1860,v/vn,to help; to lend a hand; to do a favor; to do a good turn,,
包,包,bāo,bao1,3,755,v/n/q,to cover; to wrap; to hold; to include; to take charge of; to contract (to or for); package; wrapper; container; bag; to hold or embrace; bundle; packet,,个/只
饱,飽,bǎo,bao3,3,4742,a/ad/v,to eat till full; satisfied,,
北方,北方,běi fāng,bei3 fang1,3,4879,s/f,north; the northern part a country; China north of the Yellow River,,
被,被,bèi,bei4,3,54,p/g/d,"quilt; to cover (with); (literary) to suffer (a misfortune); used to indicate passive voice (placed before the doer of the action like ""by"" in English passive-voice sentences, or, if the doer is not mentioned, before the verb); (since c. 2009) (sarcastic or jocular) used to indicate that the following word should be regarded as being in air quotes (as in 被旅游 to ""go on a trip"", for example)",,
鼻子,鼻子,bí zi,bi2 zi5,3,3484,n,nose,,个/只
比较,比較,bǐ jiào,bi3 jiao4,3,607,d/vn/v,to compare; to contrast; comparatively; relatively; quite; comparison,,
比赛,比賽,bǐ sài,bi3 sai4,3,275,vn/v,competition (sports etc); match; to compete,,场/次
必须,必須,bì xū,bi4 xu1,3,241,d,to have to; must; compulsory; necessarily,,
变化,變化,biàn huà,bian4 hua4,3,1262,vn/v,(intransitive) to change; to vary; change; variation,,个
表示,表示,biǎo shì,biao3 shi4,3,854,v/vn,to express; to show; to say; to state; to indicate; to mean,,
表演,表演,biǎo yǎn,biao3 yan3,3,1127,vn/v,play; show; performance; exhibition; to perform; to act; to demonstrate,,场
别人,別人,bié ren,bie2 ren5,3,397,r,other people; others; other person,,
宾馆,賓館,bīn guǎn,bin1 guan3,3,4994,n,guesthouse; lodge; hotel,,个/家
冰箱,冰箱,bīng xiāng,bing1 xiang1,3,4168,n,icebox; freezer cabinet; refrigerator,,台/个
才,才,cái,cai2,3,133,d/c/n,ability; talent; sb of a certain type; a capable individual; then and only then; just now; (before an expression of quantity) only,,
菜单,菜單,cài dān,cai4 dan1,3,7509,n,menu,,份/张
参加,參加,cān jiā,can1 jia1,3,355,v,to participate; to take part; to join,,
草,草,cǎo,cao3,3,2467,n,grass; straw; manuscript; draft (of a document); careless; rough,,棵/撮/株/根
层,層,céng,ceng2,3,1202,qv/n,to pile on top of one another; layer; stratum; floor (of a building); story; (math.) sheaf; classifier for layers,,
差,差,chà,cha4,3,968,a/v/g,different; wrong; mistaken; to fall short; to lack; not up to standard; inferior; Taiwan pr. [chā],,
超市,超市,chāo shì,chao1 shi4,3,4427,n,supermarket (abbr. for 超级市场),,家
衬衫,襯衫,chèn shān,chen4 shan1,3,4988,n,shirt; blouse,,件
成绩,成績,chéng jì,cheng2 ji4,3,1888,n,achievement; performance records; grades,,项/个
城市,城市,chéng shì,cheng2 shi4,3,593,n,city; town,,座
迟到,遲到,chí dào,chi2 dao4,3,3667,v/vn,to arrive late,,
出现,出現,chū xiàn,chu1 xian4,3,323,v/vn,to appear; to arise; to emerge; to show up,,
除了,除了,chú le,chu2 le5,3,638,p,besides; apart from (... also...); in addition to; except (for),,
厨房,廚房,chú fáng,chu2 fang2,3,3076,n,kitchen,,间
春,春,chūn,chun1,3,4065,tg,spring (season); gay; joyful; youthful; love; lust; life,,
词语,詞語,cí yǔ,ci2 yu3,3,10379,n,word (general term including monosyllables through to short phrases); term (e.g. technical term); expression,,
聪明,聰明,cōng ming,cong1 ming5,3,1918,a/an,intelligent; clever; bright; smart; acute (of sight and hearing),,
打扫,打掃,dǎ sǎo,da3 sao3,3,6258,v,to clean; to sweep,,
打算,打算,dǎ suàn,da3 suan4,3,1374,v/n/vn,to plan; to intend; to calculate; plan; intention; calculation,,个
带,帶,dài,dai4,3,177,v,band; belt; girdle; ribbon; tire; area; zone; region; to wear; to carry; to take along; to bear (i.e. to have); to lead; to bring; to look after; to raise,,条
担心,擔心,dān xīn,dan1 xin1,3,277,v/vn,anxious; worried; uneasy; to worry; to be anxious,,
蛋糕,蛋糕,dàn gāo,dan4 gao1,3,2650,n,cake,,块/个
当然,當然,dāng rán,dang1 ran2,3,423,d/b,only natural; as it should be; certainly; of course; without doubt,,
地,地,dì,di4,3,132,u/n,earth; ground; field; place; land,,片
地方,地方,dì fang,di4 fang5,3,254,n,area; place; space; room; territory,,处/个/块
地铁,地鐵,dì tiě,di4 tie3,3,3046,n,underground railway; subway; subway train,,
地图,地圖,dì tú,di4 tu2,3,3548,n,map,,张/本
灯,燈,dēng,deng1,3,2001,n,lamp; light; lantern,,盏
低,低,dī,di1,3,951,a/ad/v,low; beneath; to lower (one's head); to let droop; to hang down; to incline,,
电梯,電梯,diàn tī,dian4 ti1,3,3894,n,elevator; escalator,,台/部
电子,電子,diàn zǐ,dian4 zi3,3,1874,n,electronic; electron (particle physics),,
东,東,dōng,dong1,3,1509,f/b,east; host (i.e. sitting on east side of guest); landlord,,
冬,鼕,dōng,dong1,3,5272,tg,(onom.) beating a drum; rat-a-tat,,
动物,動物,dòng wù,dong4 wu4,3,1438,n,animal,,只/群/个
短,短,duǎn,duan3,3,983,a,short; brief; to lack; weak point; fault,,
段,段,duàn,duan4,3,647,q/g,"paragraph; section; segment; stage (of a process); classifier for stories, periods of time, lengths of thread etc",,
锻炼,鍛鍊,duàn liàn,duan4 lian4,3,3764,v/vn,to toughen; to temper; to engage in physical exercise; to work out; (fig.) to develop one's skills; to train oneself,,
多么,多麼,duō me,duo1 me5,3,1940,d/a,how (wonderful etc); what (a great idea etc); however (difficult it may be etc); (in interrogative sentences) how (much etc); to what extent,,
饿,餓,è,e4,3,1477,v/a,to be hungry; hungry; to starve (sb),,
而且,而且,ér qiě,er2 qie3,3,239,c,(not only ...) but also; moreover; in addition; furthermore,,
耳朵,耳朵,ěr duo,er3 duo5,3,3451,n,ear; handle (on a cup),,只/个/对
发烧,發燒,fā shāo,fa1 shao1,3,5836,v/vn/b,to have a high temperature (from illness); to have a fever,,
发现,發現,fā xiàn,fa1 xian4,3,189,v/vn,to notice; to become aware of; to discover; to find; to detect; a discovery,,
方便,方便,fāng biàn,fang1 bian4,3,2014,v/a/an,convenient; suitable; to facilitate; to make things easy; having money to spare; (euphemism) to relieve oneself,,
放,放,fàng,fang4,3,280,v,to put; to place; to release; to free; to let go; to let out; to set off (fireworks),,
放心,放心,fàng xīn,fang4 xin1,3,2458,v/vn,to feel relieved; to feel reassured; to be at ease,,
分,分,fēn,fen1,3,372,t/qt/v/g/n/d,to divide; to separate; to distribute; to allocate; to distinguish (good and bad); (bound form) branch of (an organization); sub- (as in 局); fraction; one tenth (of certain units); unit of length equivalent to 0.33 cm; minute (unit of time); minute (angular measurement unit); a point (in sports or games); 0.01 yuan (unit of money),,
附近,附近,fù jìn,fu4 jin4,3,1020,f,nearby; neighboring; (in the) vicinity (of); neighborhood,,
复习,復習,fù xí,fu4 xi2,3,6867,v/vn,to review; revision,,次
敢,敢,gǎn,gan3,3,902,v/g,to dare; daring; (polite) may I venture,,
感冒,感冒,gǎn mào,gan3 mao4,3,3621,v/vn,to catch cold; (common) cold; (coll.) to be interested in (often used in the negative); (Tw) to detest; can't stand,,场/次
干净,乾淨,gān jìng,gan1 jing4,3,2430,a/ad,clean; neat,,
刚才,剛才,gāng cái,gang1 cai2,3,1149,t,just now; a moment ago,,
根据,根據,gēn jù,gen1 ju4,3,694,p/n/v,according to; based on; basis; foundation,,个
跟,跟,gēn,gen1,3,135,p/v,heel; to follow closely; to go with; (of a woman) to marry sb; with; compared with; to; towards; and (joining two nouns),,
更,更,gèng,geng4,3,127,d,more; even more; further; still; still more,,
公园,公園,gōng yuán,gong1 yuan2,3,2134,n,park (for public recreation),,个/座
故事,故事,gù shì,gu4 shi4,3,772,n,old practice,,
刮,刮,guā,gua1,3,3910,v,to scrape; to blow; to shave; to plunder; to extort,,
关,關,guān,guan1,3,1129,v/n/nr,"mountain pass; to close; to shut; to turn off; to confine; to lock (sb) up; to shut (sb in a room, a bird in a cage etc); to concern; to involve",,
关系,關係,guān xi,guan1 xi5,3,318,n/v,relation; relationship; to concern; to affect; to have to do with; guanxi,,个
关心,關心,guān xīn,guan1 xin1,3,1190,v/vn,to be concerned about; to care about,,
关于,關於,guān yú,guan1 yu2,3,478,p,pertaining to; concerning; with regard to; about; a matter of,,
国家,國家,guó jiā,guo2 jia1,3,356,n,country; nation; state,,个
果汁,果汁,guǒ zhī,guo3 zhi1,3,7765,n,fruit juice,,
过去,過去,guò qù,guo4 qu4,3,353,v/t,(in the) past; former; previous; to go over; to pass by,,
还是,還是,hái shi,hai2 shi5,3,160,c/d/v,still (as before); had better; unexpectedly; or,,
害怕,害怕,hài pà,hai4 pa4,3,1536,v/vn,to be afraid; to be scared,,
河,河,hé,he2,3,2245,n,river,,条/道
黑板,黑板,hēi bǎn,hei1 ban3,3,15524,n,blackboard,,块/个
护照,護照,hù zhào,hu4 zhao4,3,7152,n,passport,,本/个
花,花,huā,hua1,3,435,v/n/a,"flower; blossom; fancy pattern; florid; to spend (money, time); (coll.) lecherous; lustful",,朵/支/束/把/盆/簇
花园,花園,huā yuán,hua1 yuan2,3,3403,n,garden,,座/个
画,畫,huà,hua4,3,1119,n/v/q,to draw; to paint; picture; painting; to draw (a line) (variant of 划); stroke of a Chinese character (variant of 划); (calligraphy) horizontal stroke (variant of 划),,幅/张
坏,壞,huài,huai4,3,1239,a/v,bad; spoiled; broken; to break down; (suffix) to the utmost,,
环境,環境,huán jìng,huan2 jing4,3,1171,n,environment; circumstances; surroundings; ambient,,个
换,換,huàn,huan4,3,618,v,to exchange; to change (clothes etc); to substitute; to switch; to convert (currency),,
黄,黃,huáng,huang2,3,1809,nr/a/b,yellow; pornographic; to fall through,,
会议,會議,huì yì,hui4 yi4,3,928,n,meeting; conference,,场/届
或者,或者,huò zhě,huo4 zhe3,3,382,c/d,or; possibly; maybe; perhaps,,
机会,機會,jī huì,ji1 hui4,3,393,n,opportunity; chance; occasion,,个
极,極,jí,ji2,3,1404,d/g,"extremely; pole (geography, physics); utmost; top",,
几乎,幾乎,jī hū,ji1 hu1,3,1001,d,almost; nearly; practically,,
记得,記得,jì de,ji4 de5,3,699,v,to remember,,
季节,季節,jì jié,ji4 jie2,3,4724,n,time; season; period,,个
检查,檢查,jiǎn chá,jian3 cha2,3,659,v/vn,inspection; to examine; to inspect,,次
简单,簡單,jiǎn dān,jian3 dan1,3,726,a/ad,simple; not complicated,,
见面,見面,jiàn miàn,jian4 mian4,3,1876,v,to meet; to see each other,,次
健康,健康,jiàn kāng,jian4 kang1,3,952,a/an/ad,health; healthy,,
讲,講,jiǎng,jiang3,3,555,v,to speak; to explain; to negotiate; to emphasize; to be particular about; as far as sth is concerned; speech; lecture,,
角,角,jiǎo,jiao3,3,2370,n/q/g,"angle; corner; horn; horn-shaped; unit of money equal to 0.1 yuan, or 10 cents (a dime)",,个
脚,腳,jiǎo,jiao3,3,1024,n/q,foot; leg (of an animal or an object); base (of an object); classifier for kicks,,双/只
教,教,jiào,jiao4,3,988,v/g,religion; teaching; to make; to cause; to tell,,
接,接,jiē,jie1,3,425,v,to receive; to answer (the phone); to meet or welcome sb; to connect; to catch; to join; to extend; to take one's turn on duty; to take over for sb,,
街道,街道,jiē dào,jie1 dao4,3,3604,n,street; subdistrict; residential district,,条
节目,節目,jié mù,jie2 mu4,3,951,n,program; item (on a program),,台/个/套
节日,節日,jié rì,jie2 ri4,3,3477,n,holiday; festival,,个
结婚,結婚,jié hūn,jie2 hun1,3,982,v/vn,to marry; to get married,,次
结束,結束,jié shù,jie2 shu4,3,498,v/vn,termination; to finish; to end; to conclude; to close,,
解决,解決,jiě jué,jie3 jue2,3,458,v/vn,"to solve; to resolve; to settle (a problem); to eliminate; to wipe out (an enemy, bandits etc)",,
借,借,jiè,jie4,3,1495,v/p,to lend; to borrow; by means of; to take (an opportunity),,
经常,經常,jīng cháng,jing1 chang2,3,940,d/b,frequently; constantly; regularly; often; day-to-day; everyday; daily,,
经过,經過,jīng guò,jing1 guo4,3,867,p/v/n,to pass; to go through; process; course,,个
经理,經理,jīng lǐ,jing1 li3,3,1838,n,manager; director,,个/位/名
久,久,jiǔ,jiu3,3,1103,a/g/ad,(long) time; (long) duration of time,,
旧,舊,jiù,jiu4,3,1787,a/g,old; opposite: new 新; former; worn (with age),,
举行,舉行,jǔ xíng,ju3 xing2,3,1431,v,"to hold (a meeting, ceremony etc)",,
句子,句子,jù zi,ju4 zi5,3,10428,n,sentence,,个
决定,決定,jué dìng,jue2 ding4,3,366,v/n,to decide (to do something); to resolve; decision; certainly,,个/项
可爱,可愛,kě ài,ke3 ai4,3,799,a,adorable; cute; lovely,,
渴,渴,kě,ke3,3,9442,a/v,thirsty,,
刻,刻,kè,ke4,3,3756,v/qt,quarter (hour); moment; to carve; to engrave; to cut; oppressive; classifier for short time intervals,,
客人,客人,kè rén,ke4 ren2,3,2750,n,visitor; guest; customer; client,,位
空调,空調,kōng tiáo,kong1 tiao2,3,4763,n,air conditioning; air conditioner (including units that have a heating mode),,台
口,口,kǒu,kou3,3,637,q/n,"mouth; classifier for things with mouths (people, domestic animals, cannons, wells etc); classifier for bites or mouthfuls",,
哭,哭,kū,ku1,3,898,v,to cry; to weep,,
裤子,褲子,kù zi,ku4 zi5,3,3765,n,trousers; pants,,条
筷子,筷子,kuài zi,kuai4 zi5,3,10486,n,chopsticks,,对/根/把/双
蓝,藍,lán,lan2,3,1615,a/g,blue; indigo plant,,
老,老,lǎo,lao3,3,266,a/d/g,prefix used before the surname of a person or a numeral indicating the order of birth of the children in a family or to indicate affection or familiarity; old (of people); venerable (person); experienced; of long standing; always; all the time; of the past; very; outdated; (of meat etc) tough,,
了解,了解,liǎo jiě,liao3 jie3,3,336,v/vn,to understand; to realize; to find out,,
离开,離開,lí kāi,li2 kai1,3,557,v,to depart; to leave,,
礼物,禮物,lǐ wù,li3 wu4,3,1673,n,gift; present,,件/个/份
历史,歷史,lì shǐ,li4 shi3,3,882,n,history,,门/段
脸,臉,liǎn,lian3,3,629,n/q,face,,张/个
练习,練習,liàn xí,lian4 xi2,3,3084,v/vn,to practice; exercise; drill; practice,,个
辆,輛,liàng,liang4,3,699,q,classifier for vehicles,,
邻居,鄰居,lín jū,lin2 ju1,3,3360,n,neighbor; next door,,个
楼,樓,lóu,lou2,3,765,n,house with more than 1 story; storied building; floor,,层/座/栋
绿,綠,lǜ,lü4,3,2608,a/an,green; (slang) (derived from 绿帽子) to cheat on (one's spouse or boyfriend or girlfriend),,
马,馬,mǎ,ma3,3,605,n/nr/b,horse; horse or cavalry piece in Chinese chess; knight in Western chess,,匹
马上,馬上,mǎ shàng,ma3 shang4,3,847,d/s,at once; right away; immediately; on horseback (i.e. by military force),,
满意,滿意,mǎn yì,man3 yi4,3,1761,v/vn,satisfied; pleased; to one's satisfaction,,
帽子,帽子,mào zi,mao4 zi5,3,3553,n,hat; cap; (fig.) label; bad name,,顶
米,米,mǐ,mi3,3,663,n/q,rice; meter (classifier),,粒
面包,麵包,miàn bāo,mian4 bao1,3,4138,n,bread,,片/袋/块
面条,麵條,miàn tiáo,mian4 tiao2,3,8961,n,noodles,,
明白,明白,míng bai,ming2 bai5,3,676,v/a/an,clear; obvious; unequivocal; to understand; to realize,,
拿,拿,ná,na2,3,287,v,to hold; to seize; to catch; to apprehend; to take; (used in the same way as 把: to mark the following noun as a direct object),,
奶奶,奶奶,nǎi nai,nai3 nai5,3,2809,n,(informal) grandma (paternal grandmother); (respectful) mistress of the house; (coll.) boobies; breasts,,位
南,南,nán,nan2,3,1709,b/f,south,,
难,難,nán,nan2,3,544,ad/a/v/g,difficult (to...); problem; difficulty; difficult; not good,,
难过,難過,nán guò,nan2 guo4,3,2714,a,to feel sad; to feel unwell; (of life) to be difficult,,
年级,年級,nián jí,nian2 ji2,3,7644,n,"grade; year (in school, college etc)",,个
年轻,年輕,nián qīng,nian2 qing1,3,1100,a,young,,
鸟,鳥,niǎo,niao3,3,1593,n,"bird; ""bird"" radical in Chinese characters (Kangxi radical 196); (dialect) to pay attention to; (intensifier) damned; goddamn",,只/群
努力,努力,nǔ lì,nu3 li4,3,505,ad/an/a,to make an effort; to try hard; to strive; hard-working; conscientious,,
爬山,爬山,pá shān,pa2 shan1,3,15470,v/vn,to climb a mountain; to mountaineer; hiking; mountaineering,,
盘子,盤子,pán zi,pan2 zi5,3,9039,n,tray; plate; dish,,个
胖,胖,pán,pan2,3,2396,a,healthy; at ease,,
啤酒,啤酒,pí jiǔ,pi2 jiu3,3,2622,n,beer (loanword),,杯/瓶/罐/桶/缸
葡萄,葡萄,pú tao,pu2 tao5,3,6422,n,grape,,
普通话,普通話,pǔ tōng huà,pu3 tong1 hua4,3,14869,n,Mandarin (common language); Putonghua (common speech of the Chinese language); ordinary speech,,
其实,其實,qí shí,qi2 shi2,3,405,d,actually; in fact; really,,
其他,其他,qí tā,qi2 ta1,3,267,r,other; (sth or sb) else; the rest,,
奇怪,奇怪,qí guài,qi2 guai4,3,1655,v/a,strange; odd; to marvel; to be baffled,,
骑,騎,qí,qi2,3,2231,v,"to sit astride; to ride (a horse, bike etc); classifier for saddle horses",,
铅笔,鉛筆,qiān bǐ,qian1 bi3,3,9108,n,(lead) pencil,,支/枝/杆
清楚,清楚,qīng chu,qing1 chu5,3,766,a/v/ad,clear; distinct; to understand thoroughly; to be clear about,,
秋,秋,qiū,qiu1,3,5603,tg/g,autumn; fall; harvest time,,
裙子,裙子,qún zi,qun2 zi5,3,5466,n,skirt,,条
然后,然後,rán hòu,ran2 hou4,3,275,c,then; after that; afterwards,,
热情,熱情,rè qíng,re4 qing2,3,2149,an/a/ad,cordial; enthusiastic; passion; passionate; passionately,,
认为,認為,rèn wéi,ren4 wei2,3,168,v,to believe; to think; to consider; to feel,,
认真,認真,rèn zhēn,ren4 zhen1,3,1020,a/ad,conscientious; earnest; serious; to take seriously; to take to heart,,
容易,容易,róng yì,rong2 yi4,3,664,a/ad,easy; straightforward; likely; liable to; apt to,,
如果,如果,rú guǒ,ru2 guo3,3,89,c/v,if; in case; in the event that,,
伞,傘,sǎn,san3,3,6101,n,umbrella; parasol,,把
上网,上網,shàng wǎng,shang4 wang3,3,4061,v/vn,"to go online; to connect to the Internet; (of a document etc) to be uploaded to the Internet; (tennis, volleyball etc) to move in close to the net",,
生气,生氣,shēng qì,sheng1 qi4,3,2113,a/n/v/an,to get angry; to take offense; angry; vitality; liveliness,,
声音,聲音,shēng yīn,sheng1 yin1,3,841,n,voice; sound,,个
使,使,shǐ,shi3,3,400,v,to make; to cause; to enable; to use; to employ; to send; to instruct sb to do sth; envoy; messenger,,
世界,世界,shì jiè,shi4 jie4,3,238,n,world,,个
瘦,瘦,shòu,shou4,3,2595,a,thin; to lose weight; (of clothing) tight; (of meat) lean; (of land) unproductive,,
叔叔,叔叔,shū shu,shu1 shu5,3,3510,n,father's younger brother; uncle; Taiwan pr. [shú shu],,个
舒服,舒服,shū fu,shu1 fu5,3,2343,a,comfortable; feeling well,,
树,樹,shù,shu4,3,1481,n/v,tree; to cultivate; to set up,,棵
数学,數學,shù xué,shu4 xue2,3,3024,n,mathematics; mathematical,,
刷,刷,shuā,shua1,3,3060,v/o,to brush; to paint; to daub; to paste up; to skip class (of students); to fire from a job,,
双,雙,shuāng,shuang1,3,642,m/q,two; double; pair; both; even (number),,
水平,水平,shuǐ píng,shui3 ping2,3,1490,n,level (of achievement etc); standard; horizontal,,
司机,司機,sī jī,si1 ji1,3,1804,n,chauffeur; driver,,
虽然,雖然,suī rán,sui1 ran2,3,440,c,although; even though (often used correlatively with 是 or 是 etc),,
太阳,太陽,tài yang,tai4 yang5,3,2001,n,sun; abbr. for 太阳穴,,个
糖,糖,táng,tang2,3,2036,n,sugar; sweets; candy,,颗/块
特别,特別,tè bié,te4 bie2,3,541,d/a,unusual; special; very; especially; particularly; expressly; for a specific purpose; (often followed by 是) in particular,,
疼,疼,téng,teng2,3,1641,v/a,(it) hurts; sore; to love dearly,,
提高,提高,tí gāo,ti2 gao1,3,1724,v/vn,to raise; to increase; to improve,,
体育,體育,tǐ yù,ti3 yu4,3,2354,n,sports; physical education,,
甜,甜,tián,tian2,3,2472,a,sweet,,
条,條,tiáo,tiao2,3,277,q,"strip; item; article; clause (of law or treaty); classifier for long thin things (ribbon, river, road, trousers etc)",,
同事,同事,tóng shì,tong2 shi4,3,2337,n,colleague; co-worker,,个/位
同意,同意,tóng yì,tong2 yi4,3,985,v/vn,to agree; to consent; to approve,,
头发,頭髮,tóu fa,tou2 fa5,3,1533,n,hair (on the head),,
突然,突然,tū rán,tu1 ran2,3,644,ad/a,sudden; abrupt; unexpected,,
图书馆,圖書館,tú shū guǎn,tu2 shu1 guan3,3,3836,n,library,,家/个
腿,腿,tuǐ,tui3,3,1216,n,leg,,条
完成,完成,wán chéng,wan2 cheng2,3,486,v/vn,to complete; to accomplish,,
碗,碗,wǎn,wan3,3,2866,n/q,bowl; cup,,只/个
万,萬,wàn,wan4,3,557,m/t,ten thousand; a great number,,
忘记,忘記,wàng jì,wang4 ji4,3,1335,v,to forget,,
为了,為了,wèi le,wei4 le5,3,229,p/v,for; for the purpose of; in order to,,
为什么,為什麼,wèi shén me,wei4 shen2 me5,3,299,r,why?; for what reason?,,
位,位,wèi,wei4,3,177,q/g,position; location; place; seat; classifier for people (honorific); classifier for binary bits (e.g. 十六位 16-bit or 2 bytes); (physics) potential,,
文化,文化,wén huà,wen2 hua4,3,1632,n,culture; civilization; cultural,,个/种
习惯,習慣,xí guàn,xi2 guan4,3,1251,n/v,habit; custom; usual practice; to be used to,,个
洗手间,洗手間,xǐ shǒu jiān,xi3 shou3 jian1,3,9674,n,toilet; lavatory; washroom,,
洗澡,洗澡,xǐ zǎo,xi3 zao3,3,3512,v/vn,to bathe; to take a shower,,
西,西,xī,xi1,3,958,f/b,west,,
夏,夏,xià,xia4,3,3828,tg/g/nr,summer,,
先,先,xiān,xian1,3,306,d/g,early; prior; former; in advance; first,,
相同,相同,xiāng tóng,xiang1 tong2,3,2110,a,identical; same,,
相信,相信,xiāng xìn,xiang1 xin4,3,431,v,to be convinced (that sth is true); to believe; to accept sth as true,,
香蕉,香蕉,xiāng jiāo,xiang1 jiao1,3,5473,n,banana,,枝/根/个/把
像,像,xiàng,xiang4,3,151,v/p/n/d,to resemble; to be like; to look as if; such as; appearance; image; portrait; image under a mapping (math.),,
小心,小心,xiǎo xīn,xiao3 xin1,3,1411,a/v/ad,to be careful; to take care,,
校长,校長,xiào zhǎng,xiao4 zhang3,3,3365,n,"(college, university) president; headmaster",,个/位/名
鞋,鞋,xié,xie2,3,1249,n,shoe,,双/只
新闻,新聞,xīn wén,xin1 wen2,3,805,n,news,,条/个
新鲜,新鮮,xīn xiān,xin1 xian1,3,2651,a,"fresh (experience, food etc); freshness; novel; uncommon",,
信,信,xìn,xin4,3,419,n/v,letter; mail; to trust; to believe; to profess faith in; truthful; confidence; trust; at will; at random,,封
行李箱,行李箱,xíng li xiāng,xing2 li5 xiang1,3,16680,n,suitcase; baggage compartment; overhead bin; (car) trunk; boot,,
兴趣,興趣,xìng qù,xing4 qu4,3,1847,n,interest (desire to know about sth); interest (thing in which one is interested); hobby,,个
熊猫,熊貓,xióng māo,xiong2 mao1,3,7123,n/nz,panda,,只
需要,需要,xū yào,xu1 yao4,3,131,v/n/vn,to need; to want; to demand; to require; needs,,
选择,選擇,xuǎn zé,xuan3 ze2,3,373,v/vn,to select; to pick; choice; option; alternative,,
眼镜,眼鏡,yǎn jìng,yan3 jing4,3,3998,n,spectacles; eyeglasses,,副
要求,要求,yāo qiú,yao1 qiu2,3,409,v/n,to request; to require; requirement; to stake a claim; to ask; to demand,,点
爷爷,爺爺,yé ye,ye2 ye5,3,3099,n,(coll.) father's father; paternal grandfather,,个
一般,一般,yī bān,yi1 ban1,3,798,a/ad/u,same; ordinary; so-so; common; general; generally; in general,,
一边,一邊,yī biān,yi1 bian1,3,1241,d/f,one side; either side; on the one hand; on the other hand; doing while,,
一定,一定,yī dìng,yi1 ding4,3,198,d/b,surely; certainly; necessarily; fixed; a certain (extent etc); given; particular; must,,
一共,一共,yī gòng,yi1 gong4,3,4765,d,altogether,,
一会儿,一會兒,yī huì r,yi1 hui4 r5,3,2207,mq,a moment; a while; in a moment; now...now...; also pr. [yī huǐ r],,
一样,一樣,yī yàng,yi1 yang4,3,235,u/a/ad,same; like; equal to; the same as; just like,,
一直,一直,yī zhí,yi1 zhi2,3,203,d,straight (in a straight line); continuously; always; all the way through,,
以后,以後,yǐ hòu,yi3 hou4,3,407,f,after; later; afterwards; following; later on; in the future,,
以前,以前,yǐ qián,yi3 qian2,3,524,f,before; formerly; previous; ago,,
以为,以為,yǐ wéi,yi3 wei2,3,567,v,to think (i.e. to take it to be true that ...) (Usually there is an implication that the notion is mistaken – except when expressing one's own current opinion.),,
音乐,音樂,yīn yuè,yin1 yue4,3,742,n,music,,张/曲/段
银行,銀行,yín háng,yin2 hang2,3,769,n,bank,,家/个
应该,應該,yīng gāi,ying1 gai1,3,174,v,ought to; should; must,,
影响,影響,yǐng xiǎng,ying3 xiang3,3,598,v/vn,influence; effect; to influence; to affect (usually adversely); to disturb,,股
用,用,yòng,yong4,3,79,v/p/g,to use; to employ; to have to; to eat or drink; expense or outlay; usefulness; hence; therefore,,
游戏,遊戲,yóu xì,you2 xi4,3,603,n/v,game; to play,,场
有名,有名,yǒu míng,you3 ming2,3,6219,a,famous; well-known,,
又,又,yòu,you4,3,91,d/c,(once) again; also; both... and...; and yet; (used for emphasis) anyway,,
遇到,遇到,yù dào,yu4 dao4,3,1063,v,to meet; to run into; to come across,,
愿意,願意,yuàn yì,yuan4 yi4,3,738,v,to wish; to want; ready; willing (to do sth),,
月亮,月亮,yuè liang,yue4 liang5,3,4781,n,the moon,,
越,越,yuè,yue4,3,574,d/g/b,to exceed; to climb over; to surpass; the more... the more,,
云,云,yún,yun2,3,3335,n/g/b,(classical) to say,,
站,站,zhàn,zhan4,3,399,v/n/q,station; to stand; to halt; to stop; branch of a company or organization; website,,
照顾,照顧,zhào gu,zhao4 gu5,3,1631,v/vn,to take care of; to show consideration; to attend to; to look after,,
照片,照片,zhào piàn,zhao4 pian4,3,766,n,photograph; picture,,张/套/幅
照相机,照相機,zhào xiàng jī,zhao4 xiang4 ji1,3,10452,n,camera,,个/架/部/台/只
着急,著急,zháo jí,zhao2 ji2,3,4461,a/ad,to worry; to feel anxious; to feel a sense of urgency; to be in a hurry; Taiwan pr. [zhāo jí],,
只,只,zhǐ,zhi3,3,98,d/q,only; merely; just; but,,
中间,中間,zhōng jiān,zhong1 jian1,3,1889,f,the middle; the inside; in the middle; within; between; among; during; in the meantime,,
终于,終於,zhōng yú,zhong1 yu2,3,625,d,at last; in the end; finally; eventually,,
种,種,zhǒng,zhong3,3,179,q/v/g,"seed; species; kind; type; classifier for types, kinds, sorts",,
重要,重要,zhòng yào,zhong4 yao4,3,240,a,important; significant; major,,
周末,週末,zhōu mò,zhou1 mo4,3,1269,t,weekend,,
主要,主要,zhǔ yào,zhu3 yao4,3,1031,b/d,main; principal; major; primary,,
注意,注意,zhù yì,zhu4 yi4,3,547,v/vn,to take note of; to pay attention to,,
祝,祝,zhù,zhu4,3,1197,v/nr,"to pray for; to wish (sb bon voyage, happy birthday etc); person who invokes the spirits during sacrificial ceremonies",,
字典,字典,zì diǎn,zi4 dian3,3,13961,n,"Chinese character dictionary (containing entries for single characters, contrasted with a 词典, which has entries for words of one or more characters); (coll.) dictionary",,本
自己,自己,zì jǐ,zi4 ji3,3,56,r/v,oneself; one's own,,
总是,總是,zǒng shì,zong3 shi4,3,638,d/v,always,,
最近,最近,zuì jìn,zui4 jin4,3,612,t,recently; soon; nearest,,
作业,作業,zuò yè,zuo4 ye4,3,2574,n/v/vn,school assignment; homework; work; task; operation; to operate,,个
作用,作用,zuò yòng,zuo4 yong4,3,955,n/v,"to act on; to affect; action; function; activity; impact; result; effect; purpose; intent; (suffix) -ation, -tion etc, as in 用, inhibition",,
爱情,愛情,ài qíng,ai4 qing2,4,1164,n,romance; love (romantic),,份
安排,安排,ān pái,an1 pai2,4,900,v/vn,to arrange; to plan; to set up; arrangements; plans,,
安全,安全,ān quán,an1 quan2,4,364,an/a/ad/n,safe; secure; safety; security,,
按时,按時,àn shí,an4 shi2,4,7233,d,on time; before deadline; on schedule,,
按照,按照,àn zhào,an4 zhao4,4,1378,p/v,according to; in accordance with; in the light of; on the basis of,,
暗,暗,àn,an4,4,2594,a/ad,dark; to turn dark; secret; hidden; (literary) confused; ignorant,,
包括,包括,bāo kuò,bao1 kuo4,4,788,v,to comprise; to include; to involve; to incorporate; to consist of,,
保护,保護,bǎo hù,bao3 hu4,4,536,v/vn,to protect; to defend; to safeguard; protection,,种
保证,保證,bǎo zhèng,bao3 zheng4,4,586,v/vn,guarantee; to guarantee; to ensure; to safeguard; to pledge,,个
报道,報道,bào dào,bao4 dao4,4,886,v/n/vn,to report (news); report,,篇/份
报名,報名,bào míng,bao4 ming2,4,4602,v/vn,to sign up; to enter one's name; to apply; to register; to enroll; to enlist,,
抱,抱,bào,bao4,4,1238,v,to hold; to carry (in one's arms); to hug; to embrace; to surround; to cherish; (coll.) (of clothes) to fit nicely,,
抱歉,抱歉,bào qiàn,bao4 qian4,4,4909,a/an/ad,to be sorry; to feel apologetic; sorry!,,
倍,倍,bèi,bei4,4,1396,q/d,"(two, three etc) -fold; times (multiplier); double; to increase or multiply",,
本来,本來,běn lái,ben3 lai2,4,1093,d/b,original; originally; at first; it goes without saying; of course,,
笨,笨,bèn,ben4,4,3806,a/an,stupid; foolish; silly; slow-witted; clumsy,,
笔记本,筆記本,bǐ jì běn,bi3 ji4 ben3,4,3935,n,notebook (stationery); notebook (computing),,本
毕业,畢業,bì yè,bi4 ye4,4,1755,v/vn,graduation; to graduate; to finish school,,
遍,遍,biàn,bian4,4,1358,qv/v/d/a,everywhere; all over; classifier for actions: one time,,
标准,標準,biāo zhǔn,biao1 zhun3,4,1317,n/a,standard; norm; criterion; (adjective) standard; good; correct; conforming to a standard,,
表达,表達,biǎo dá,biao3 da2,4,1660,v/vn,to express; to convey,,
表格,表格,biǎo gé,biao3 ge2,4,8961,n,form; table,,张/份
表扬,表揚,biǎo yáng,biao3 yang2,4,9042,v/vn,to praise; to commend,,
饼干,餅乾,bǐng gān,bing3 gan1,4,6412,n,biscuit; cracker; cookie,,片/块
并且,並且,bìng qiě,bing4 qie3,4,827,c,and; besides; moreover; furthermore; in addition,,
博士,博士,bó shì,bo2 shi4,4,2425,n,doctor; court academician (in feudal China); Ph.D.,,
不但,不但,bù dàn,bu4 dan4,4,4161,c,not only (... but also ...),,
不得不,不得不,bù dé bù,bu4 de2 bu4,4,1606,d,have no choice or option but to; cannot but; have to; can't help it; can't avoid,,
不管,不管,bù guǎn,bu4 guan3,4,854,c/v,not to be concerned; regardless of; no matter,,
不过,不過,bù guò,bu4 guo4,4,216,c/d/u,only; merely; no more than; but; however; anyway (to get back to a previous topic); cannot be more (after adjectival),,
不仅,不僅,bù jǐn,bu4 jin3,4,1467,c,"not just; not limited to; (as a correlative conjunction) not only (..., but also ...)",,
部分,部分,bù fen,bu4 fen5,4,513,n/m,part; share; section; piece,,个
擦,擦,cā,ca1,4,1952,v,"to rub; to scratch; to towel; to wipe with a towel; to apply (lipstick, lotion etc); to touch; to brush (past); to shred (vegetables etc)",,
猜,猜,cāi,cai1,4,2168,v,to guess,,
材料,材料,cái liào,cai2 liao4,4,2069,n,(raw) material; data; (fig.) person who has the potential to do the job,,
参观,參觀,cān guān,can1 guan1,4,3793,v/vn,to look around; to tour; to visit,,
差不多,差不多,chà bu duō,cha4 bu5 duo1,4,2024,l,almost; nearly; more or less; about the same; good enough; not bad,,
尝,嘗,cháng,chang2,4,3212,v,to taste; to try (food); to experience; (literary) ever; once,,
场,場,chǎng,chang3,4,286,qv/g,large place used for a specific purpose; stage; scene (of a play); classifier for sporting or recreational activities; classifier for number of exams,,
超过,超過,chāo guò,chao1 guo4,4,1048,v,to surpass; to exceed; to outstrip,,
吵,吵,chǎo,chao3,4,2738,v,to quarrel; to make a noise; noisy; to disturb by making a noise,,
成功,成功,chéng gōng,cheng2 gong1,4,476,a/an/ad,success; to succeed,,次/个
成熟,成熟,chéng shú,cheng2 shu2,4,1955,a/an,mature; ripe; to mature; to ripen; Taiwan pr. [chéng shóu],,
成为,成為,chéng wéi,cheng2 wei2,4,267,v,to become; to turn into,,
诚实,誠實,chéng shí,cheng2 shi2,4,5528,a/ad/an,honest,,
乘坐,乘坐,chéng zuò,cheng2 zuo4,4,5499,v,to ride (in a vehicle),,
吃惊,吃驚,chī jīng,chi1 jing1,4,4518,a,to be startled; to be shocked; to be amazed,,
抽烟,抽煙,chōu yān,chou1 yan1,4,5335,v,"to smoke (a cigarette, tobacco)",,
出差,出差,chū chāi,chu1 chai1,4,7087,v/vn,to go on an official or business trip,,
出发,出發,chū fā,chu1 fa1,4,1714,v,to set off; to start (on a journey),,
出生,出生,chū shēng,chu1 sheng1,4,2112,v/vn,to be born,,
传真,傳真,chuán zhēn,chuan2 zhen1,4,6784,n/v,fax; facsimile,,
窗户,窗戶,chuāng hu,chuang1 hu5,4,4130,n,window,,个/扇
词典,詞典,cí diǎn,ci2 dian3,4,18663,n,dictionary; also written 辞典,,部/本
从来,從來,cóng lái,cong2 lai2,4,1222,d,always; at all times; never (if used in negative sentence),,
粗心,粗心,cū xīn,cu1 xin1,4,21668,a/an,careless; thoughtless,,
答案,答案,dá àn,da2 an4,4,1912,n,answer; solution,,个
打扮,打扮,dǎ ban,da3 ban5,4,4394,v/n,to decorate; to dress; to make up; to adorn; manner of dressing; style of dress,,
打扰,打擾,dǎ rǎo,da3 rao3,4,4800,v,to disturb; to bother; to trouble,,
打印,打印,dǎ yìn,da3 yin4,4,8233,v/vn,to affix a seal; to stamp; to print out (with a printer),,
打折,打折,dǎ zhé,da3 zhe2,4,10290,v/vn,to give a discount,,
打针,打針,dǎ zhēn,da3 zhen1,4,13196,v,to give or have an injection,,
大夫,大夫,dài fu,dai4 fu5,4,6248,n,doctor; physician,,
大概,大概,dà gài,da4 gai4,4,1611,d/n,roughly; probably; rough; approximate; about; general idea,,
大使馆,大使館,dà shǐ guǎn,da4 shi3 guan3,4,11530,n,embassy,,座/个
大约,大約,dà yuē,da4 yue1,4,2186,d,approximately; probably,,
代表,代表,dài biǎo,dai4 biao3,4,644,n/v,representative; delegate; to represent; to stand for; on behalf of; in the name of,,位/个/名
代替,代替,dài tì,dai4 ti4,4,4167,v,to replace; to take the place of,,
戴,戴,dài,dai4,4,1802,v/nr,"to put on or wear (glasses, hat, gloves etc); to respect; to bear; to support",,
弹,彈,tán,tan2,4,2520,v/g/vn,to pluck (a string); to play (a string instrument); to spring or leap; to shoot (e.g. with a catapult); (of cotton) to fluff or tease; to flick; to flip; to accuse; to impeach; elastic (of materials),,
当,當,dāng,dang1,4,155,p/v,to be; to act as; manage; withstand; when; during; ought; should; match equally; equal; same; obstruct; just at (a time or place); on the spot; right; just at,,
当地,當地,dāng dì,dang1 di4,4,1609,s,local,,
当时,當時,dāng shí,dang1 shi2,4,505,t,then; at that time; while,,
刀,刀,dāo,dao1,4,1285,n/q,knife; blade; single-edged sword; cutlass; (slang) dollar (loanword); classifier for sets of one hundred sheets (of paper); classifier for knife cuts or stabs,,把
导游,導遊,dǎo yóu,dao3 you2,4,10258,n,tour guide; guidebook; to conduct a tour,,
到处,到處,dào chù,dao4 chu4,4,2171,d,everywhere,,
到底,到底,dào dǐ,dao4 di3,4,741,d/v,finally; in the end; when all is said and done; after all; to the end; to the last,,
道歉,道歉,dào qiàn,dao4 qian4,4,3168,v/vn,to apologize,,
地球,地球,dì qiú,di4 qiu2,4,1971,n,the earth,,个
地址,地址,dì zhǐ,di4 zhi3,4,1067,n,address,,个
得意,得意,dé yì,de2 yi4,4,6279,a/an,proud of oneself; pleased with oneself; complacent,,
等,等,děng,deng3,4,83,v/u,class; rank; grade; equal to; same as; to wait for; to await; et cetera; and so on; et al. (and other authors); after; as soon as; once,,
底,底,dǐ,di3,4,849,f/n,"background; bottom; base; end (of the month, year etc); remnants; (math.) radix; base",,
调查,調查,diào chá,diao4 cha2,4,512,v/vn,investigation; inquiry; to investigate; to survey; survey; (opinion) poll,,项/个
掉,掉,diào,diao4,4,549,v,"to fall; to drop; to lag behind; to lose; to go missing; to reduce; fall (in prices); to lose (value, weight etc); to wag; to swing; to turn; to change; to exchange; to swap; to show off; to shed (hair); (used after certain verbs to express completion, fulfillment, removal etc)",,
丢,丟,diū,diu1,4,1655,v,to lose; to put aside; to throw,,
动作,動作,dòng zuò,dong4 zuo4,4,1418,n/v,movement; motion; action; to act; to move,,个
堵车,堵車,dǔ chē,du3 che1,4,10563,v/vn,traffic jam; (of traffic) to get congested,,
肚子,肚子,dù zi,du4 zi5,4,2763,n/q,belly; abdomen; stomach,,个
断,斷,duàn,duan4,4,1707,v/vn,to break; to snap; to cut off; to give up or abstain from sth; to judge; (usu. used in the negative) absolutely; definitely; decidedly,,
对,對,duì,dui4,4,28,p/v/q/a,right; correct; towards; at; for; concerning; regarding; to treat (sb a certain way); to face; (bound form) opposite; facing; matching; to match together; to adjust; to fit; to suit; to answer; to reply; to add; to pour in (a fluid); to check; to compare; classifier: couple; pair,,
对话,對話,duì huà,dui4 hua4,4,3221,vn/v,to talk (with sb); dialogue; conversation,,
对面,對面,duì miàn,dui4 mian4,4,3939,f/n/v,(sitting) opposite; across (the street); directly in front; to be face to face,,
顿,頓,dùn,dun4,4,1617,qv/g,"to stop; to pause; to arrange; to lay out; to kowtow; to stamp (one's foot); at once; classifier for meals, beatings, scoldings etc: time, bout, spell, meal",,
朵,朵,duǒ,duo3,4,4920,q/g,"flower; earlobe; fig. item on both sides; classifier for flowers, clouds etc",,
儿童,兒童,ér tóng,er2 tong2,4,1692,n,child,,个
而,而,ér,er2,4,75,cc/u,and; as well as; and so; but (not); yet (not); (indicates causal relation); (indicates change of state); (indicates contrast),,
发,發,fā,fa1,4,400,v/q,to send out; to show (one's feeling); to issue; to develop; to make a bundle of money; classifier for gunshots (rounds),,
发生,發生,fā shēng,fa1 sheng1,4,211,v/vn,to happen; to occur; to take place; to break out,,
发展,發展,fā zhǎn,fa1 zhan3,4,859,v/vn,development; growth; to develop; to grow; to expand,,
法律,法律,fǎ lǜ,fa3 lü4,4,816,n,law,,条/ 套/个
翻译,翻譯,fān yì,fan1 yi4,4,4025,,to translate; to interpret; translator; interpreter; translation; interpretation,,个/位/名
烦恼,煩惱,fán nǎo,fan2 nao3,4,4038,an/a,to be worried; to be distressed; worries,,
反对,反對,fǎn duì,fan3 dui4,4,1381,v/vn,to oppose; to be against; to object to,,
反映,反映,fǎn yìng,fan3 ying4,4,3914,v/vn,to mirror; to reflect; mirror image; reflection; (fig.) to report; to make known; to render,,
范围,範圍,fàn wéi,fan4 wei2,4,1325,n,range; scope; limit; extent,,个
方法,方法,fāng fǎ,fang1 fa3,4,577,n,method; way; means,,个
方面,方面,fāng miàn,fang1 mian4,4,601,n,respect; aspect; field; side,,个
方向,方向,fāng xiàng,fang1 xiang4,4,1183,n,direction; orientation,,个
访问,訪問,fǎng wèn,fang3 wen4,4,3182,v/vn,to visit; to call on; to interview,,次
放弃,放棄,fàng qì,fang4 qi4,4,994,v,to renounce; to abandon; to give up,,
放暑假,放暑假,fàng shǔ jià,fang4 shu3 jia4,4,1000000,,to be on summer vacation,,
分之,分之,fēn zhī,fen1 zhi1,4,42376,m,(indicating a fraction),,
份,份,fèn,fen4,4,608,q,"classifier for gifts, newspaper, magazine, papers, reports, contracts etc; variant of 分",,
丰富,豐富,fēng fù,feng1 fu4,4,2739,a/v,to enrich; rich; plentiful; abundant,,
风景,風景,fēng jǐng,feng1 jing3,4,4068,n,scenery; landscape,,个
否则,否則,fǒu zé,fou3 ze2,4,1416,c,otherwise; if not; or (else),,
符合,符合,fú hé,fu2 he2,4,1870,v,in keeping with; in accordance with; tallying with; in line with; to agree with; to accord with; to conform to; to correspond with; to manage; to handle,,
父亲,父親,fù qīn,fu4 qin1,4,817,n,father; also pr. [fù qin],,个
负责,負責,fù zé,fu4 ze2,4,876,v/vn/a,to be in charge of; to take responsibility for; to be to blame; conscientious,,
复印,複印,fù yìn,fu4 yin4,4,14608,v/vn,to photocopy; to duplicate a document,,
复杂,複雜,fù zá,fu4 za2,4,1657,a,complicated; complex,,
富,富,fù,fu4,4,3016,g/a,rich; abundant; wealthy,,
改变,改變,gǎi biàn,gai3 bian4,4,551,v/vn,to change; to alter; to transform,,
感动,感動,gǎn dòng,gan3 dong4,4,2676,v/a/vn/an,to move (sb); to touch (sb emotionally); moving,,
感觉,感覺,gǎn jué,gan3 jue2,4,274,n/v,feeling; impression; sensation; to feel; to perceive,,
感情,感情,gǎn qíng,gan3 qing2,4,1257,n,emotion; sentiment; affection; feelings between two persons,,个/种
感谢,感謝,gǎn xiè,gan3 xie4,4,749,v/vn,(express) thanks; gratitude; grateful; thankful; thanks,,
干,幹,gàn,gan4,4,463,v/a,tree trunk; main part of sth; to manage; to work; to do; capable; cadre; to kill (slang); to fuck (vulgar); (coll.) pissed off; annoyed,,
干杯,乾杯,gān bēi,gan1 bei1,4,14023,v,to drink a toast; Cheers! (proposing a toast); Here's to you!; Bottoms up!; lit. dry cup,,
干燥,乾燥,gān zào,gan1 zao4,4,8013,a/an/ad,"to dry (of weather, paint, cement etc); desiccation; dull; uninteresting; arid",,
刚刚,剛剛,gāng gang,gang1 gang5,4,719,d,just recently; just a moment ago,,
高级,高級,gāo jí,gao1 ji2,4,2221,a,high level; high grade; advanced; high-ranking,,
个子,個子,gè zi,ge4 zi5,4,10888,n,height; stature; build; size,,
各,各,gè,ge4,4,1022,r,each; every,,
工具,工具,gōng jù,gong1 ju4,4,2299,n,tool; instrument; utensil; means (to achieve a goal etc),,
工资,工資,gōng zī,gong1 zi1,4,2532,n,wages; pay,,个/份
公里,公里,gōng lǐ,gong1 li3,4,2531,q/n,kilometer,,
共同,共同,gòng tóng,gong4 tong2,4,1623,d/b,common; joint; jointly; together; collaborative,,
购物,購物,gòu wù,gou4 wu4,4,2912,v/vn,shopping,,
够,夠,gòu,gou4,4,1173,v/d,enough (sufficient); enough (too much); (coll.) (before adj.) really; (coll.) to reach by stretching out,,
估计,估計,gū jì,gu1 ji4,4,1586,v/vn,to estimate; to reckon; (coll.) to suppose,,个
孤单,孤單,gū dān,gu1 dan1,4,3459,a/an,lone; lonely; loneliness,,
鼓励,鼓勵,gǔ lì,gu3 li4,4,2649,v/vn,to encourage,,
鼓掌,鼓掌,gǔ zhǎng,gu3 zhang3,4,6623,v,to applaud; to clap,,
故意,故意,gù yì,gu4 yi4,4,2426,d/b,deliberately; on purpose,,
顾客,顧客,gù kè,gu4 ke4,4,2706,n,customer; client,,位
挂,掛,guà,gua4,4,1092,v/q,to hang or suspend (from a hook etc); to hang up (the phone); (of a line) to be dead; to be worried or concerned; to make a phone call (dialect); to register or record; classifier for sets or clusters of objects; (slang) to kill; to die; to be finished; to fail (an exam),,
关键,關鍵,guān jiàn,guan1 jian4,4,1131,n/a,crucial point; crux; key; crucial; pivotal,,个
观众,觀眾,guān zhòng,guan1 zhong4,4,1260,n,spectators; audience; visitors (to an exhibition etc),,
管理,管理,guǎn lǐ,guan3 li3,4,1202,vn/v,to supervise; to manage; to administer; management; administration,,个
光,光,guāng,guang1,4,800,n/d/v/a,light; ray; bright; shiny; only; merely; used up; finished; to leave (a part of the body) uncovered,,道
广播,廣播,guǎng bō,guang3 bo1,4,3320,vn/n/v,broadcast; broadcasting; to broadcast; (formal) to propagate; to publicize,,个
广告,廣告,guǎng gào,guang3 gao4,4,1122,n,to advertise; a commercial; advertisement,,项
逛,逛,guàng,guang4,4,4709,v,to stroll; to visit,,
规定,規定,guī dìng,gui1 ding4,4,1151,n/v,to stipulate; to specify; to prescribe; to fix (a price); to set (a quota); regulations; rules; provisions; stipulations,,
国际,國際,guó jì,guo2 ji4,4,1262,n,international,,
果然,果然,guǒ rán,guo3 ran2,4,3104,d/c,really; sure enough; as expected; if indeed,,
过,過,guò,guo4,4,60,u/v/d/g,to cross; to go over; to pass (time); to celebrate (a holiday); to live; to get along; excessively; too-,,
过程,過程,guò chéng,guo4 cheng2,4,1002,n,course of events; process,,个
咳嗽,咳嗽,ké sou,ke2 sou5,4,7020,v,to cough,,阵
海洋,海洋,hǎi yáng,hai3 yang2,4,4121,n,ocean,,个
害羞,害羞,hài xiū,hai4 xiu1,4,6831,a,shy; embarrassed; bashful,,
寒假,寒假,hán jià,han2 jia4,4,21410,t,winter vacation,,
汗,汗,hàn,han4,4,4310,n,"perspiration; sweat; to be speechless (out of helplessness, embarrassment etc) (Internet slang used as an interjection)",,滴/头/身
航班,航班,háng bān,hang2 ban1,4,3730,n,(scheduled) flight; (scheduled) sailing,,
好处,好處,hǎo chu,hao3 chu5,4,2534,n,benefit; advantage; merit; gain; profit; also pr. [hǎo chù],,
好像,好像,hǎo xiàng,hao3 xiang4,4,738,v,as if; to seem like,,
号码,號碼,hào mǎ,hao4 ma3,4,2110,n,number,,堆/个
合格,合格,hé gé,he2 ge2,4,5048,v/vn,to meet the standard required; qualified; eligible (voter etc),,
合适,合適,hé shì,he2 shi4,4,2104,a,suitable; fitting; appropriate,,
盒子,盒子,hé zi,he2 zi5,4,6250,n,box; case,,
猴子,猴子,hóu zi,hou2 zi5,4,5675,n,monkey,,只
后悔,後悔,hòu huǐ,hou4 hui3,4,2667,v/vn/a,to regret; to feel remorse,,
后来,後來,hòu lái,hou4 lai2,4,1055,t,afterwards; later; newly arrived,,
厚,厚,hòu,hou4,4,3759,a,thick; deep or profound; kind; generous; rich or strong in flavor; to favor; to stress,,
忽然,忽然,hū rán,hu1 ran2,4,4518,d,suddenly; all of a sudden,,
互相,互相,hù xiāng,hu4 xiang1,4,2091,d/b,each other; mutually; mutual,,
护士,護士,hù shi,hu4 shi5,4,3782,n,nurse,,个
怀疑,懷疑,huái yí,huai2 yi2,4,1763,v/vn,to doubt (sth); to be skeptical of; to have one's doubts; to harbor suspicions; to suspect that,,
回忆,回憶,huí yì,hui2 yi4,4,2055,v/vn,to recall; memories,,个
活动,活動,huó dòng,huo2 dong4,4,605,vn/v,to exercise; to move about; to operate; to use connections (personal influence); loose; shaky; active; movable; activity; campaign; maneuver; behavior,,项/个
活泼,活潑,huó po,huo2 po5,4,8011,a,lively; vivacious; brisk; active; (chemistry) reactive,,
火,火,huǒ,huo3,4,1181,n/a/v,fire; urgent; ammunition; fiery or flaming; internal heat (Chinese medicine); hot (popular); classifier for military units (old); Kangxi radical 86,,
获得,獲得,huò dé,huo4 de2,4,701,v,to obtain; to receive; to get,,
积极,積極,jī jí,ji1 ji2,4,2212,a/ad,active; energetic; vigorous; positive (outlook); proactive,,
积累,積累,jī lěi,ji1 lei3,4,8722,v/vn/n,to accumulate; accumulation; cumulative; cumulatively,,
基础,基礎,jī chǔ,ji1 chu3,4,2135,n,base; foundation; basis; basic; fundamental,,
激动,激動,jī dòng,ji1 dong4,4,1931,a/an,to move emotionally; to stir up (emotions); to excite,,
及时,及時,jí shí,ji2 shi2,4,2280,ad/a,timely; at the right time; promptly; without delay,,
即使,即使,jí shǐ,ji2 shi3,4,1004,c,even if; even though,,
极其,極其,jí qí,ji2 qi2,4,4627,d,extremely,,
集合,集合,jí hé,ji2 he2,4,5571,v/n,to gather; to assemble; (math.) set,,
计划,計劃,jì huà,ji4 hua4,4,403,n/v,plan; project; program; to plan; to map out,,个/项
记者,記者,jì zhě,ji4 zhe3,4,844,n,reporter; journalist,,个
技术,技術,jì shù,ji4 shu4,4,758,n,technology; technique; skill,,门/种/项
既然,既然,jì rán,ji4 ran2,4,1629,c,since; as; this being the case,,
继续,繼續,jì xù,ji4 xu4,4,285,v,to continue; to proceed with; to go on with,,
寄,寄,jì,ji4,4,2842,v,to send; to mail; to entrust; to depend on; to attach oneself to; to live (in a house); to lodge; foster (son etc),,
加班,加班,jiā bān,jia1 ban1,4,5951,v/vn,to work overtime,,
加油站,加油站,jiā yóu zhàn,jia1 you2 zhan4,4,7839,n,gas station,,
家具,家具,jiā jù,jia1 ju4,4,4188,n,furniture,,件/套
假,假,jiǎ,jia3,4,1053,a/ad/n/g,fake; false; artificial; to borrow; if; suppose,,
价格,價格,jià gé,jia4 ge2,4,1783,n,price,,个
坚持,堅持,jiān chí,jian1 chi2,4,751,v,to persevere with; to persist in; to insist on,,
减肥,減肥,jiǎn féi,jian3 fei2,4,3988,v/vn,to lose weight,,
减少,減少,jiǎn shǎo,jian3 shao3,4,2443,v/vn,to lessen; to decrease; to reduce; to lower,,
将来,將來,jiāng lái,jiang1 lai2,4,2601,t,in the future; future; the future,,个
奖金,獎金,jiǎng jīn,jiang3 jin1,4,3649,n,premium; award money; bonus,,
降低,降低,jiàng dī,jiang4 di1,4,3058,v/vn,to reduce; to lower; to bring down,,
交,交,jiāo,jiao1,4,715,v/g,to hand over; to deliver; to pay (money); to turn over; to make friends; to intersect (lines); variant of 跤,,
交流,交流,jiāo liú,jiao1 liu2,4,1828,vn/v,to exchange; exchange; communication; interaction; to have social contact (with sb),,
交通,交通,jiāo tōng,jiao1 tong1,4,1688,n,to be connected; traffic; transportation; communications; liaison,,
骄傲,驕傲,jiāo ào,jiao1 ao4,4,3023,an/a,pride; arrogance; conceited; proud of sth,,
饺子,餃子,jiǎo zi,jiao3 zi5,4,11834,n,dumpling; pot-sticker,,个/只
教授,教授,jiào shòu,jiao4 shou4,4,1612,n/v,professor; to instruct; to lecture on,,个/位
教育,教育,jiào yù,jiao4 yu4,4,1197,vn/v,to educate; to teach; education,,
接受,接受,jiē shòu,jie1 shou4,4,465,v/vn,to accept; to receive,,
节约,節約,jié yuē,jie2 yue1,4,7912,v/vn,to economize; to conserve (resources); economy; frugal,,
结果,結果,jié guǒ,jie2 guo3,4,364,n/d,outcome; result; conclusion; in the end; as a result; to kill; to dispatch,,
解释,解釋,jiě shì,jie3 shi4,4,872,v/vn,explanation; to explain; to interpret; to resolve,,个
尽管,儘管,jǐn guǎn,jin3 guan3,4,1014,c/d,"despite; although; even though; in spite of; unhesitatingly; do not hesitate (to ask, complain etc); (go ahead and do it) without hesitating",,
紧张,緊張,jǐn zhāng,jin3 zhang1,4,1073,a/ad/an,nervous; keyed up; intense; tense; strained; in short supply; scarce,,阵
进行,進行,jìn xíng,jin4 xing2,4,299,v/vn,to advance; to conduct; underway; in progress; to do; to carry out; to carry on; to execute,,
禁止,禁止,jìn zhǐ,jin4 zhi3,4,2897,v,to prohibit; to forbid; to ban,,
京剧,京劇,Jīng jù,Jing1 ju4,4,40061,n,Beijing opera,,场/出
经济,經濟,jīng jì,jing1 ji4,4,1376,n,economy; economic,,
经历,經歷,jīng lì,jing1 li4,4,1047,v/n,experience; to experience; to go through,,个/次
经验,經驗,jīng yàn,jing1 yan4,4,1269,n/v,experience; to experience,,
精彩,精彩,jīng cǎi,jing1 cai3,4,1320,a,wonderful; marvelous; brilliant,,
精神,精神,jīng shén,jing1 shen2,4,640,n,spirit; mind; consciousness; thought; mental; psychological; essence; gist,,个
警察,警察,jǐng chá,jing3 cha2,4,1128,n,police; police officer,,个
竞争,競爭,jìng zhēng,jing4 zheng1,4,1584,vn/v,to compete; competition,,
竟然,竟然,jìng rán,jing4 ran2,4,1381,d,unexpectedly; to one's surprise; in spite of everything; in that crazy way; actually; to go as far as to,,
镜子,鏡子,jìng zi,jing4 zi5,4,5015,n,mirror,,面/个
究竟,究竟,jiū jìng,jiu1 jing4,4,1812,d/n,to go to the bottom of a matter; after all; when all is said and done; (in an interrogative sentence) finally; outcome; result,,
举办,舉辦,jǔ bàn,ju3 ban4,4,2669,v/vn,to conduct; to hold,,
拒绝,拒絕,jù jué,ju4 jue2,4,1443,v/vn,to refuse; to decline; to reject,,
距离,距離,jù lí,ju4 li2,4,1725,n/p,distance; to be apart from,,个
开玩笑,開玩笑,kāi wán xiào,kai1 wan2 xiao4,4,3878,v,to play a joke; to make fun of; to joke,,
看法,看法,kàn fǎ,kan4 fa3,4,2435,n,way of looking at a thing; view; opinion,,个
考虑,考慮,kǎo lǜ,kao3 lü4,4,607,v/vn,to think over; to consider; consideration,,
科学,科學,kē xué,ke1 xue2,4,1299,n/a/ad,science; scientific knowledge; scientific; rational,,门/个/种
棵,棵,kē,ke1,4,4222,q,"classifier for trees, cabbages, plants etc",,
可怜,可憐,kě lián,ke3 lian2,4,1942,v/a/vn,pitiful; pathetic; to have pity on,,
可是,可是,kě shì,ke3 shi4,4,404,c/d/v,but; however; (used for emphasis) indeed,,
可惜,可惜,kě xī,ke3 xi1,4,2035,v/a,it is a pity; what a pity; unfortunately,,
肯定,肯定,kěn dìng,ken3 ding4,4,494,d/v/vn/a,to be certain; to be positive; assuredly; definitely; to give recognition; to affirm; affirmative (answer),,
空气,空氣,kōng qì,kong1 qi4,4,2055,n,air; atmosphere,,
恐怕,恐怕,kǒng pà,kong3 pa4,4,2245,d,fear; to dread; I'm afraid that...; perhaps; maybe,,
苦,苦,kǔ,ku3,4,2331,a/an/ad/v,bitter; hardship; pain; to suffer; to bring suffering to; painstakingly,,
宽,寬,kuān,kuan1,4,3471,a,wide; broad; loose; relaxed; lenient,,
困,困,kùn,kun4,4,1868,v/an/a/vn,to trap; to surround; hard-pressed; stranded; destitute,,
困难,困難,kùn nan,kun4 nan5,4,1141,a/an,difficult; challenging; straitened circumstances; difficult situation,,
扩大,擴大,kuò dà,kuo4 da4,4,3635,v/vn,to expand; to enlarge; to broaden one's scope,,
垃圾桶,垃圾桶,lā jī tǒng,la1 ji1 tong3,4,11938,n,rubbish bin; trash can; garbage can; Taiwan pr. [lè sè tǒng],,
拉,拉,lā,la1,4,484,v/b,to pull; to play (a bowed instrument); to drag; to draw; to chat; (coll.) to empty one's bowels,,
辣,辣,là,la4,4,2791,a/an/v,"hot (spicy); pungent; (of chili pepper, raw onions etc) to sting; to burn",,
来不及,來不及,lái bu jí,lai2 bu5 ji2,4,5768,v,there's not enough time (to do sth); it's too late (to do sth),,
来得及,來得及,lái de jí,lai2 de5 ji2,4,6981,v,to have enough time; can do it in time; can still make it,,
懒,懶,lǎn,lan3,4,6238,a,lazy,,
浪费,浪費,làng fèi,lang4 fei4,4,1924,v/vn,to waste; to squander,,
浪漫,浪漫,làng màn,lang4 man4,4,2439,a/an,romantic,,
老虎,老虎,lǎo hǔ,lao3 hu3,4,5451,n,tiger,,只
冷静,冷靜,lěng jìng,leng3 jing4,4,2908,a/ad/an,calm; cool-headed; dispassionate; (of a place) deserted; quiet,,
礼貌,禮貌,lǐ mào,li3 mao4,4,6337,an/a/ad,courtesy; politeness; manners; courteous; polite,,
理发,理髮,lǐ fà,li3 fa4,4,13406,v/vn,to get a haircut; to have one's hair done; to cut (sb's) hair; to give (sb) a haircut,,
理解,理解,lǐ jiě,li3 jie3,4,884,v/vn,to comprehend; to understand,,
理想,理想,lǐ xiǎng,li3 xiang3,4,2661,n/a,an ideal; a dream; ideal; perfect,,
力气,力氣,lì qi,li4 qi5,4,5156,n,strength,,把
厉害,厲害,lì hai,li4 hai5,4,1925,a/an,"(used to describe sb or sth that makes a very strong impression, whether favorable or unfavorable) terrible; intense; severe; devastating; amazing; awesome; outstanding; (of a person) stern; strict; harsh; shrewd; tough; (of an animal) fierce; (of a resemblance) striking; (of liquor or chili pepper) strong; (of bacteria) virulent",,
例如,例如,lì rú,li4 ru2,4,3486,v,for example; for instance; such as,,
俩,倆,liǎ,lia3,4,1419,m,two (colloquial equivalent of 两个); both; some,,
连,連,lián,lian2,4,406,u/d/v/n,"to link; to join; to connect; continuously; in succession; including; (used with 也, 都 etc) even; company (military)",,
联系,聯繫,lián xì,lian2 xi4,4,667,v/vn,connection; contact; relation; to get in touch with; to integrate; to link; to touch,,
凉快,涼快,liáng kuai,liang2 kuai5,4,19483,a,nice and cold; pleasantly cool,,
亮,亮,liàng,liang4,4,1691,v/a,bright; clear; resonant; to shine; to show; to reveal,,
聊天,聊天,liáo tiān,liao2 tian1,4,2609,v/vn,to chat; to gossip,,
另外,另外,lìng wài,ling4 wai4,4,725,r/c/d,additional; in addition; besides; separate; other; moreover; furthermore,,
流泪,流淚,liú lèi,liu2 lei4,4,7253,v,to shed tears,,
流利,流利,liú lì,liu2 li4,4,17449,a/ad,fluent,,
流行,流行,liú xíng,liu2 xing2,4,2724,v/vn,"(of a contagious disease etc) to spread; to propagate; (of a style of clothing, song etc) popular; fashionable",,
留,留,liú,liu2,4,705,v,to leave (a message etc); to retain; to stay; to remain; to keep; to preserve,,
留学,留學,liú xué,liu2 xue2,4,15630,v/vn,to study abroad,,
律师,律師,lǜ shī,lü4 shi1,4,1246,n,lawyer,,
乱,亂,luàn,luan4,4,1206,d/a/v,in confusion or disorder; in a confused state of mind; disorder; upheaval; riot; illicit sexual relations; to throw into disorder; to mix up; indiscriminate; random; arbitrary,,
麻烦,麻煩,má fan,ma2 fan5,4,1492,an/a/v/n,trouble; inconvenience; inconvenient; troublesome; annoying; to bother sb; to put sb to trouble,,
马虎,馬虎,mǎ hu,ma3 hu5,4,20190,a/an,careless; sloppy; negligent; skimpy,,
满,滿,mǎn,man3,4,961,a/v/d/b,to fill; full; filled; packed; fully; completely; quite; to reach the limit; to satisfy; satisfied; contented,,
毛巾,毛巾,máo jīn,mao2 jin1,4,6574,n,towel,,条
美丽,美麗,měi lì,mei3 li4,4,1262,a/an,beautiful,,
梦,夢,mèng,meng4,4,913,n/g,dream; (bound form) to dream,,场/个
密码,密碼,mì mǎ,mi4 ma3,4,3133,n,cipher; secret code; password; PIN,,
免费,免費,miǎn fèi,mian3 fei4,4,1416,v/vn,free (of charge),,
民族,民族,mín zú,min2 zu2,4,3724,n,nationality; ethnic group,,个
母亲,母親,mǔ qīn,mu3 qin1,4,983,n,mother; also pr. [mǔ qin],,个
目的,目的,mù dì,mu4 di4,4,1260,n,purpose; aim; goal; target; objective,,个
耐心,耐心,nài xīn,nai4 xin1,4,3844,a/ad/an,to be patient; patience,,
难道,難道,nán dào,nan2 dao4,4,1147,d,don't tell me ...; could it be that...?,,
难受,難受,nán shòu,nan2 shou4,4,3699,a,to feel unwell; to suffer pain; to be difficult to bear,,
内,內,nèi,nei4,4,319,f,inside; inner; internal; within; interior,,
内容,內容,nèi róng,nei4 rong2,4,1246,n,content; substance; details,,个/项
能力,能力,néng lì,neng2 li4,4,534,n,capability; ability,,个
年龄,年齡,nián líng,nian2 ling2,4,2013,n,(a person's) age,,把/个
农村,農村,nóng cūn,nong2 cun1,4,8305,n,rural area; village,,个
弄,弄,nòng,nong4,4,952,v,to do; to manage; to handle; to play with; to fool with; to mess with; to fix; to toy with,,
暖和,暖和,nuǎn huo,nuan3 huo5,4,8118,a/v,warm; nice and warm,,
偶尔,偶爾,ǒu ěr,ou3 er3,4,3731,d/b,occasionally; once in a while; sometimes,,
排列,排列,pái liè,pai2 lie4,4,8340,v/vn,to arrange in order; (math.) permutation,,
判断,判斷,pàn duàn,pan4 duan4,4,2480,v/vn/n,to judge; to determine; judgment,,
陪,陪,péi,pei2,4,1090,v,to accompany; to keep sb company; to assist; old variant of 赔,,
批评,批評,pī píng,pi1 ping2,4,3504,v/vn,to criticize; criticism,,次/番
皮肤,皮膚,pí fū,pi2 fu1,4,1922,n,skin,,层/块
脾气,脾氣,pí qi,pi2 qi5,4,4017,n,character; temperament; disposition; bad temper,,个
篇,篇,piān,pian1,4,1691,q/g,"sheet; piece of writing; bound set of bamboo slips used for record keeping (old); classifier for written items: chapter, article",,
骗,騙,piàn,pian4,4,1935,v/vn,to cheat; to swindle; to deceive; to get on (a horse etc) by swinging one leg over,,
乒乓球,乒乓球,pīng pāng qiú,ping1 pang1 qiu2,4,10217,n,table tennis; ping-pong; table tennis ball,,个
平时,平時,píng shí,ping2 shi2,4,2780,t,ordinarily; in normal times; in peacetime,,
瓶子,瓶子,píng zi,ping2 zi5,4,6741,n,bottle,,个
破,破,pò,po4,4,1272,v/a,"broken; damaged; worn out; lousy; rotten; to break, split or cleave; to get rid of; to destroy; to break with; to defeat; to capture (a city etc); to expose the truth of",,
普遍,普遍,pǔ biàn,pu3 bian4,4,5800,a/ad,universal; general; widespread; common,,
其次,其次,qí cì,qi2 ci4,4,3998,c/r,next; secondly,,
其中,其中,qí zhōng,qi2 zhong1,4,470,r,among; in; included among these,,
起飞,起飛,qǐ fēi,qi3 fei1,4,5419,v/vn,(of an aircraft) to take off,,
起来,起來,qi lai,qi5 lai5,4,172,v,"(after a verb) indicating the beginning and continuation of an action or a state; indicating an upward movement (e.g. after 站); indicating completion; (after a perception verb, e.g. 看) expressing preliminary judgment; also pr. [qǐ lai]",,
气候,氣候,qì hòu,qi4 hou4,4,6570,n,(meteorology) climate; (fig.) climate; prevailing conditions (in human affairs),,种
千万,千萬,qiān wàn,qian1 wan4,4,1708,m/t,ten million; countless; many; one must by all means,,
签证,簽證,qiān zhèng,qian1 zheng4,4,8073,n,visa; to issue a visa,,
墙,牆,qiáng,qiang2,4,1741,n,wall,,面/堵
敲,敲,qiāo,qiao1,4,4007,v,to hit; to strike; to tap; to rap; to knock; to rip sb off; to overcharge,,
桥,橋,qiáo,qiao2,4,2120,n,bridge,,座
巧克力,巧克力,qiǎo kè lì,qiao3 ke4 li4,4,3003,n,chocolate (loanword),,块
亲戚,親戚,qīn qi,qin1 qi5,4,5076,n,a relative (i.e. family relation),,门/个/位
轻,輕,qīng,qing1,4,1814,a/ad/v/g,light; easy; gentle; soft; reckless; unimportant; frivolous; small in number; unstressed; neutral; to disparage,,
轻松,輕鬆,qīng sōng,qing1 song1,4,1729,a/ad,light; gentle; relaxed; effortless; uncomplicated; to relax; to take things less seriously,,
情况,情況,qíng kuàng,qing2 kuang4,4,245,n,circumstances; state of affairs; situation,,个/种
请假,請假,qǐng jià,qing3 jia4,4,10134,v,to request leave of absence,,
请客,請客,qǐng kè,qing3 ke4,4,9854,v,to give a dinner party; to entertain guests; to invite to dinner,,
穷,窮,qióng,qiong2,4,4355,a/d/g,poor; destitute; to use up; to exhaust; thoroughly; extremely; (coll.) persistently and pointlessly,,
区别,區別,qū bié,qu1 bie2,4,2566,n/v,difference; to distinguish; to discriminate; to make a distinction,,个
取,取,qǔ,qu3,4,1198,v,to take; to get; to choose; to fetch,,
全部,全部,quán bù,quan2 bu4,4,718,m,whole; all,,
缺点,缺點,quē diǎn,que1 dian3,4,5178,n,weak point; fault; shortcoming; disadvantage,,个
缺少,缺少,quē shǎo,que1 shao3,4,4326,v,lack; shortage of; shortfall; to be short (of); to lack,,
却,卻,què,que4,4,199,d,but; yet; however; while; to go back; to decline; to retreat; nevertheless; even though,,
确实,確實,què shí,que4 shi2,4,850,ad/a/d,indeed; really; reliable; real; true,,
群,群,qún,qun2,4,1165,q/g,"group; crowd; flock, herd, pack etc",,
然而,然而,rán ér,ran2 er2,4,1818,c,however; yet; but,,
热闹,熱鬧,rè nao,re4 nao5,4,6073,a,bustling with noise and excitement; lively,,
人民币,人民幣,rén mín bì,ren2 min2 bi4,4,21641,n,Renminbi (RMB); Chinese Yuan (CNY),,
任何,任何,rèn hé,ren4 he2,4,356,r,any; whatever; whichever; whatsoever,,
任务,任務,rèn wu,ren4 wu5,4,664,n,mission; assignment; task; duty; role,,项/个
扔,扔,rēng,reng1,4,2405,v,to throw; to throw away,,
仍然,仍然,réng rán,reng2 ran2,4,1029,d,still; as before; yet,,
日记,日記,rì jì,ri4 ji4,4,4636,n,diary,,则/本/篇
入口,入口,rù kǒu,ru4 kou3,4,5927,n/v,entrance; to import,,
软,軟,ruǎn,ruan3,4,3178,a/ad,soft; flexible,,
散步,散步,sàn bù,san4 bu4,4,6153,v/vn,to take a walk; to go for a walk,,
森林,森林,sēn lín,sen1 lin2,4,3183,n,forest,,片
沙发,沙發,shā fā,sha1 fa1,4,3832,n,sofa (loanword); (Internet slang) the first reply or replier to a forum post,,条/张
伤心,傷心,shāng xīn,shang1 xin1,4,2543,a,to grieve; to be broken-hearted; to feel deeply hurt,,
商量,商量,shāng liang,shang1 liang5,4,4232,v,to consult; to talk over; to discuss,,
稍微,稍微,shāo wēi,shao1 wei1,4,4305,d,a little bit,,
社会,社會,shè huì,she4 hui4,4,836,n,society,,个
申请,申請,shēn qǐng,shen1 qing3,4,1500,v/n/vn,to apply for sth; application form,,份
深,深,shēn,shen1,4,1014,a/d/g/b,deep (lit. and fig.),,
甚至,甚至,shèn zhì,shen4 zhi4,4,478,d/c,even; so much so that,,
生活,生活,shēng huó,sheng1 huo2,4,203,vn/v,to live; life; livelihood,,
生命,生命,shēng mìng,sheng1 ming4,4,705,n,life (as the characteristic of living beings); living being; creature,,个/条
省,省,shěng,sheng3,4,1081,n/v,to save; to economize; to be frugal; to omit; to delete; to leave out; province; provincial capital; a ministry (of the Japanese government),,
剩,剩,shèng,sheng4,4,2453,v,to remain; to be left; to have as remainder,,
失败,失敗,shī bài,shi1 bai4,4,1588,v/vn,to be defeated; to lose; to fail (e.g. experiments); failure; defeat,,次
失望,失望,shī wàng,shi1 wang4,4,2106,a/an/ad,disappointed; to lose hope; to despair,,
师傅,師傅,shī fu,shi1 fu5,4,4911,n,master; qualified worker; respectful form of address for older men,,个/位/名
狮子,獅子,shī zi,shi1 zi5,4,4295,n,lion,,只/头
湿润,濕潤,shī rùn,shi1 run4,4,15795,a/v,moist,,
十分,十分,shí fēn,shi2 fen1,4,1086,d,very; completely; utterly; extremely; absolutely; hundred percent; to divide into ten equal parts,,
实际,實際,shí jì,shi2 ji4,4,1981,n/a/ad,reality; practice; practical; realistic; real; actual,,
实在,實在,shí zài,shi2 zai4,4,1340,d/a,really; actually; indeed; true; real; honest; dependable; (philosophy) reality,,
食品,食品,shí pǐn,shi2 pin3,4,2176,n,foodstuff; food; provisions,,种
使用,使用,shǐ yòng,shi3 yong4,4,641,v/vn,to use; to employ; to apply; to make use of,,
世纪,世紀,shì jì,shi4 ji4,4,1599,n,century,,个
市场,市場,shì chǎng,shi4 chang3,4,1190,n,marketplace; market (also in abstract),,
试,試,shì,shi4,4,938,v/vn,to test; to try; experiment; examination; test,,
适合,適合,shì hé,shi4 he2,4,1211,v,to fit; to suit,,
适应,適應,shì yìng,shi4 ying4,4,2147,v/vn,to adapt; to fit; to suit,,
收,收,shōu,shou1,4,834,v,to receive; to accept; to collect; to put away; to restrain; to stop; in care of (used on address line after name),,
收入,收入,shōu rù,shou1 ru4,4,2243,n/v,to take in; income; revenue,,笔/个
收拾,收拾,shōu shi,shou1 shi5,4,3266,v,to put in order; to tidy up; to pack; to repair; (coll.) to sort sb out; to fix sb,,
首都,首都,shǒu dū,shou3 du1,4,4483,n,capital (city),,个
首先,首先,shǒu xiān,shou3 xian1,4,878,d/c,first (of all); in the first place,,
受不了,受不了,shòu bù liǎo,shou4 bu4 liao3,4,3756,l,unbearable; unable to endure; can't stand,,
受到,受到,shòu dào,shou4 dao4,4,858,v,"to receive (praise, an education, punishment etc); to be ...ed (praised, educated, punished etc)",,
售货员,售貨員,shòu huò yuán,shou4 huo4 yuan2,4,19954,n,salesperson,,个
输,輸,shū,shu1,4,1403,v,to lose; to be beaten; (bound form) to transport; (literary) to donate; to contribute; (coll.) to enter (a password),,
熟悉,熟悉,shú xī,shu2 xi1,4,2070,v/vn/a,to be familiar with; to know well,,
数量,數量,shù liàng,shu4 liang4,4,2916,n,amount; quantity; quantitative,,个
数字,數字,shù zì,shu4 zi4,4,1670,n,numeral; digit; number; figure; amount; digital (electronics etc),,个
帅,帥,shuài,shuai4,4,1452,nr/g,"(bound form) commander-in-chief; (bound form) to lead; to command; handsome; graceful; dashing; elegant; (coll.) cool!; sweet!; (Chinese chess) general (on the red side, equivalent to a king in Western chess)",,
顺便,順便,shùn biàn,shun4 bian4,4,3796,d,conveniently; in passing; without much extra effort,,
顺利,順利,shùn lì,shun4 li4,4,1475,a/ad,smoothly; without a hitch,,
顺序,順序,shùn xù,shun4 xu4,4,6178,n,sequence; order,,
说明,說明,shuō míng,shuo1 ming2,4,968,v/vn/n,to explain; to illustrate; to indicate; to show; to prove; explanation; directions; caption,,个
硕士,碩士,shuò shì,shuo4 shi4,4,9229,n,master's degree; person who has a master's degree; learned person,,
死,死,sǐ,si3,4,177,v/a/vn/d,to die; impassable; uncrossable; inflexible; rigid; extremely; damned,,
速度,速度,sù dù,su4 du4,4,1337,n,speed; rate; velocity; (music) tempo,,个
塑料袋,塑料袋,sù liào dài,su4 liao4 dai4,4,12101,n,plastic bag,,
酸,酸,suān,suan1,4,3361,a/n,sour; tart; sick at heart; grieved; sore; aching; pedantic; impractical; to make sarcastic remarks about sb; an acid,,
算,算,suàn,suan4,4,698,v/d,to regard as; to figure; to calculate; to compute,,
随便,隨便,suí biàn,sui2 bian4,4,2071,ad/a/v,as one wishes; as one pleases; at random; negligent; casual; wanton,,
随着,隨著,suí zhe,sui2 zhe5,4,3104,p,along with; in the wake of; following,,
孙子,孫子,sūn zi,sun1 zi5,4,5639,n/nr,grandson; son's son,,
所有,所有,suǒ yǒu,suo3 you3,4,238,b/v,all; to have; to possess; to own,,
台,臺,tái,tai2,4,696,q/n/b,platform; stage; terrace; stand; support; station; broadcasting station; classifier for vehicles or machines,,
抬,抬,tái,tai2,4,3574,v,to lift; to raise; (of two or more persons) to carry,,
态度,態度,tài du,tai4 du5,4,1647,n,manner; bearing; attitude; approach,,个
谈,談,tán,tan2,4,862,v/g,to speak; to talk; to converse; to chat; to discuss,,
汤,湯,tāng,tang1,4,2237,n/nr,soup; hot or boiling water; decoction of medicinal herbs; water in which sth has been boiled,,
躺,躺,tǎng,tang3,4,1892,v,to recline; to lie down,,
趟,趟,tāng,tang1,4,3174,qv/v,to wade; to trample; to turn the soil,,
讨论,討論,tǎo lùn,tao3 lun4,4,1047,v/vn,to discuss; to talk over,,
讨厌,討厭,tǎo yàn,tao3 yan4,4,1401,v,to dislike; to loathe; disagreeable; troublesome; annoying,,
特点,特點,tè diǎn,te4 dian3,4,4039,n,characteristic (feature); trait; feature,,个
提供,提供,tí gōng,ti2 gong1,4,621,v,to offer; to supply; to provide; to furnish,,
提前,提前,tí qián,ti2 qian2,4,2206,v/vn,to shift to an earlier date; to do sth ahead of time; in advance,,
提醒,提醒,tí xǐng,ti2 xing3,4,1634,v/vn,to remind; to call attention to; to warn of,,
填空,填空,tián kòng,tian2 kong4,4,42424,v,to fill a job vacancy; to fill in a blank (e.g. on questionnaire or exam paper),,
条件,條件,tiáo jiàn,tiao2 jian4,4,1104,n,condition; circumstance; term; factor; requirement; prerequisite; qualification; situation; state; condition,,个
停止,停止,tíng zhǐ,ting2 zhi3,4,1632,v,to stop; to halt; to cease,,
挺,挺,tǐng,ting3,4,737,d/v/g/q,straight; erect; to stick out (a part of the body); to (physically) straighten up; to support; to withstand; outstanding; (coll.) quite; very; classifier for machine guns,,
通过,通過,tōng guò,tong1 guo4,4,343,p/v/vn,to pass through; to get through; to adopt (a resolution); to pass (legislation); to pass (a test); by means of; through; via,,
通知,通知,tōng zhī,tong1 zhi1,4,1246,n/v,to notify; to inform; notice; notification,,个
同情,同情,tóng qíng,tong2 qing2,4,4665,v/vn,to sympathize with; sympathy,,
推,推,tuī,tui1,4,1277,v,to push; to cut; to refuse; to reject; to decline; to shirk (responsibility); to put off; to delay; to push forward; to nominate; to elect; massage,,
推迟,推遲,tuī chí,tui1 chi2,4,6409,v,to postpone; to put off; to defer,,
脱,脫,tuō,tuo1,4,2303,v,to shed; to take off; to escape; to get away from,,
袜子,襪子,wà zi,wa4 zi5,4,6566,n,socks; stockings,,只/对/双
完全,完全,wán quán,wan2 quan2,4,393,ad/a,complete; whole; totally; entirely,,
网球,網球,wǎng qiú,wang3 qiu2,4,5430,n,tennis; tennis ball,,个
网站,網站,wǎng zhàn,wang3 zhan4,4,1965,n,website; network station; node,,
往,往,wǎng,wang3,4,760,p/v,to go (in a direction); to; towards; (of a train) bound for; past; previous,,
往往,往往,wǎng wǎng,wang3 wang3,4,4050,d,usually; in many cases; more often than not,,
危险,危險,wēi xiǎn,wei1 xian3,4,1201,a/an/n,danger; dangerous,,
味道,味道,wèi dao,wei4 dao5,4,1705,n,flavor; taste; (fig.) feeling (of ...); sense (of ...); hint (of ...); (fig.) interest; delight; (dialect) smell; odor,,
温度,溫度,wēn dù,wen1 du4,4,3440,n,temperature,,个
文章,文章,wén zhāng,wen2 zhang1,4,1958,n,article; essay; literary works; writings; hidden meaning,,篇/段/页
握手,握手,wò shǒu,wo4 shou3,4,6920,v/vn,to shake hands,,
污染,污染,wū rǎn,wu1 ran3,4,3379,vn/v,to pollute; to contaminate (lit. and fig.),,
无,無,wú,wu2,4,344,v,not to have; no; none; not; to lack; un-; -less,,
无聊,無聊,wú liáo,wu2 liao2,4,1955,a/an,bored; boring; senseless,,
无论,無論,wú lùn,wu2 lun4,4,1069,c,no matter what or how; regardless of whether...,,
误会,誤會,wù huì,wu4 hui4,4,4880,v/vn,to misunderstand; to mistake; misunderstanding,,个
吸引,吸引,xī yǐn,xi1 yin3,4,1617,v,to attract; to appeal to; to fascinate,,
洗衣机,洗衣機,xǐ yī jī,xi3 yi1 ji1,4,10344,n,washing machine; washer,,台
西红柿,西紅柿,xī hóng shì,xi1 hong2 shi4,4,10725,n,tomato,,只
咸,咸,xián,xian2,4,7379,a,all; everyone; each; widespread; harmonious,,
现代,現代,xiàn dài,xian4 dai4,4,2512,t,modern times; modern age; modern era,,
限制,限制,xiàn zhì,xian4 zhi4,4,2479,v/vn,to restrict; to limit; to confine; restriction; limit,,个
羡慕,羨慕,xiàn mù,xian4 mu4,4,4551,v/vn,to envy; to admire,,
相反,相反,xiāng fǎn,xiang1 fan3,4,3525,v/vn,opposite; contrary,,
香,香,xiāng,xiang1,4,1953,n/a/v,fragrant; sweet smelling; aromatic; savory or appetizing; (to eat) with relish; (of sleep) sound; perfume or spice; joss or incense stick,,根
详细,詳細,xiáng xì,xiang2 xi4,4,2875,a/ad,detailed; in detail; minute,,
响,響,xiǎng,xiang3,4,2237,v/a/q,echo; sound; noise; to make a sound; to sound; to ring; loud; classifier for noises,,
消息,消息,xiāo xi,xiao1 xi5,4,448,n,news; information,,条
小说,小說,xiǎo shuō,xiao3 shuo1,4,2624,n,novel; fiction,,本/部
效果,效果,xiào guǒ,xiao4 guo3,4,1352,n,result; effect; efficacy; (theater) sound or visual effects,,
笑话,笑話,xiào hua,xiao4 hua5,4,4078,n,joke; jest; to laugh at; to mock,,个
心情,心情,xīn qíng,xin1 qing2,4,1302,n,mood; frame of mind,,个
辛苦,辛苦,xīn kǔ,xin1 ku3,4,2449,a/v/ad/an,exhausting; hard; tough; arduous; to work hard; to go to a lot of trouble; hardship(s),,
信任,信任,xìn rèn,xin4 ren4,4,1963,v/vn,to trust; to have confidence in,,
信心,信心,xìn xīn,xin4 xin1,4,2405,n,confidence; faith (in sb or sth),,个
信用卡,信用卡,xìn yòng kǎ,xin4 yong4 ka3,4,3960,n,credit card,,
行,行,xíng,xing2,4,272,v/g/q/a/n,to walk; to go; to travel; a visit; temporary; makeshift; current; in circulation; to do; to perform; capable; competent; effective; all right; OK!; will do; behavior; conduct; Taiwan pr. [xìng] for the behavior-conduct sense,,
醒,醒,xǐng,xing3,4,1399,v/g/vn,to wake up; to be awake; to become aware; to sober up; to come to,,
兴奋,興奮,xīng fèn,xing1 fen4,4,1839,v/a/an,excited; excitement; (physiology) excitation,,
幸福,幸福,xìng fú,xing4 fu2,4,928,a/an/nz,happiness; happy; blessed,,
性别,性別,xìng bié,xing4 bie2,4,6513,n,gender; sex,,
性格,性格,xìng gé,xing4 ge2,4,3053,n,nature; disposition; temperament; character,,个
修,修,xiū,xiu1,4,1778,v,to decorate; to embellish; to repair; to build; to write; to cultivate; to study; to take (a class),,
许多,許多,xǔ duō,xu3 duo1,4,969,m,many; a lot of; much,,
血,血,xuè,xue4,4,726,n,blood; colloquial pr. [xiě],,滴/片
压力,壓力,yā lì,ya1 li4,4,981,n,pressure,,
牙膏,牙膏,yá gāo,ya2 gao1,4,9450,n,toothpaste,,管
亚洲,亞洲,Yà zhōu,Ya4 zhou1,4,3164,ns,Asia (abbr. for 亚细亚洲),,
呀,呀,ya,ya5,4,432,y,"(particle equivalent to 啊 after a vowel, expressing surprise or doubt)",,
严格,嚴格,yán gé,yan2 ge2,4,2279,a/ad/v,strict; stringent; tight; rigorous,,
严重,嚴重,yán zhòng,yan2 zhong4,4,785,a/ad,grave; serious; severe; critical,,
研究生,研究生,yán jiū shēng,yan2 jiu1 sheng1,4,7033,n,graduate student; postgraduate student; research student,,
盐,鹽,yán,yan2,4,3653,n,salt,,粒
演出,演出,yǎn chū,yan3 chu1,4,1568,v/vn,to act (in a play); to perform; to put on (a performance); performance; concert; show,,场/次
演员,演員,yǎn yuán,yan3 yuan2,4,1643,n,actor or actress; performer,,个/位/名
阳光,陽光,yáng guāng,yang2 guang1,4,2043,n/nz,sunshine; (of personality) upbeat; energetic; transparent (open to public scrutiny),,
养成,養成,yǎng chéng,yang3 cheng2,4,13078,v/vn,to cultivate; to raise; to form (a habit); to acquire,,
样子,樣子,yàng zi,yang4 zi5,4,1140,n,appearance; manner; pattern; model,,
邀请,邀請,yāo qǐng,yao1 qing3,4,1683,v/vn,to invite; invitation,,个
钥匙,鑰匙,yào shi,yao4 shi5,4,3354,n,key,,把
也许,也許,yě xǔ,ye3 xu3,4,601,d,perhaps; maybe,,
叶子,葉子,yè zi,ye4 zi5,4,10287,n/nr,leaf; (slang) marijuana,,片
页,頁,yè,ye4,4,2404,q/g,page; leaf,,
一切,一切,yī qiè,yi1 qie4,4,350,r,everything; every; all,,
以,以,yǐ,yi3,4,166,p/c/b,to use; by means of; according to; in order to; because of; at (a certain date or place),,
亿,億,yì,yi4,4,3215,m,100 million,,
艺术,藝術,yì shù,yi4 shu4,4,1488,n,art,,
意见,意見,yì jiàn,yi4 jian4,4,995,n,idea; opinion; suggestion; objection; complaint,,点/条
因此,因此,yīn cǐ,yin1 ci3,4,668,c,thus; consequently; as a result,,
引起,引起,yǐn qǐ,yin3 qi3,4,1216,v,to give rise to; to lead to; to cause; to arouse,,
饮料,飲料,yǐn liào,yin3 liao4,4,3463,n,drink; beverage,,
印象,印象,yìn xiàng,yin4 xiang4,4,2109,n,impression (sth that stays in one's mind); a memory,,
赢,贏,yíng,ying2,4,952,v,to beat; to win; to profit,,
硬,硬,yìng,ying4,4,2476,a/d,hard; stiff; solid; (fig.) strong; firm; resolutely; uncompromisingly; laboriously; with great difficulty; good (quality); able (person); (of food) filling; substantial,,
永远,永遠,yǒng yuǎn,yong3 yuan3,4,599,d/b,forever; eternal,,
勇敢,勇敢,yǒng gǎn,yong3 gan3,4,2934,a/ad/an,brave; courageous,,
优点,優點,yōu diǎn,you1 dian3,4,5641,n,merit; benefit; strong point; advantage,,个/项
优秀,優秀,yōu xiù,you1 xiu4,4,1689,a,outstanding; excellent,,
幽默,幽默,yōu mò,you1 mo4,4,4810,a/an,(loanword) humor; humorous,,
尤其,尤其,yóu qí,you2 qi2,4,2400,d,especially; particularly,,
由,由,yóu,you2,4,353,p/v,to follow; from; because of; due to; by; via; through; (before a noun and a verb) it is for ... to ...,,
由于,由於,yóu yú,you2 yu2,4,982,p/c,due to; as a result of; thanks to; owing to; since; because,,
有趣,有趣,yǒu qù,you3 qu4,4,2524,a,interesting; fascinating; amusing,,
友好,友好,yǒu hǎo,you3 hao3,4,3210,a/ad,friendly; amicable; close friend,,
友谊,友誼,yǒu yì,you3 yi4,4,3801,n,companionship; fellowship; friendship,,
于是,於是,yú shì,yu2 shi4,4,1151,cc,thereupon; as a result; consequently; thus; hence,,
愉快,愉快,yú kuài,yu2 kuai4,4,2823,a/ad/an,cheerful; cheerily; delightful; pleasant; pleasantly; pleasing; happy; delighted,,
与,與,yǔ,yu3,4,147,p/cc,and; to give; together with,,
羽毛球,羽毛球,yǔ máo qiú,yu3 mao2 qiu2,4,16966,n,shuttlecock; badminton,,个
语法,語法,yǔ fǎ,yu3 fa3,4,13430,n,grammar,,
语言,語言,yǔ yán,yu3 yan2,4,1948,n,language,,门/种
预习,預習,yù xí,yu4 xi2,4,36044,v/vn,to prepare a lesson,,
原来,原來,yuán lái,yuan2 lai2,4,790,d/b,"original; former; originally; formerly; at first; so, actually, as it turns out",,
原谅,原諒,yuán liàng,yuan2 liang4,4,2754,v/vn,to excuse; to forgive; to pardon,,
原因,原因,yuán yīn,yuan2 yin1,4,441,n,cause; origin; root cause; reason,,个
圆,圓,yuán,yuan2,4,2899,g/a/n/v,circle; round; circular; spherical; (of the moon) full; unit of Chinese currency (yuan); tactful; to make consistent and whole (the narrative of a dream or a lie),,
约会,約會,yuē huì,yue1 hui4,4,3731,v/n/vn,appointment; engagement; date; to arrange to meet,,次/个
阅读,閱讀,yuè dú,yue4 du2,4,4349,v/vn,to read; reading,,
允许,允許,yǔn xǔ,yun3 xu3,4,1611,v/vn,to permit; to allow,,
杂志,雜誌,zá zhì,za2 zhi4,4,1627,n,magazine,,本/份/期
咱们,咱們,zán men,zan2 men5,4,1405,r,we or us (including both the speaker and the person(s) spoken to); (dialect) I or me; (dialect) (in a coaxing or familiar way) you; also pr. [zá men],,
暂时,暫時,zàn shí,zan4 shi2,4,2209,d/b,temporary; provisional; for the time being,,
脏,髒,zāng,zang1,4,4623,a/g,dirty; filthy; to get (sth) dirty,,
责任,責任,zé rèn,ze2 ren4,4,935,n,responsibility; blame; duty,,个
增加,增加,zēng jiā,zeng1 jia1,4,1419,v/vn,to raise; to increase,,
增长,增長,zēng zhǎng,zeng1 zhang3,4,3521,v/vn,to grow; to increase,,
窄,窄,zhǎi,zhai3,4,8622,a,narrow; narrow-minded; badly off,,
长城,長城,Cháng chéng,Chang2 cheng2,4,9599,ns,the Great Wall,,
长江,長江,Cháng Jiāng,Chang2 Jiang1,4,20034,ns,"Yangtze River, or Chang Jiang",,
招聘,招聘,zhāo pìn,zhao1 pin4,4,8004,v/vn,to invite applications for a job; to recruit,,
著名,著名,zhù míng,zhu4 ming2,4,1436,,famous; noted; well-known; celebrated,,
真正,真正,zhēn zhèng,zhen1 zheng4,4,544,b/d,genuine; real; true; really; indeed,,
整理,整理,zhěng lǐ,zheng3 li3,4,2737,v/vn,"to arrange; to tidy up; to sort out; to straighten out; to list systematically; to collate (data, files); to pack (luggage)",,
整齐,整齊,zhěng qí,zheng3 qi2,4,8739,a/ad,orderly; neat; even; tidy,,
正常,正常,zhèng cháng,zheng4 chang2,4,722,a/ad,regular; normal; ordinary,,
正好,正好,zhèng hǎo,zheng4 hao3,4,2469,z,just (in time); just right; just enough; to happen to; to chance to; by chance; it just so happens that,,
正确,正確,zhèng què,zheng4 que4,4,1163,a/ad,correct; sound; right; proper,,
正式,正式,zhèng shì,zheng4 shi4,4,1215,ad/a,formal; official,,
证明,證明,zhèng míng,zheng4 ming2,4,838,v/n/vn,proof; certificate; identification; testimonial; to prove; to testify; to confirm the truth of,,个
之,之,zhī,zhi1,4,160,u/r/g,"(possessive particle, literary equivalent of 的); him; her; it",,
支持,支持,zhī chí,zhi1 chi2,4,546,v/vn,to be in favor of; to support; to back; support; backing; to stand by,,个
知识,知識,zhī shi,zhi1 shi5,4,2284,n,knowledge; intellectual,,门
直接,直接,zhí jiē,zhi2 jie1,4,588,ad/a,direct (opposite: indirect 间接); immediate; straightforward,,
值得,值得,zhí de,zhi2 de5,4,1037,v,to be worth; to deserve,,
职业,職業,zhí yè,zhi2 ye4,4,1317,n,occupation; profession; vocation; professional,,
植物,植物,zhí wù,zhi2 wu4,4,3915,n,plant; vegetation,,种
只好,只好,zhǐ hǎo,zhi3 hao3,4,3132,d,to have no other option but to ...; to have to; to be forced to,,
只要,只要,zhǐ yào,zhi3 yao4,4,452,c,if only; so long as,,
指,指,zhǐ,zhi3,4,639,v/g,finger; to point at or to; to indicate or refer to; to depend on; to count on; (of hair) to stand on end,,
至少,至少,zhì shǎo,zhi4 shao3,4,868,d,at least; (to say the) least,,
制造,製造,zhì zào,zhi4 zao4,4,1600,v/vn,to manufacture; to make,,
质量,質量,zhì liàng,zhi4 liang4,4,2805,n,quality; (physics) mass,,
中文,中文,Zhōng wén,Zhong1 wen2,4,6459,nz,Chinese language,,
重点,重點,zhòng diǎn,zhong4 dian3,4,1381,n/d,important point; main point; focus; key (project etc); to focus on; to put the emphasis on,,
重视,重視,zhòng shì,zhong4 shi4,4,3506,v/vn,to attach importance to sth; to value,,
重新,重新,chóng xīn,chong2 xin1,4,915,d,again; once more; re-,,
周围,周圍,zhōu wéi,zhou1 wei2,4,1649,f,environs; surroundings; periphery,,
猪,豬,zhū,zhu1,4,1583,n,hog; pig; swine,,口/头
逐渐,逐漸,zhú jiàn,zhu2 jian4,4,3347,d,gradually,,
主动,主動,zhǔ dòng,zhu3 dong4,4,2470,ad/a/an,to take the initiative; to do sth of one's own accord; spontaneous; active; opposite: passive 被动; drive (of gears and shafts etc),,
主意,主意,zhǔ yi,zhu3 yi5,4,3584,n,plan; idea; decision; Beijing pr. [zhú yi],,个
祝贺,祝賀,zhù hè,zhu4 he4,4,3501,v/vn,to congratulate; congratulations,,个
专门,專門,zhuān mén,zhuan1 men2,4,2288,d/b,specialist; specialized; customized,,
专业,專業,zhuān yè,zhuan1 ye4,4,1146,n,specialty; specialized field; main field of study (at university); major; professional,,门/个
赚,賺,zhuàn,zhuan4,4,2163,v,to earn; to make a profit,,
撞,撞,zhuàng,zhuang4,4,2075,v,to knock against; to bump into; to run into; to meet by accident,,
准确,準確,zhǔn què,zhun3 que4,4,2864,a/ad,accurate; exact; precise,,
准时,準時,zhǔn shí,zhun3 shi2,4,6248,ad/a/an,on time; punctual; on schedule,,
仔细,仔細,zǐ xì,zi3 xi4,4,2274,ad/a,careful; attentive; cautious; to be careful; to look out,,
自然,自然,zì rán,zi4 ran2,4,929,n/d/a,nature; natural; naturally,,
总结,總結,zǒng jié,zong3 jie2,4,4753,v/vn,to sum up; to conclude; summary; résumé,,个
租,租,zū,zu1,4,2332,v/g,to hire; to rent; to charter; to rent out; to lease out; rent; land tax,,
组成,組成,zǔ chéng,zu3 cheng2,4,2717,v/vn,to form; to make up; to constitute,,
组织,組織,zǔ zhī,zu3 zhi1,4,590,n/v,to organize; organization; (biology) tissue; (textiles) weave,,个
嘴,嘴,zuǐ,zui3,4,1059,n,mouth; beak; nozzle; spout (of teapot etc),,张/个
最好,最好,zuì hǎo,zui4 hao3,4,1704,d,best; (you) had better (do what we suggest),,
最后,最後,zuì hòu,zui4 hou4,4,261,f,final; last; finally; ultimate,,
尊重,尊重,zūn zhòng,zun1 zhong4,4,1926,v/vn,to esteem; to respect; to honor; to value; eminent; serious; proper,,
作者,作者,zuò zhě,zuo4 zhe3,4,2796,n,author; writer,,
座,座,zuò,zuo4,4,751,q/g,"seat; base; stand; (archaic) suffix used in a respectful form of address, e.g. 师座; classifier for buildings, mountains and similar immovable objects",,个
座位,座位,zuò wèi,zuo4 wei4,4,4477,n,seat,,个
做生意,做生意,zuò shēng yì,zuo4 sheng1 yi4,4,9762,,to do business,,
唉,唉,āi,ai1,5,2512,e,"interjection or grunt of agreement or recognition (e.g. yes, it's me!); to sigh",,
爱护,愛護,ài hù,ai4 hu4,5,10522,v/vn,to cherish; to treasure; to take care of; to love and protect,,
爱惜,愛惜,ài xī,ai4 xi1,5,20535,v,to cherish; to treasure; to use sparingly,,
爱心,愛心,ài xīn,ai4 xin1,5,5809,n,"compassion; kindness; care for others; love; charity (bazaar, golf day etc); heart (the symbol ♥)",,片
安慰,安慰,ān wèi,an1 wei4,5,3563,v/vn/an/a,to comfort; to console,,个
安装,安裝,ān zhuāng,an1 zhuang1,5,3653,v/vn,to install; to erect; to fix; to mount; installation,,
岸,岸,àn,an4,5,6867,n/g,bank; shore; beach; coast,,个
把握,把握,bǎ wò,ba3 wo4,5,3068,v/vn/n,to grasp (also fig.); to seize; to hold; assurance; certainty; sure (of the outcome),,
摆,擺,bǎi,bai3,5,1854,v,to arrange; to exhibit; to move to and fro; a pendulum,,
班主任,班主任,bān zhǔ rèn,ban1 zhu3 ren4,5,15965,n,teacher in charge of a class,,
办理,辦理,bàn lǐ,ban4 li3,5,6575,v,to handle; to transact; to conduct,,
傍晚,傍晚,bàng wǎn,bang4 wan3,5,9979,t,in the evening; when night falls; towards evening; at night fall; at dusk,,
棒,棒,bàng,bang4,5,1228,a/g/q,stick; club; cudgel; smart; capable; strong; wonderful; classifier for legs of a relay race,,
包裹,包裹,bāo guǒ,bao1 guo3,5,5432,n/v,to wrap up; to bind up; bundle; parcel; package,,个
包含,包含,bāo hán,bao1 han2,5,5524,v,to contain; to embody; to include,,
包子,包子,bāo zi,bao1 zi5,5,16315,n,bao (steamed stuffed bun),,个
薄,薄,bó,bo2,5,4129,a,meager; slight; weak; ungenerous or unkind; frivolous; to despise; to belittle; to look down on; to approach or near,,
宝贝,寶貝,bǎo bèi,bao3 bei4,5,1003,n,treasured object; treasure; darling; baby; cowry; good-for-nothing or queer character,,
宝贵,寶貴,bǎo guì,bao3 gui4,5,5572,a,valuable; precious; to value; to treasure; to set store by,,
保持,保持,bǎo chí,bao3 chi2,5,644,v/vn,to keep; to maintain; to hold; to preserve,,
保存,保存,bǎo cún,bao3 cun2,5,3916,v/vn,to conserve; to preserve; to keep; to save (a file etc) (computing),,
保留,保留,bǎo liú,bao3 liu2,5,2921,v/vn,to keep; to retain; to have reservations (about sth); to hold back (from saying sth); to put aside for later,,
保险,保險,bǎo xiǎn,bao3 xian3,5,1430,n/a/v,insurance; to insure; safe; secure; be sure; be bound to,,份
报告,報告,bào gào,bao4 gao4,5,681,n/v,to inform; to report; to make known; report; speech; talk; lecture,,篇/份/个/通
悲观,悲觀,bēi guān,bei1 guan1,5,10593,a/ad,pessimistic,,
背,背,bèi,bei4,5,1623,v/n,the back of a body or object; to turn one's back; to hide something from; to learn by heart; to recite from memory; unlucky (slang); hard of hearing,,
背景,背景,bèi jǐng,bei4 jing3,5,2420,n,background; backdrop; context; (fig.) powerful backer,,种
被子,被子,bèi zi,bei4 zi5,5,8179,n,quilt,,床
本科,本科,běn kē,ben3 ke1,5,16998,n,undergraduate course; undergraduate (attributive),,
本领,本領,běn lǐng,ben3 ling3,5,10811,n,skill; ability; capability,,项/个
本质,本質,běn zhì,ben3 zhi4,5,5084,n,essence; nature; innate character; intrinsic quality,,
比例,比例,bǐ lì,bi3 li4,5,4723,n,proportion; scale,,
比如,比如,bǐ rú,bi3 ru2,5,1051,v,for example; for instance; such as,,
彼此,彼此,bǐ cǐ,bi3 ci3,5,2165,r,each other; one another,,
必然,必然,bì rán,bi4 ran2,5,5199,d/b/n,inevitable; certain; necessity,,
必需,必需,bì xū,bi4 xu1,5,7251,v/vn,to need; to require; essential; indispensable,,
必要,必要,bì yào,bi4 yao4,5,1191,a/an,necessary; essential; indispensable; required,,
毕竟,畢竟,bì jìng,bi4 jing4,5,2477,d,after all; all in all; when all is said and done; in the final analysis,,
避免,避免,bì miǎn,bi4 mian3,5,2140,v,to avert; to prevent; to avoid; to refrain from,,
编辑,編輯,biān jí,bian1 ji2,5,2447,n/v/vn,to edit; to compile; editor; compiler,,
鞭炮,鞭炮,biān pào,bian1 pao4,5,17033,n,firecrackers; string of small firecrackers,,枚
便,便,biàn,bian4,5,811,d/g,plain; informal; suitable; convenient; opportune; to urinate or defecate; equivalent to 就: then; in that case; even if; soon afterwards,,
辩论,辯論,biàn lùn,bian4 lun4,5,7547,vn/v,debate; argument; to argue over,,场/次
标点,標點,biāo diǎn,biao1 dian3,5,36947,n,punctuation; a punctuation mark; to punctuate,,个
标志,標誌,biāo zhì,biao1 zhi4,5,2653,n/v,sign; mark; symbol; logo; to symbolize; to indicate; to mark,,
表面,表面,biǎo miàn,biao3 mian4,5,2771,n,surface; face; outside; appearance,,
表明,表明,biǎo míng,biao3 ming2,5,1735,v,to make clear; to make known; to state clearly; to indicate; known,,
表情,表情,biǎo qíng,biao3 qing2,5,1882,n,(facial) expression; to express one's feelings,,
表现,表現,biǎo xiàn,biao3 xian4,5,452,v/vn,to show; to show off; to display; to manifest; expression; manifestation; show; display; performance (at work etc); behavior,,
丙,丙,bǐng,bing3,5,9842,Mg,"third of the ten Heavenly Stems 干; third in order; letter ""C"" or Roman ""III"" in list ""A, B, C"", or ""I, II, III"" etc; ancient Chinese compass point: 165°; propyl",,
病毒,病毒,bìng dú,bing4 du2,5,2227,n,virus,,
玻璃,玻璃,bō li,bo1 li5,5,2557,n,glass; (slang) male homosexual,,张/块
脖子,脖子,bó zi,bo2 zi5,5,3554,n,neck,,个
博物馆,博物館,bó wù guǎn,bo2 wu4 guan3,5,4179,n,museum,,
补充,補充,bǔ chōng,bu3 chong1,5,4107,v/vn,to replenish; to supplement; to complement; additional; supplementary,,个
不安,不安,bù ān,bu4 an1,5,4472,a/an,unpeaceful; unstable; uneasy; disturbed; restless; worried,,
不必,不必,bù bì,bu4 bi4,5,2029,d,need not; does not have to; not necessarily,,
不得了,不得了,bù dé liǎo,bu4 de2 liao3,5,8549,l,desperately serious; disastrous; extremely; exceedingly,,
不断,不斷,bù duàn,bu4 duan4,5,1245,d,unceasing; uninterrupted; continuous; constant,,
不好意思,不好意思,bù hǎo yì si,bu4 hao3 yi4 si5,5,2805,v/a,to feel embarrassed; to find it embarrassing; to be sorry (for inconveniencing sb),,
不见得,不見得,bù jiàn de,bu4 jian4 de5,5,17256,d,not necessarily; not likely,,
不免,不免,bù miǎn,bu4 mian3,5,24642,d,inevitably,,
不耐烦,不耐煩,bù nài fán,bu4 nai4 fan2,5,13336,a,impatient; to lose patience,,
不然,不然,bù rán,bu4 ran2,5,2285,c/v/a,not so; no; or else; otherwise; if not; How about ...?,,
不如,不如,bù rú,bu4 ru2,5,2684,v/c,not equal to; not as good as; inferior to; it would be better to,,
不要紧,不要緊,bù yào jǐn,bu4 yao4 jin3,5,10100,v,"unimportant; not serious; it doesn't matter; never mind; it looks all right, but",,
不足,不足,bù zú,bu4 zu2,5,2971,v/an/a,insufficient; lacking; deficiency; not enough; inadequate; not worth; cannot; should not,,
布,布,bù,bu4,5,1694,n/g/b/nr,cloth; to declare; to announce; to spread; to make known,,
步骤,步驟,bù zhòu,bu4 zhou4,5,7820,n,procedure; step,,
部门,部門,bù mén,bu4 men2,5,992,n,department; branch; section; division,,个
财产,財產,cái chǎn,cai2 chan3,5,2556,n,property; assets; estate,,笔
采访,採訪,cǎi fǎng,cai3 fang3,5,1893,v/vn,to interview; to gather news; to hunt for and collect; to cover,,
采取,採取,cǎi qǔ,cai3 qu3,5,1701,v,"to adopt or carry out (measures, policies, course of action); to take",,
彩虹,彩虹,cǎi hóng,cai3 hong2,5,7457,n,rainbow,,道
踩,踩,cǎi,cai3,5,3087,v,to step on; to tread; to stamp; to press a pedal; to pedal (a bike); (online) to downvote,,
参考,參考,cān kǎo,can1 kao3,5,5682,v/vn,consultation; reference; to consult; to refer,,
参与,參與,cān yù,can1 yu4,5,1027,v/vn,to participate (in sth),,
餐厅,餐廳,cān tīng,can1 ting1,5,3156,n,dining hall; dining room; restaurant,,间/家
残疾,殘疾,cán jí,can2 ji2,5,8861,n,disabled; handicapped; deformity on a person or animal,,
惭愧,慚愧,cán kuì,can2 kui4,5,11505,a/an,ashamed,,
操场,操場,cāo chǎng,cao1 chang3,5,11048,n,playground; sports field; drill ground,,个
操心,操心,cāo xīn,cao1 xin1,5,9620,v,to worry about,,
册,冊,cè,ce4,5,8165,q/g,book; booklet; classifier for books,,
厕所,廁所,cè suǒ,ce4 suo3,5,3393,n,toilet; lavatory,,间/处
测验,測驗,cè yàn,ce4 yan4,5,9742,vn/v,test; to test,,次/个
曾经,曾經,céng jīng,ceng2 jing1,5,723,d,once; already; former; previously; ever; (past tense marker used before verb or clause),,
叉子,叉子,chā zi,cha1 zi5,5,26304,n,fork,,把
插,插,chā,cha1,5,2875,v,to insert; stick in; pierce; to take part in; to interfere; to interpose,,
差别,差別,chā bié,cha1 bie2,5,5380,n,difference; distinction; disparity,,
拆,拆,chāi,chai1,5,3439,v,to tear open; to tear down; to tear apart; to open,,
产品,產品,chǎn pǐn,chan3 pin3,5,1421,n,goods; merchandise; product,,个
产生,產生,chǎn shēng,chan3 sheng1,5,1155,v/vn,to arise; to come into being; to come about; to give rise to; to bring into being; to bring about; to produce; to engender; to generate,,
常识,常識,cháng shí,chang2 shi2,5,8740,n,common sense; general knowledge,,门
抄,抄,chāo,chao1,5,6726,v,to make a copy; to plagiarize; to search and seize; to raid; to grab; to go off with; to take a shortcut; to make a turning move; to fold one's arms,,
朝,朝,cháo,chao2,5,1321,p/tg/b/v/q,imperial or royal court; government; dynasty; reign of a sovereign or emperor; court or assembly held by a sovereign or emperor; to make a pilgrimage to; facing; towards,,
朝代,朝代,cháo dài,chao2 dai4,5,33998,n,dynasty; reign (of a king),,
吵架,吵架,chǎo jià,chao3 jia4,5,4413,v,to quarrel; to have a row; quarrel,,顿
炒,炒,chǎo,chao3,5,2197,v,to sauté; to stir-fry; to speculate; to hype; to fire (sb),,
车库,車庫,chē kù,che1 ku4,5,8202,n,garage,,
车厢,車廂,chē xiāng,che1 xiang1,5,7116,n,carriage,,节
彻底,徹底,chè dǐ,che4 di3,5,1659,ad/a,thorough; thoroughly; complete,,
沉默,沉默,chén mò,chen2 mo4,5,3369,an/a/v,taciturn; uncommunicative; silent,,
趁,趁,chèn,chen4,5,4043,p/v,to avail oneself of; to take advantage of,,
称呼,稱呼,chēng hu,cheng1 hu5,5,6082,v/n,to call; to address as; form of address; appellation,,
称赞,稱讚,chēng zàn,cheng1 zan4,5,8495,v/vn,to praise; to acclaim; to commend; to compliment,,
成分,成分,chéng fèn,cheng2 fen4,5,4143,n,composition; ingredient; element; component; one's social status,,个
成果,成果,chéng guǒ,cheng2 guo3,5,3448,n,result; achievement; gain; profit,,个
成就,成就,chéng jiù,cheng2 jiu4,5,3075,n/v,accomplishment; success; achievement; to achieve (a result); to create; to bring about,,个
成立,成立,chéng lì,cheng2 li4,5,2498,v/vn,to establish; to set up; to be tenable; to hold water,,
成语,成語,chéng yǔ,cheng2 yu3,5,24609,n,"Chinese set expression, typically of 4 characters, often alluding to a story or historical quotation; idiom; proverb; saying; adage",,条/本/句
成长,成長,chéng zhǎng,cheng2 zhang3,5,2157,v/vn,to mature; to grow; growth,,
承担,承擔,chéng dān,cheng2 dan1,5,2363,v,to undertake; to assume (responsibility etc),,
承认,承認,chéng rèn,cheng2 ren4,5,1327,v/vn,"to admit; to concede; to recognize; recognition (diplomatic, artistic etc); to acknowledge",,
承受,承受,chéng shòu,cheng2 shou4,5,2759,v/vn,to bear; to support; to inherit,,
诚恳,誠懇,chéng kěn,cheng2 ken3,5,12015,a/ad/an,sincere; honest; cordial,,
乘,乘,chéng,cheng2,5,2982,v/p,to ride; to mount; to make use of; to avail oneself of; to take advantage of; to multiply (math.); Buddhist sect or creed,,
程度,程度,chéng dù,cheng2 du4,5,1455,n,degree; level; extent,,
程序,程序,chéng xù,cheng2 xu4,5,1747,n,procedures; sequence; order; computer program,,
吃亏,吃虧,chī kuī,chi1 kui1,5,14289,a/v,to suffer losses; to come to grief; to lose out; to get the worst of it; to be at a disadvantage; unfortunately,,
池子,池子,chí zi,chi2 zi5,5,23725,n,pond; bathhouse pool; dance floor of a ballroom; (old) stalls (front rows in a theater),,
持续,持續,chí xù,chi2 xu4,5,1749,v/vn,to continue; to persist; to last; sustainable; preservation,,
尺子,尺子,chǐ zi,chi3 zi5,5,36385,n,ruler (measuring instrument),,把
翅膀,翅膀,chì bǎng,chi4 bang3,5,6681,n,wing,,个/对
充电器,充電器,chōng diàn qì,chong1 dian4 qi4,5,16655,n,battery charger,,
充分,充分,chōng fèn,chong1 fen4,5,2392,a/ad,ample; sufficient; adequate; full; fully; to the full,,
充满,充滿,chōng mǎn,chong1 man3,5,1405,v,full of; brimming with; very full; permeated,,
冲,沖,chōng,chong1,5,1312,v,(of water) to dash against; to mix with water; to infuse; to rinse; to flush; to develop (a film); to rise in the air; to clash; to collide with,,
宠物,寵物,chǒng wù,chong3 wu4,5,4648,n,house pet,,
抽屉,抽屜,chōu ti,chou1 ti5,5,9913,n,drawer,,
抽象,抽象,chōu xiàng,chou1 xiang4,5,12568,a/an,abstract; abstraction,,种
丑,丑,chǒu,chou3,5,3841,a/g,"clown; 2nd earthly branch: 1-3 a.m., 12th solar month (6th January to 3rd February), year of the Ox; ancient Chinese compass point: 30°",,
臭,臭,chòu,chou4,5,2909,a/g,stench; smelly; to smell (bad); repulsive; loathsome; terrible; bad; severely; ruthlessly; dud (ammunition),,
出版,出版,chū bǎn,chu1 ban3,5,2994,v/vn,to publish,,
出口,出口,chū kǒu,chu1 kou3,5,1693,v/vn,an exit; to speak; to export; (of a ship) to leave port,,个
出色,出色,chū sè,chu1 se4,5,2028,a/ad,remarkable; outstanding,,
出席,出席,chū xí,chu1 xi2,5,2535,v,to attend; to participate; present,,
初级,初級,chū jí,chu1 ji2,5,10185,b,junior; primary,,
除,除,chú,chu2,5,2398,p/v,to get rid of; to remove; to exclude; to eliminate; to wipe out; to divide; except; not including,,
除非,除非,chú fēi,chu2 fei1,5,3271,c,"only if (..., or otherwise, ...); only when; only in the case that; unless",,
除夕,除夕,Chú xī,Chu2 xi1,5,13074,t,lunar New Year's Eve,,
处理,處理,chǔ lǐ,chu3 li3,5,525,v/vn,to handle; to deal with; to punish; to treat sth by a special process; to process; to sell at reduced prices,,
传播,傳播,chuán bō,chuan2 bo1,5,3790,v/vn,to disseminate; to propagate; to spread,,
传递,傳遞,chuán dì,chuan2 di4,5,4948,v/vn,to transmit; to pass on to sb else; (math.) transitive,,
传染,傳染,chuán rǎn,chuan2 ran3,5,7193,v/vn,to infect; contagious,,
传说,傳說,chuán shuō,chuan2 shuo1,5,3138,n/v,legend; folk tale; to repeat from mouth to mouth; they say that...,,
传统,傳統,chuán tǒng,chuan2 tong3,5,1363,n/a,tradition; traditional; convention; conventional,,个
窗帘,窗簾,chuāng lián,chuang1 lian2,5,9289,n,window curtains,,
闯,闖,chuǎng,chuang3,5,4698,v,to rush; to charge; to dash; to break through; to temper oneself (through battling hardships),,
创造,創造,chuàng zào,chuang4 zao4,5,1476,v/vn,to create; to bring about; to produce; to set (a record),,
吹,吹,chuī,chui1,5,1880,v,to blow; to play a wind instrument; to blast; to puff; to boast; to brag; to end in failure; to fall through,,
辞职,辭職,cí zhí,ci2 zhi2,5,3889,v/vn,to resign,,
磁带,磁帶,cí dài,ci2 dai4,5,13427,n,magnetic tape,,盘/盒
此外,此外,cǐ wài,ci3 wai4,5,3647,c,besides; in addition; moreover; furthermore,,
次要,次要,cì yào,ci4 yao4,5,16951,b,secondary,,
刺激,刺激,cì jī,ci4 ji1,5,1968,v/vn,to provoke; to irritate; to upset; to stimulate; to excite; irritant,,
匆忙,匆忙,cōng máng,cong1 mang2,5,10025,a/ad,hasty; hurried,,
从此,從此,cóng cǐ,cong2 ci3,5,3935,d,from now on; since then; henceforth,,
从而,從而,cóng ér,cong2 er2,5,4223,c,thus; thereby,,
从前,從前,cóng qián,cong2 qian2,5,5145,t,previously; formerly; once upon a time,,
从事,從事,cóng shì,cong2 shi4,5,3339,v,to go for; to engage in; to undertake; to deal with; to handle; to do,,
促进,促進,cù jìn,cu4 jin4,5,6415,v/vn,to promote (an idea or cause); to advance; boost,,
促使,促使,cù shǐ,cu4 shi3,5,7521,v,to induce; to promote; to urge; to impel; to bring about; to provoke; to drive (sb to do sth); to catalyze; to actuate; to contribute to (some development),,
醋,醋,cù,cu4,5,8000,n,vinegar; jealousy (in love rivalry),,
催,催,cuī,cui1,5,4565,v,to urge; to press; to prompt; to rush sb; to hasten sth; to expedite,,
存,存,cún,cun2,5,2114,v,to exist; to deposit; to store; to keep; to survive,,
存在,存在,cún zài,cun2 zai4,5,621,v/vn,to exist; to be; existence,,
措施,措施,cuò shī,cuo4 shi1,5,2102,n,measure; step,,个
错误,錯誤,cuò wù,cuo4 wu4,5,1305,n/a,mistaken; false; wrong; error; mistake,,个
达到,達到,dá dào,da2 dao4,5,1234,v,to reach; to achieve; to attain,,
答应,答應,dā ying,da1 ying5,5,2130,v,to answer; to respond; to answer positively; to agree; to accept; to promise,,
打工,打工,dǎ gōng,da3 gong1,5,4894,v/vn,"to work a temporary or casual job; (of students) to have a job outside of class time, or during vacation",,
打交道,打交道,dǎ jiāo dào,da3 jiao1 dao4,5,8359,v,to come into contact with; to have dealings,,
打喷嚏,打噴嚏,dǎ pēn tì,da3 pen1 ti4,5,19233,v,to sneeze,,
打听,打聽,dǎ ting,da3 ting5,5,7507,v,to ask about; to make some inquiries; to ask around,,
打招呼,打招呼,dǎ zhāo hu,da3 zhao1 hu5,5,7931,v/vn,to greet sb by word or action; to give prior notice,,
大方,大方,dà fang,da4 fang5,5,7757,a,generous; magnanimous; stylish; in good taste; easy-mannered; natural and relaxed,,
大象,大象,dà xiàng,da4 xiang4,5,8819,n,elephant,,只
大型,大型,dà xíng,da4 xing2,5,3051,b,large; large-scale,,
呆,呆,dāi,dai1,5,1485,v/a,foolish; stupid; expressionless; blank; to stay,,
待遇,待遇,dài yù,dai4 yu4,5,4791,n,treatment; pay; salary; status; rank,,
贷款,貸款,dài kuǎn,dai4 kuan3,5,2589,n/v/vn,a loan; to provide a loan (e.g. bank); to raise a loan (from e.g. a bank),,笔
单纯,單純,dān chún,dan1 chun2,5,4715,a/ad,simple; pure; unsophisticated; merely; purely,,
单调,單調,dān diào,dan1 diao4,5,12994,a/an,monotonous,,
单独,單獨,dān dú,dan1 du2,5,3019,d/b,alone; by oneself; on one's own,,
单位,單位,dān wèi,dan1 wei4,5,2350,n,"unit (of measure); unit (group of people as a whole); work unit (place of employment, esp. in the PRC prior to economic reform)",,个
单元,單元,dān yuán,dan1 yuan2,5,7926,n,unit (forming an entity); element; (in a residential building) entrance or staircase,,
担任,擔任,dān rèn,dan1 ren4,5,4026,v,to hold a governmental office or post; to assume office of; to take charge of; to serve as,,
耽误,耽誤,dān wu,dan1 wu5,5,7445,v,to delay; to hold up; to waste time; to interfere with,,
胆小鬼,膽小鬼,dǎn xiǎo guǐ,dan3 xiao3 gui3,5,22942,n,coward,,
淡,淡,dàn,dan4,5,4795,a/g,insipid; diluted; weak; mild; light in color; tasteless; indifferent; (variant of 氮) nitrogen,,
当代,當代,dāng dài,dang1 dai4,5,8383,t,the present age; the contemporary era,,
挡,擋,dǎng,dang3,5,3211,v/q,to resist; to obstruct; to hinder; to keep off; to block (a blow); to get in the way of; cover; gear (e.g. in a car's transmission),,
导演,導演,dǎo yǎn,dao3 yan3,5,2109,,to direct; director (film etc),,
导致,導致,dǎo zhì,dao3 zhi4,5,1268,v,to lead to; to create; to cause; to bring about,,
岛,島,dǎo,dao3,5,1816,n,island,,个/座
到达,到達,dào dá,dao4 da2,5,2131,v,to reach; to arrive,,
倒,倒,dǎo,dao3,5,780,v/d,to fall; to collapse; to lie horizontally; to fail; to go bankrupt; to overthrow; to change (trains or buses); to move around; to resell at a profit,,
倒霉,倒霉,dǎo méi,dao3 mei2,5,5252,a/an,to have bad luck; to be out of luck,,
道德,道德,dào dé,dao4 de2,5,2445,n/a,virtue; morality; ethics,,种
道理,道理,dào li,dao4 li5,5,2521,n,reason; argument; sense; principle; basis; justification,,个
地道,地道,dì dao,di4 dao5,5,5958,a/n,authentic; genuine; proper,,
地理,地理,dì lǐ,di4 li3,5,6677,n,geography,,
地区,地區,dì qū,di4 qu1,5,1123,n,"local; regional; district (not necessarily formal administrative unit); region; area; as suffix to city name, means prefecture or county (area administered by a prefecture-level city or, county-level city)",,个
地毯,地毯,dì tǎn,di4 tan3,5,6563,n,carpet; rug,,
地位,地位,dì wèi,di4 wei4,5,2771,n,position; status; place,,个
地震,地震,dì zhèn,di4 zhen4,5,3938,n,earthquake,,
的确,的確,dí què,di2 que4,5,1392,d,really; indeed,,
登机牌,登機牌,dēng jī pái,deng1 ji1 pai2,5,22658,n,boarding pass,,
登记,登記,dēng jì,deng1 ji4,5,2377,v/vn,to register (one's name),,
等待,等待,děng dài,deng3 dai4,5,1567,v/vn,to wait; to wait for,,
等候,等候,děng hòu,deng3 hou4,5,6248,v/vn,to wait; to wait for,,
等于,等於,děng yú,deng3 yu2,5,3464,v,to equal; to be tantamount to,,
滴,滴,dī,di1,5,2035,v/q,a drop; to drip,,
敌人,敵人,dí rén,di2 ren2,5,1731,n,enemy,,个
递,遞,dì,di4,5,7319,v,to hand over; to pass on; to deliver; (bound form) progressively; in the proper order,,
点头,點頭,diǎn tóu,dian3 tou2,5,6136,v,to nod,,
点心,點心,diǎn xin,dian3 xin5,5,8628,n,light refreshments; pastry; dim sum (in Cantonese cooking); dessert,,
电池,電池,diàn chí,dian4 chi2,5,3997,n,battery,,节/组
电台,電臺,diàn tái,dian4 tai2,5,5542,n,transmitter-receiver; broadcasting station; radio station,,个/家
钓,釣,diào,diao4,5,7545,v,to fish with a hook and bait,,
调皮,調皮,tiáo pí,tiao2 pi2,5,12299,a,naughty; mischievous; unruly,,
调整,調整,tiáo zhěng,tiao2 zheng3,5,2032,v/vn,to adjust; adjustment; revision,,个
丁,丁,dīng,ding1,5,3211,nr/o/g/Mg,"male adult; the 4th of the 10 Heavenly Stems 干; fourth (used like ""4"" or ""D""); small cube of meat or vegetable; (literary) to encounter; (archaic) ancient Chinese compass point: 195°; (chemistry) butyl",,
顶,頂,dǐng,ding3,5,1623,v/q/g/f,"apex; crown of the head; top; roof; most; to carry on the head; to push to the top; to go against; to replace; to substitute; to be subjected to (an aerial bombing, hailstorm etc); (slang) to ""bump"" a forum thread to raise its profile; classifier for headwear, hats, veils etc",,
动画片,動畫片,dòng huà piàn,dong4 hua4 pian4,5,10899,n,animated film,,
冻,凍,dòng,dong4,5,3883,v,to freeze; to feel very cold; aspic or jelly,,
洞,洞,dòng,dong4,5,2225,n/g,cave; hole; zero (unambiguous spoken form when spelling out numbers),,个
豆腐,豆腐,dòu fu,dou4 fu5,5,6407,n,tofu; bean curd,,
逗,逗,dòu,dou4,5,4825,v,to tease (playfully); to entice; (coll.) to joke; (coll.) funny; amusing; to stay; to sojourn; brief pause at the end of a phrase (variant of 读),,
独立,獨立,dú lì,du2 li4,5,1876,a/v/ad/an/vn,independent; independence; to stand alone,,
独特,獨特,dú tè,du2 te4,5,3375,a,unique; distinctive,,
度过,度過,dù guò,du4 guo4,5,2905,v,to pass; to spend (time); to survive; to get through,,
短信,短信,duǎn xìn,duan3 xin4,5,1000000,,text message; SMS,,
堆,堆,duī,dui1,5,2915,q/v/k/n,to pile up; to heap up; a mass; pile; heap; stack; large amount,,
对比,對比,duì bǐ,dui4 bi3,5,5260,vn/v,to contrast; contrast; ratio,,个
对待,對待,duì dài,dui4 dai4,5,2429,v/vn,to treat; treatment,,
对方,對方,duì fāng,dui4 fang1,5,1158,n,the other person; the other side; the other party,,
对手,對手,duì shǒu,dui4 shou3,5,1603,n,opponent; rival; competitor; (well-matched) adversary; match,,
对象,對象,duì xiàng,dui4 xiang4,5,1912,n,target; object; partner; boyfriend; girlfriend,,个
对于,對於,duì yú,dui4 yu2,5,490,p,regarding; as far as (sth) is concerned; with regard to,,
吨,噸,dūn,dun1,5,4023,q,ton (loanword); Taiwan pr. [dùn],,
蹲,蹲,dūn,dun1,5,3836,v,to crouch; to squat; to stay (somewhere),,
多亏,多虧,duō kuī,duo1 kui1,5,12071,v,thanks to; luckily,,
多余,多餘,duō yú,duo1 yu2,5,5739,a,superfluous; unnecessary; surplus,,
躲藏,躲藏,duǒ cáng,duo3 cang2,5,16284,v,to conceal oneself; to go into hiding; to take cover,,
恶劣,惡劣,è liè,e4 lie4,5,6454,a/an,vile; nasty; of very poor quality,,
发表,發表,fā biǎo,fa1 biao3,5,1771,v,to issue; to publish,,
发愁,發愁,fā chóu,fa1 chou2,5,16670,v,to worry; to fret; to be anxious; to become sad,,
发达,發達,fā dá,fa1 da2,5,5763,a,well-developed; flourishing; to develop; to promote; to expand; (literary) to achieve fame and fortune; to prosper,,
发抖,發抖,fā dǒu,fa1 dou3,5,10286,v,to tremble; to shake; to shiver,,
发挥,發揮,fā huī,fa1 hui1,5,1869,v/vn,to display; to exhibit; to bring out implicit or innate qualities; to express (a thought or moral); to develop (an idea); to elaborate (on a theme),,
发明,發明,fā míng,fa1 ming2,5,3943,v/n/vn,to invent; an invention,,个
发票,發票,fā piào,fa1 piao4,5,9848,n,invoice; receipt or bill for purchase,,
发言,發言,fā yán,fa1 yan2,5,4527,v/vn,to make a speech; statement; utterance,,个
罚款,罰款,fá kuǎn,fa2 kuan3,5,6918,v/n,to fine; penalty; fine (monetary),,
法院,法院,fǎ yuàn,fa3 yuan4,5,2401,n,court of law; court,,
翻,翻,fān,fan1,5,1378,v,to turn over; to flip over; to overturn; to rummage through; to translate; to decode; to double; to climb over or into; to cross,,
凡是,凡是,fán shì,fan2 shi4,5,8759,d/nz,each and every; every; all; any,,
繁荣,繁榮,fán róng,fan2 rong2,5,8156,an/a/v,prosperous; booming (economy),,
反而,反而,fǎn ér,fan3 er2,5,3595,d,on the contrary; instead,,
反复,反覆,fǎn fù,fan3 fu4,5,4626,d/v/vn,repeatedly; over and over; to upend; unstable; to come and go; (of an illness) to return,,
反应,反應,fǎn yìng,fan3 ying4,5,1118,vn/v/n,to react; to respond; reaction; response; reply; chemical reaction,,个
反正,反正,fǎn zhèng,fan3 zheng4,5,1968,d,anyway; in any case; to come over from the enemy's side,,
方,方,fāng,fang1,5,1012,q/d/g/a/f/b,"square; power or involution (math.); upright; honest; fair and square; direction; side; party (to a contract, dispute etc); place; method; prescription (medicine); just when; only or just; classifier for square things; abbr. for square or cubic meter",,
方案,方案,fāng àn,fang1 an4,5,2126,n,plan; program (for action etc); proposal; proposed bill,,个/套
方式,方式,fāng shì,fang1 shi4,5,513,n,way; manner; style; mode; pattern,,个
妨碍,妨礙,fáng ài,fang2 ai4,5,6742,v/vn,to hinder; to obstruct,,
房东,房東,fáng dōng,fang2 dong1,5,9478,n,landlord,,
仿佛,彷彿,fǎng fú,fang3 fu2,5,4286,d/v,to seem; as if; alike; similar,,
放松,放鬆,fàng sōng,fang4 song1,5,2311,v/vn/a,to relax; to slacken; to loosen,,
非,非,fēi,fei1,5,949,b,to not be; not; wrong; incorrect; non-; un-; in-; de-; to reproach; to blame; (coll.) to insist on; simply must,,
肥皂,肥皂,féi zào,fei2 zao4,5,10619,n,soap,,块/条
废话,廢話,fèi huà,fei4 hua4,5,6470,n,nonsense; rubbish; superfluous words; You don't say!; No kidding! (gently sarcastic),,
肺,肺,fèi,fei4,5,3353,n,lung,,个
费用,費用,fèi yòng,fei4 yong4,5,2364,n,cost; expenditure; expense,,笔/个
分别,分別,fēn bié,fen1 bie2,5,2885,d/v,to part; to leave each other; to distinguish; to tell apart; difference; distinction; in different ways; differently; separately; individually,,
分布,分佈,fēn bù,fen1 bu4,5,7247,v/vn,"to scatter; to distribute; to be distributed (over an area etc); (statistical, geographic) distribution",,
分配,分配,fēn pèi,fen1 pei4,5,3851,v/vn,to distribute; to assign; to allocate; to partition (a hard drive),,
分析,分析,fēn xī,fen1 xi1,5,1101,v/vn,to analyze; analysis,,个
纷纷,紛紛,fēn fēn,fen1 fen1,5,7895,d/z,one after another; in succession; one by one; continuously; diverse; in profusion; numerous and confused; pell-mell,,
奋斗,奮鬥,fèn dòu,fen4 dou4,5,4365,v/vn,to strive; to struggle,,
愤怒,憤怒,fèn nù,fen4 nu4,5,3127,a/an/ad/v,angry; indignant; wrath; ire,,
风格,風格,fēng gé,feng1 ge2,5,1644,n,style,,
风俗,風俗,fēng sú,feng1 su2,5,15849,n,social custom,,个
风险,風險,fēng xiǎn,feng1 xian3,5,1705,n,risk; hazard,,
疯狂,瘋狂,fēng kuáng,feng1 kuang2,5,1657,a/ad/an,crazy; frenzied; wild,,
讽刺,諷刺,fěng cì,feng3 ci4,5,6348,v/vn,to satirize; to mock; irony; satire; sarcasm,,
否定,否定,fǒu dìng,fou3 ding4,5,6489,v/vn,to negate; to deny; to reject; negative (answer); negation,,
否认,否認,fǒu rèn,fou3 ren4,5,3559,v/vn,to declare to be untrue; to deny,,
扶,扶,fú,fu2,5,4500,v,to support with the hand; to help sb up; to support oneself by holding onto something; to help,,
服从,服從,fú cóng,fu2 cong2,5,6168,v,to obey (an order); to comply; to defer,,
服装,服裝,fú zhuāng,fu2 zhuang1,5,2475,n,dress; clothing; costume; clothes,,身
幅,幅,fú,fu2,5,1668,q,width; roll; classifier for textiles or pictures,,
辅导,輔導,fǔ dǎo,fu3 dao3,5,7641,v/vn,to give guidance; to mentor; to counsel; to coach; to tutor,,
付款,付款,fù kuǎn,fu4 kuan3,5,9045,v/vn,to pay a sum of money; payment,,
妇女,婦女,fù nǚ,fu4 nü3,5,2790,n,woman,,
复制,複製,fù zhì,fu4 zhi4,5,5395,v/vn,to duplicate; to make a copy of; to copy; to reproduce; to clone,,
改革,改革,gǎi gé,gai3 ge2,5,4569,vn/v,reform; to reform,,次/种/项
改进,改進,gǎi jìn,gai3 jin4,5,4265,v/vn,to improve; to make better; improvement,,个
改善,改善,gǎi shàn,gai3 shan4,5,3674,v/vn,to make better; to improve,,个
改正,改正,gǎi zhèng,gai3 zheng4,5,10338,v/vn,to correct; to amend; to put right; correction,,个
盖,蓋,gài,gai4,5,2188,v/g,lid; top; cover; canopy; to cover; to conceal; to build,,
概括,概括,gài kuò,gai4 kuo4,5,11872,v/vn,to summarize; to generalize; briefly; in broad outline,,
概念,概念,gài niàn,gai4 nian4,5,3465,n,concept; idea,,个
赶紧,趕緊,gǎn jǐn,gan3 jin3,5,1994,d,hurriedly; without delay,,
赶快,趕快,gǎn kuài,gan3 kuai4,5,2729,d,quickly; at once,,
感激,感激,gǎn jī,gan3 ji1,5,3692,v/vn,to be grateful; to appreciate; thankful,,
感受,感受,gǎn shòu,gan3 shou4,5,1286,v/vn,to sense; perception; to feel (through the senses); to experience; a feeling; an impression; an experience,,
感想,感想,gǎn xiǎng,gan3 xiang3,5,11649,n,impressions; reflections; thoughts,,通/个
干脆,乾脆,gān cuì,gan1 cui4,5,4467,d/a,candid; direct and to the point; simply; just; might as well,,
干活儿,幹活兒,gàn huó r,gan4 huo2 r5,5,41800,v,erhua variant of 干活; (coll.) to work; (coll.) to be employed,,
钢铁,鋼鐵,gāng tiě,gang1 tie3,5,6600,n,steel,,
高档,高檔,gāo dàng,gao1 dang4,5,6468,b,superior quality; high grade; top grade,,
高速,高速,gāo sù,gao1 su4,5,3638,b/d,high speed; expressway (abbr. for 路),,
搞,搞,gǎo,gao3,5,387,v,to do; to make; to go in for; to set up; to get hold of; to take care of,,
告别,告別,gào bié,gao4 bie2,5,4591,v/vn,to leave; to part from; to bid farewell to; to say goodbye to,,
胳膊,胳膊,gē bo,ge1 bo5,5,5256,n,arm,,只/条/双
鸽子,鴿子,gē zi,ge1 zi5,5,9334,n,pigeon; dove; various birds of the family Columbidae,,
革命,革命,gé mìng,ge2 ming4,5,2986,vn/v,to withdraw the mandate of heaven (and transition to a new dynasty) (original meaning); revolution; revolutionary; to revolt (against sb or sth); to revolutionize (sth); (separable verb sometimes used in the pattern 革noun的命),,次
格外,格外,gé wài,ge2 wai4,5,8815,d,especially; particularly,,
隔壁,隔壁,gé bì,ge2 bi4,5,5305,s,next door; neighbor,,
个别,個別,gè bié,ge4 bie2,5,6477,a/ad,individually; one by one; just one or two; exceptional; rare,,
个人,個人,gè rén,ge4 ren2,5,636,n,individual; personal; oneself,,
个性,個性,gè xìng,ge4 xing4,5,2614,n,individuality; personality,,
各自,各自,gè zì,ge4 zi4,5,3398,r,each; respective; apiece,,
根,根,gēn,gen1,5,1181,q/n,"root; basis; classifier for long slender objects, e.g. cigarettes, guitar strings; radical (chemistry)",,条
根本,根本,gēn běn,gen1 ben3,5,591,d/n/a,fundamental; basic; root; simply; absolutely (not); (not) at all,,个
更加,更加,gèng jiā,geng4 jia1,5,1185,d,more (than sth else); even more,,
工厂,工廠,gōng chǎng,gong1 chang3,5,2656,n,factory,,家/座
工程师,工程師,gōng chéng shī,gong1 cheng2 shi1,5,5605,n,engineer,,个/位/名
工人,工人,gōng rén,gong1 ren2,5,2405,n,worker,,个/名
工业,工業,gōng yè,gong1 ye4,5,3316,n,industry,,
公布,公佈,gōng bù,gong1 bu4,5,2655,v,to announce; to make public; to publish,,
公开,公開,gōng kāi,gong1 kai1,5,1840,v/ad/a/vn,open; overt; public; to make public; to release,,
公平,公平,gōng píng,gong1 ping2,5,2218,a/ad/an,fair; impartial,,
公寓,公寓,gōng yù,gong1 yu4,5,2963,n,apartment building; block of flats,,套
公元,公元,gōng yuán,gong1 yuan2,5,12319,n,CE (Common Era); Christian Era; AD (Anno Domini),,
公主,公主,gōng zhǔ,gong1 zhu3,5,2764,n,princess,,
功夫,功夫,gōng fu,gong1 fu5,5,3675,n,skill; art; kung fu; labor; effort,,
功能,功能,gōng néng,gong1 neng2,5,2138,n,function; capability,,
贡献,貢獻,gòng xiàn,gong4 xian4,5,2991,n/v,to contribute; to dedicate; to devote; contribution,,个
沟通,溝通,gōu tōng,gou1 tong1,5,3266,v/vn,to join; to connect; to link up; to communicate,,
构成,構成,gòu chéng,gou4 cheng2,5,4510,v/n/vn,to constitute; to form; to compose; to make up; to configure (computing),,
姑姑,姑姑,gū gu,gu1 gu5,5,10577,n,paternal aunt,,个
姑娘,姑娘,gū niang,gu1 niang5,5,1474,n,girl; young woman; young lady; daughter; paternal aunt (old),,个
古代,古代,gǔ dài,gu3 dai4,5,6123,t,ancient times,,
古典,古典,gǔ diǎn,gu3 dian3,5,7746,b,classical,,
古老,古老,gǔ lǎo,gu3 lao3,5,5243,a,ancient; old; age-old,,
股票,股票,gǔ piào,gu3 piao4,5,2731,n,share certificate; stock (finance),,
骨头,骨頭,gǔ tou,gu3 tou5,5,5565,n,bone; moral character; bitterness; Taiwan pr. [gú tou],,根/块
鼓舞,鼓舞,gǔ wǔ,gu3 wu3,5,6725,v/vn,heartening (news); to boost (morale),,个
固定,固定,gù dìng,gu4 ding4,5,3096,a/v/vn,to fix; to fasten; to set rigidly in place; fixed; set; regular,,
固体,固體,gù tǐ,gu4 ti3,5,14926,n,solid,,
雇佣,雇傭,gù yōng,gu4 yong1,5,8415,v/vn,to employ; to hire,,
挂号,掛號,guà hào,gua4 hao4,5,28577,v,to register (at a hospital etc); to send by registered mail,,
乖,乖,guāi,guai1,5,3704,a,"(of a child) obedient, well-behaved; clever; shrewd; alert; perverse; contrary to reason; irregular; abnormal",,
拐弯,拐彎,guǎi wān,guai3 wan1,5,21000,v/n/vn,to go round a curve; to turn a corner; fig. a new direction,,
怪不得,怪不得,guài bu de,guai4 bu5 de5,5,7596,d,no wonder!; so that's why!,,
关闭,關閉,guān bì,guan1 bi4,5,3178,v/vn,"to close; to shut (a window etc); (of a shop, school etc) to shut down",,
关怀,關懷,guān huái,guan1 huai2,5,8489,vn/v,care; solicitude; to show care for; concerned about; attentive to,,
观察,觀察,guān chá,guan1 cha2,5,1708,v/vn,to observe; to watch; to survey,,
观点,觀點,guān diǎn,guan1 dian3,5,2211,n,point of view; viewpoint; standpoint,,个
观念,觀念,guān niàn,guan1 nian4,5,4558,n,notion; thought; concept; sense; views; ideology; general impressions,,
官,官,guān,guan1,5,1825,n,government official; governmental; official; public; organ of the body,,个
冠军,冠軍,guàn jūn,guan4 jun1,5,1133,n,champion,,个
管子,管子,guǎn zi,guan3 zi5,5,13105,n/nr,tube; pipe; drinking straw,,根
罐头,罐頭,guàn tou,guan4 tou5,5,11202,n,tin; can,,个
光滑,光滑,guāng huá,guang1 hua2,5,10277,a,glossy; sleek; smooth,,
光临,光臨,guāng lín,guang1 lin2,5,8731,v/vn,(formal) to honor with one's presence; to attend,,
光明,光明,guāng míng,guang1 ming2,5,5030,n/a,light; radiance; (fig.) bright (prospects etc); openhearted,,
光盘,光盤,guāng pán,guang1 pan2,5,14628,n,compact disc (CD); DVD; CD-ROM,,片/张
光荣,光榮,guāng róng,guang1 rong2,5,5045,a/ad/an,honor and glory; glorious,,
广场,廣場,guǎng chǎng,guang3 chang3,5,2900,n,public square; plaza,,
广大,廣大,guǎng dà,guang3 da4,5,9553,b,(of an area) vast or extensive; large-scale; widespread; (of people) numerous,,
广泛,廣泛,guǎng fàn,guang3 fan4,5,6278,a/ad,extensive; wide range,,
规矩,規矩,guī ju,gui1 ju5,5,5345,n/a,lit. compass and set square; fig. established standard; rule; customs; practices; fig. upright and honest; well-behaved,,
规律,規律,guī lǜ,gui1 lü4,5,4786,n,rule (e.g. of science); law of behavior; regular pattern; rhythm; discipline,,
规模,規模,guī mó,gui1 mo2,5,4088,n/d,scale; scope; extent,,个
规则,規則,guī zé,gui1 ze2,5,1924,n/a,rule; regulation; rules and regulations,,
柜台,櫃檯,guì tái,gui4 tai2,5,7498,n,"sales counter; front desk; bar; (of markets, medicines etc) OTC (over-the-counter)",,
滚,滾,gǔn,gun3,5,2046,v,to boil; to roll; to take a hike; Get lost!,,
锅,鍋,guō,guo1,5,3812,n/q,pot; pan; wok; cauldron; pot-shaped thing,,口/只
国籍,國籍,guó jí,guo2 ji2,5,15414,n,nationality,,
国庆节,國慶節,Guó qìng jié,Guo2 qing4 jie2,5,19292,t,PRC National Day (October 1st),,
果实,果實,guǒ shí,guo3 shi2,5,13530,n,fruit (produced by a plant); (fig.) fruits (of success etc); results; gains,,
过分,過分,guò fèn,guo4 fen4,5,3578,a/ad/v,excessive; undue; overly,,
过敏,過敏,guò mǐn,guo4 min3,5,5527,v/vn,oversensitive; allergic; allergy,,
过期,過期,guò qī,guo4 qi1,5,9636,v/vn,to be overdue; to exceed the time limit; to expire (as in expiration date),,
哈,哈,hā,ha1,5,676,b/v,"(interj.) ha!; (onom. for laughter); (slang) to be infatuated with; to adore; abbr. for 奇, husky (dog)",,
海关,海關,hǎi guān,hai3 guan1,5,7955,n,customs (i.e. border crossing inspection),,个
海鲜,海鮮,hǎi xiān,hai3 xian1,5,9209,n,seafood,,
喊,喊,hǎn,han3,5,2060,v,to yell; to shout; to call out for (a person),,
豪华,豪華,háo huá,hao2 hua2,5,3618,a/an,luxurious,,
好奇,好奇,hào qí,hao4 qi2,5,3798,a/v/an,inquisitive; curious; inquisitiveness; curiosity,,
合法,合法,hé fǎ,he2 fa3,5,2570,a/ad,lawful; legitimate; legal,,
合理,合理,hé lǐ,he2 li3,5,1935,a/ad,rational; reasonable; sensible; fair,,
合同,合同,hé tong,he2 tong5,5,1766,n,(business) contract,,个
合影,合影,hé yǐng,he2 ying3,5,9596,n/v,to take a joint photo; group photo,,
合作,合作,hé zuò,he2 zuo4,5,668,vn/v,to cooperate; to collaborate; to work together; cooperation,,个
何必,何必,hé bì,he2 bi4,5,6418,d/r,there is no need; why should,,
何况,何況,hé kuàng,he2 kuang4,5,7062,c/d,let alone; to say nothing of; besides; what's more,,
和平,和平,hé píng,he2 ping2,5,1750,n/ad/a,peace; peaceful,,
核心,核心,hé xīn,he2 xin1,5,3481,n,core; nucleus,,
恨,恨,hèn,hen4,5,1715,v/vn,to hate; to regret,,
横,橫,héng,heng2,5,5014,g/v/n/a/d,"horizontal; across; crosswise; horizontal stroke (in Chinese characters); to place (sth) flat (on a surface); to cross (a river, etc); in a jumble; chaotic; (in fixed expressions) harsh and unreasonable; violent",,
后果,後果,hòu guǒ,hou4 guo3,5,3157,n,consequences; aftermath,,
呼吸,呼吸,hū xī,hu1 xi1,5,2003,v/vn,to breathe,,
忽视,忽視,hū shì,hu1 shi4,5,5020,v/vn,to neglect; to overlook; to disregard; to ignore,,
胡说,胡說,hú shuō,hu2 shuo1,5,10010,v/vn,to talk nonsense; drivel,,
胡同,胡同,hú tòng,hu2 tong4,5,20715,n,lane; alley,,条
胡须,鬍鬚,hú xū,hu2 xu1,5,17602,n,beard,,根/绺
壶,壺,hú,hu2,5,7796,g/q,pot; classifier for bottled liquid,,
蝴蝶,蝴蝶,hú dié,hu2 die2,5,6484,n,butterfly,,只
糊涂,糊塗,hú tu,hu2 tu5,5,6397,a,muddled; silly; confused,,
花生,花生,huā shēng,hua1 sheng1,5,6750,n,peanut; groundnut,,粒
华裔,華裔,Huá yì,Hua2 yi4,5,23110,n,ethnic Chinese; non-Chinese citizen of Chinese ancestry,,
滑冰,滑冰,huá bīng,hua2 bing1,5,11501,vn/v,to skate; skating,,
化学,化學,huà xué,hua4 xue2,5,3282,n,chemistry; chemical,,
划船,划船,huá chuán,hua2 chuan2,5,21694,v/vn,to row a boat; rowing boat; rowing (sport),,
话题,話題,huà tí,hua4 ti2,5,2557,n,subject (of a talk or conversation); topic,,
怀念,懷念,huái niàn,huai2 nian4,5,3668,v/vn,to cherish the memory of; to think of; to reminisce,,
缓解,緩解,huǎn jiě,huan3 jie3,5,5722,v/vn,to bring relief; to alleviate (a crisis); to dull (a pain),,
幻想,幻想,huàn xiǎng,huan4 xiang3,5,3672,n/v,delusion; fantasy,,
慌张,慌張,huāng zhāng,huang1 zhang1,5,15404,a,flustered; agitated,,
皇帝,皇帝,huáng dì,huang2 di4,5,5233,n,emperor,,个
皇后,皇后,huáng hòu,huang2 hou4,5,5870,n,empress; imperial consort,,
黄瓜,黃瓜,huáng guā,huang2 gua1,5,10535,n,cucumber,,条
黄金,黃金,huáng jīn,huang2 jin1,5,2676,n,gold; golden (opportunity); prime (time),,
灰,灰,huī,hui1,5,2914,g/n/a,ash; dust; lime; gray; discouraged; dejected,,
灰尘,灰塵,huī chén,hui1 chen2,5,10301,n,dust,,
灰心,灰心,huī xīn,hui1 xin1,5,20767,a/v,to lose heart; to be discouraged,,
恢复,恢復,huī fù,hui1 fu4,5,1219,v/vn,to reinstate; to resume; to restore; to recover; to regain; to rehabilitate,,
挥,揮,huī,hui1,5,3969,v,to wave; to brandish; to command; to conduct; to scatter; to disperse,,
汇率,匯率,huì lǜ,hui4 lü4,5,18037,n,exchange rate,,
会计,會計,kuài jì,kuai4 ji4,5,4284,n,accountant; accountancy; accounting,,
婚礼,婚禮,hūn lǐ,hun1 li3,5,2548,n,wedding ceremony; wedding,,场
婚姻,婚姻,hūn yīn,hun1 yin1,5,2058,n,matrimony; wedding; marriage,,桩/次
活跃,活躍,huó yuè,huo2 yue4,5,4961,v/a,active; lively; excited; to enliven; to brighten up,,
火柴,火柴,huǒ chái,huo3 chai2,5,11966,n,match (for lighting fire),,根/盒
伙伴,伙伴,huǒ bàn,huo3 ban4,5,2698,n,partner; companion; comrade,,
机器,機器,jī qì,ji1 qi4,5,2625,n,machine,,台/部/个
肌肉,肌肉,jī ròu,ji1 rou4,5,3562,n,muscle; flesh,,
基本,基本,jī běn,ji1 ben3,5,1095,a/ad/n,basic; fundamental; main; elementary,,
激烈,激烈,jī liè,ji1 lie4,5,3088,a/ad,(of competition or fighting) intense; fierce; (of pain) acute; (of an expression of opinion) impassioned; vehement; (of a course of action) drastic; extreme,,
及格,及格,jí gé,ji2 ge2,5,9699,v,to pass an exam or a test; to meet a minimum standard,,
急忙,急忙,jí máng,ji2 mang2,5,18562,d,hastily,,
集体,集體,jí tǐ,ji2 ti3,5,3804,n,collective (decision); joint (effort); a group; a team; en masse; as a group,,
集中,集中,jí zhōng,ji2 zhong1,5,1271,v/ad/a,to concentrate; to centralize; to focus; centralized; concentrated; to put together,,
计算,計算,jì suàn,ji4 suan4,5,2980,v/vn,to count; to calculate; to compute,,个
记录,記錄,jì lù,ji4 lu4,5,1305,n/v,to record; record (written account); note-taker; record (in sports etc),,个
记忆,記憶,jì yì,ji4 yi4,5,1839,n/v,to remember; to recall; memory,,个
纪录,紀錄,jì lù,ji4 lu4,5,3694,n/v,"variant of 记录 (but in Taiwan, not for the verb sense ""to record"")",,
纪律,紀律,jì lǜ,ji4 lü4,5,6250,n,discipline,,
纪念,紀念,jì niàn,ji4 nian4,5,2842,v/vn,to commemorate; to honor the memory of; memento; keepsake; souvenir,,
寂寞,寂寞,jì mò,ji4 mo4,5,3580,a/an,lonely; lonesome; (of a place) quiet; silent,,
夹子,夾子,jiā zi,jia1 zi5,5,19836,n,clip; clamp; tongs; folder; wallet,,
家庭,家庭,jiā tíng,jia1 ting2,5,706,n,family; household,,户/个
家务,家務,jiā wù,jia1 wu4,5,9208,n,household duties; housework,,
家乡,家鄉,jiā xiāng,jia1 xiang1,5,4334,n,hometown; native place,,个
嘉宾,嘉賓,jiā bīn,jia1 bin1,5,5047,n,esteemed guest; honored guest; guest (on a show),,
甲,甲,jiǎ,jia3,5,2984,n/Mg/m,"first of the ten Heavenly Stems 干; (used for an unspecified person or thing); first (in a list, as a party to a contract etc); letter ""A"" or roman ""I"" in list ""A, B, C"", or ""I, II, III"" etc; armor plating; shell or carapace; (of the fingers or toes) nail; bladed leather or metal armor (old); ranking system used in the Imperial examinations (old); civil administration unit in the baojia 甲 system (old); ancient Chinese compass point: 75°",,
假如,假如,jiǎ rú,jia3 ru2,5,3671,c/v,if,,
假装,假裝,jiǎ zhuāng,jia3 zhuang1,5,4610,v,to feign; to pretend,,
价值,價值,jià zhí,jia4 zhi2,5,1136,n,"value; worth; fig. values (ethical, cultural etc)",,个
驾驶,駕駛,jià shǐ,jia4 shi3,5,2978,v/vn,"to pilot (ship, airplane etc); to drive",,
嫁,嫁,jià,jia4,5,2300,v/vn,(of a woman) to marry; to marry off a daughter; to shift (blame etc),,
尖锐,尖銳,jiān ruì,jian1 rui4,5,11251,a/ad,sharp; intense; penetrating; pointed; acute (illness),,
坚决,堅決,jiān jué,jian1 jue2,5,5120,ad/a,firm; resolute; determined,,
坚强,堅強,jiān qiáng,jian1 qiang2,5,2557,a/an,staunch; strong,,
肩膀,肩膀,jiān bǎng,jian1 bang3,5,4518,n,shoulder,,
艰巨,艱巨,jiān jù,jian1 ju4,5,11441,a,arduous; terrible (task); very difficult; formidable,,
艰苦,艱苦,jiān kǔ,jian1 ku3,5,6580,a/ad/an,difficult; hard; arduous,,
煎,煎,jiān,jian1,5,5908,v/vn,to pan fry; to sauté,,
捡,撿,jiǎn,jian3,5,4100,v,to pick up; to collect; to gather,,
剪刀,剪刀,jiǎn dāo,jian3 dao1,5,9563,n,scissors,,把
简历,簡歷,jiǎn lì,jian3 li4,5,7973,n,curriculum vitae (CV); résumé; biographical notes,,
简直,簡直,jiǎn zhí,jian3 zhi2,5,1797,d,simply; really,,
建立,建立,jiàn lì,jian4 li4,5,1182,v/vn,to establish; to set up; to found,,
建设,建設,jiàn shè,jian4 she4,5,4276,vn/v,to build; to construct; to establish; to develop; to institute,,
建议,建議,jiàn yì,jian4 yi4,5,782,n/v,to propose; to suggest; to recommend; proposal; suggestion; recommendation,,个/点
建筑,建築,jiàn zhù,jian4 zhu4,5,1649,n/vn/v,to construct; building,,个
健身房,健身房,jiàn shēn fáng,jian4 shen1 fang2,5,12463,n,gym; gymnasium,,
键盘,鍵盤,jiàn pán,jian4 pan2,5,8141,n,keyboard,,
讲究,講究,jiǎng jiu,jiang3 jiu5,5,9711,v/a/vn,to pay particular attention to; carefully selected for quality; tastefully chosen,,
讲座,講座,jiǎng zuò,jiang3 zuo4,5,8858,n,a course of lectures,,个
降落,降落,jiàng luò,jiang4 luo4,5,6858,v/vn,to descend; to land,,
酱油,醬油,jiàng yóu,jiang4 you2,5,11281,n,soy sauce,,
交换,交換,jiāo huàn,jiao1 huan4,5,3196,v/vn,to exchange; to swap; to switch (telecom); commutative (math); to commute,,
交际,交際,jiāo jì,jiao1 ji4,5,11527,v/vn,communication; social intercourse,,
郊区,郊區,jiāo qū,jiao1 qu1,5,7855,s,suburban district; outskirts; suburbs,,个
浇,澆,jiāo,jiao1,5,7803,v,to pour liquid; to irrigate (using waterwheel); to water; to cast (molten metal); to mold,,
胶水,膠水,jiāo shuǐ,jiao1 shui3,5,19095,n,glue,,
角度,角度,jiǎo dù,jiao3 du4,5,1907,n,angle; point of view,,
角色,角色,jué sè,jue2 se4,5,1656,n,role; character in a novel; persona; also pr. [jiǎo sè],,
狡猾,狡猾,jiǎo huá,jiao3 hua2,5,10112,a/an,crafty; cunning; sly,,
教材,教材,jiào cái,jiao4 cai2,5,16199,n,teaching material,,本
教练,教練,jiào liàn,jiao4 lian4,5,1838,n,instructor; sports coach; trainer,,个/位/名
教训,教訓,jiào xun,jiao4 xun5,5,3265,n/v,to provide guidance; to lecture sb; to upbraid; a talking-to; a bitter lesson,,番/顿
阶段,階段,jiē duàn,jie1 duan4,5,1945,n,stage; section; phase; period,,个
接触,接觸,jiē chù,jie1 chu4,5,1912,v/vn,to touch; to contact; access; in touch with,,
接待,接待,jiē dài,jie1 dai4,5,5407,v/vn,to receive (a visitor); to admit (allow sb to enter),,
接近,接近,jiē jìn,jie1 jin4,5,1720,v/vn,to approach; to get close to,,
接着,接著,jiē zhe,jie1 zhe5,5,1329,c/v,to catch and hold on; to continue; to go on to do sth; to follow; to carry on; then; after that; subsequently; to proceed; to ensue; in turn; in one's turn,,
节,節,jié,jie2,5,1196,n/q/g/v,"joint; node; (bound form) section; segment; solar term (one of the 24 divisions of the year in the traditional Chinese calendar); seasonal festival; (bound form) to economize; to save; (bound form) moral integrity; chastity; classifier for segments: lessons, train wagons, biblical verses etc; knot (nautical miles per hour)",,
节省,節省,jié shěng,jie2 sheng3,5,7027,v,saving; to save; to use sparingly; to cut down on,,
结构,結構,jié gòu,jie2 gou4,5,2786,n,structure; composition; makeup; architecture,,座/个
结合,結合,jié hé,jie2 he2,5,2371,v/vn,to combine; to link; to integrate; binding,,次
结论,結論,jié lùn,jie2 lun4,5,3269,n,conclusion; verdict; to conclude; to reach a verdict,,个
结实,結實,jiē shi,jie1 shi5,5,10419,a,rugged; sturdy; strong; durable; buff (physique),,
结账,結賬,jié zhàng,jie2 zhang4,5,18659,v/vn,to pay the bill; to settle accounts; also written 结帐,,
解放,解放,jiě fàng,jie3 fang4,5,3669,v/vn/nz,to liberate; to emancipate; liberation; refers to the Communists' victory over the Nationalists in 1949,,次
解说员,解說員,jiě shuō yuán,jie3 shuo1 yuan2,5,30960,n,commentator,,
戒烟,戒煙,jiè yān,jie4 yan1,5,12322,v/vn,to give up smoking,,
戒指,戒指,jiè zhi,jie4 zhi5,5,4707,n,(finger) ring,,
届,屆,jiè,jie4,5,3211,q,"to arrive at (place or time); period; to become due; classifier for events, meetings, elections, sporting fixtures, years (of graduation)",,
借口,借口,jiè kǒu,jie4 kou3,5,4172,n/v,to use as an excuse; excuse; pretext,,
金属,金屬,jīn shǔ,jin1 shu3,5,2909,n,metal,,种
尽力,盡力,jìn lì,jin4 li4,5,4488,d/v,to strive one's hardest; to spare no effort,,
尽量,儘量,jǐn liàng,jin3 liang4,5,2279,d,as much as possible; to the greatest extent,,
紧,緊,jǐn,jin3,5,1601,a/d,tight; strict; close at hand; near; urgent; tense; hard up; short of money; to tighten,,
紧急,緊急,jǐn jí,jin3 ji2,5,2072,a/ad,urgent; emergency,,
谨慎,謹慎,jǐn shèn,jin3 shen4,5,4482,a/ad,cautious; prudent,,
近代,近代,jìn dài,jin4 dai4,5,20713,t,"the not-very-distant past; modern times, excluding recent decades; (in the context of Chinese history) the period from the Opium Wars until the May 4th Movement (mid-19th century to 1919); capitalist times (pre-1949)",,
进步,進步,jìn bù,jin4 bu4,5,2425,vn/v/a,progress; improvement; to improve; to progress,,个
进口,進口,jìn kǒu,jin4 kou3,5,5578,v/vn,"to import; imported; entrance; inlet (for the intake of air, water etc)",,
经典,經典,jīng diǎn,jing1 dian3,5,2400,n,"the classics; scriptures; classical; classic (example, case etc); typical",,
经营,經營,jīng yíng,jing1 ying2,5,1867,v/vn,to engage in (business etc); to run; to operate,,
精力,精力,jīng lì,jing1 li4,5,3458,n,energy,,
景色,景色,jǐng sè,jing3 se4,5,8954,n,scenery; scene; landscape; view,,
敬爱,敬愛,jìng ài,jing4 ai4,5,15514,v,to respect and love; to hold in high esteem,,
酒吧,酒吧,jiǔ bā,jiu3 ba1,5,3070,n,bar; pub; saloon,,家
救,救,jiù,jiu4,5,1217,v/vn,to save; to assist; to rescue,,
救护车,救護車,jiù hù chē,jiu4 hu4 che1,5,8140,n,ambulance,,辆
舅舅,舅舅,jiù jiu,jiu4 jiu5,5,9397,n,mother's brother; maternal uncle (informal),,个
居然,居然,jū rán,ju1 ran2,5,1095,d,unexpectedly; to one's surprise; go so far as to,,
桔子,桔子,jú zi,ju2 zi5,5,12210,n,tangerine; also written 橘子,,个/瓣
举,舉,jǔ,ju3,5,2311,v/g,to lift; to hold up; to cite; to enumerate; to act; to raise; to choose; to elect; act; move; deed,,
巨大,巨大,jù dà,ju4 da4,5,1540,a,huge; immense; very large; tremendous; gigantic; enormous,,
具备,具備,jù bèi,ju4 bei4,5,4462,v,to possess; to have; equipped with; able to fulfill (conditions or requirements),,
具体,具體,jù tǐ,ju4 ti3,5,1638,a/ad,concrete; definite; specific,,
俱乐部,俱樂部,jù lè bù,ju4 le4 bu4,5,1603,n,club (the organisation or its premises) (loanword),,个
据说,據說,jù shuō,ju4 shuo1,5,3486,v,it is said that; reportedly,,
聚会,聚會,jù huì,ju4 hui4,5,3191,v/vn,party; gathering; to meet; to get together,,
捐,捐,juān,juan1,5,4602,v,to relinquish; to abandon; to contribute; to donate; (bound form) tax; levy,,
卷,卷,juàn,juan4,5,2089,q/v/g,"scroll; book; volume; chapter; examination paper; classifier for books, paintings: volume, scroll",,
决赛,決賽,jué sài,jue2 sai4,5,2326,vn/v,finals (of a competition),,
决心,決心,jué xīn,jue2 xin1,5,4092,n/d,determination; resolution; determined; firm and resolute; to make up one's mind,,个
绝对,絕對,jué duì,jue2 dui4,5,744,d/a,absolute; unconditional,,
军事,軍事,jūn shì,jun1 shi4,5,2560,n,military affairs; (attributive) military,,
均匀,均勻,jūn yún,jun1 yun2,5,11945,a/ad,"even; well-distributed; homogeneous; well-proportioned (figure, body etc)",,
卡车,卡車,kǎ chē,ka3 che1,5,5046,n/q,truck,,辆
开发,開發,kāi fā,kai1 fa1,5,2981,v/vn,to exploit (a resource); to open up (for development); to develop,,
开放,開放,kāi fàng,kai1 fang4,5,3036,v/vn/a,to bloom; to open; to be open (to the public); to open up (to the outside); to be open-minded; unrestrained by convention; unconstrained in one's sexuality,,
开幕式,開幕式,kāi mù shì,kai1 mu4 shi4,5,9329,n,opening ceremony,,
开心,開心,kāi xīn,kai1 xin1,5,667,a/v/an,to feel happy; to rejoice; to have a great time; to make fun of sb,,
砍,砍,kǎn,kan3,5,3423,v,to chop; to cut down; to throw sth at sb,,
看不起,看不起,kàn bu qǐ,kan4 bu5 qi3,5,15152,v,to look down upon; to despise,,
看来,看來,kàn lai,kan4 lai5,5,774,v,apparently; it seems that,,
抗议,抗議,kàng yì,kang4 yi4,5,4910,v/vn,to protest; protest,,
烤鸭,烤鴨,kǎo yā,kao3 ya1,5,28090,n,roast duck,,
颗,顆,kē,ke1,5,1392,q,"classifier for small spheres, pearls, corn grains, teeth, hearts, satellites etc",,
可见,可見,kě jiàn,ke3 jian4,5,8748,v/c,it can clearly be seen (that this is the case); it is (thus) clear; clear; visible,,
可靠,可靠,kě kào,ke3 kao4,5,4079,a,reliable,,
可怕,可怕,kě pà,ke3 pa4,5,2006,a,awful; dreadful; fearful; formidable; frightful; scary; hideous; horrible; terrible; terribly,,
克,克,kè,ke4,5,738,g/q/b/v,"to be able to; to subdue; to restrain; to overcome; gram; Tibetan unit of land area, about 6 ares",,
克服,克服,kè fú,ke4 fu2,5,4119,v,(try to) overcome (hardships etc); to conquer; to put up with; to endure,,
刻苦,刻苦,kè kǔ,ke4 ku3,5,12964,a/ad,hardworking; assiduous,,
客观,客觀,kè guān,ke4 guan1,5,5447,a/n/ad,objective; impartial,,
客厅,客廳,kè tīng,ke4 ting1,5,5646,n,drawing room (room for arriving guests); living room,,间
课程,課程,kè chéng,ke4 cheng2,5,3080,n,course; academic program,,堂/节/门
空间,空間,kōng jiān,kong1 jian1,5,1306,n,"space; room; (fig.) scope; leeway; (astronomy) outer space; (physics, math.) space",,
空闲,空閒,kòng xián,kong4 xian2,5,15533,n/v/a,idle; free time; leisure; unused (place),,
恐怖,恐怖,kǒng bù,kong3 bu4,5,1623,a/an,terrible; frightful; frightening; terror; terrorist,,
控制,控制,kòng zhì,kong4 zhi4,5,569,v/vn,to control,,
口味,口味,kǒu wèi,kou3 wei4,5,4455,n,a person's preferences; tastes (in food); flavor,,
夸,誇,kuā,kua1,5,8011,v,to boast; to exaggerate; to praise,,
矿泉水,礦泉水,kuàng quán shuǐ,kuang4 quan2 shui3,5,13110,n,mineral water,,瓶/杯
蜡烛,蠟燭,là zhú,la4 zhu2,5,7877,n,candle,,根/支
辣椒,辣椒,là jiāo,la4 jiao1,5,6501,n,hot pepper; chili,,
来自,來自,lái zì,lai2 zi4,5,644,v,to come from (a place); From: (in email header),,
拦,攔,lán,lan2,5,5693,v/vn,to block sb's path; to obstruct; to flag down (a taxi),,
烂,爛,làn,lan4,5,2387,a/v,soft; mushy; well-cooked and soft; to rot; to decompose; rotten; worn out; chaotic; messy; utterly; thoroughly; crappy; bad,,
狼,狼,láng,lang2,5,2421,n,wolf,,匹/只/条
劳动,勞動,láo dòng,lao2 dong4,5,4748,vn/v,work; toil; physical labor,,次
劳驾,勞駕,láo jià,lao2 jia4,5,37933,v,excuse me,,
老百姓,老百姓,lǎo bǎi xìng,lao3 bai3 xing4,5,7618,n,"ordinary people; the ""person in the street""",,个
老板,老闆,lǎo bǎn,lao3 ban3,5,1185,n,boss; business proprietor,,个
老实,老實,lǎo shi,lao3 shi5,5,5167,ad/a,honest; sincere; well-behaved; naive; gullible,,
老鼠,老鼠,lǎo shǔ,lao3 shu3,5,4016,n,rat; mouse,,只
姥姥,姥姥,lǎo lao,lao3 lao5,5,12173,n,(coll.) mother's mother; maternal grandmother,,
乐观,樂觀,lè guān,le4 guan1,5,4002,a/an,optimistic; hopeful,,
了不起,了不起,liǎo bu qǐ,liao3 bu5 qi3,5,5874,a,amazing; terrific; extraordinary,,
雷,雷,léi,lei2,5,1494,n/nr,"thunder; (bound form) (military) mine, as in 雷 land mine; (coll.) to shock; to stun; to astound; (Tw) (coll.) spoiler; (Tw) (coll.) to reveal plot details to (sb)",,
类,類,lèi,lei4,5,1096,q/n/g,kind; type; class; category; similar; like; to resemble,,
厘米,釐米,lí mǐ,li2 mi3,5,23825,q,centimeter,,
离婚,離婚,lí hūn,li2 hun1,5,2723,v/vn,to divorce,,
梨,梨,lí,li2,5,7831,n,pear,,个
礼拜天,禮拜天,Lǐ bài tiān,Li3 bai4 tian1,5,31517,t,Sunday,,
理论,理論,lǐ lùn,li3 lun4,5,1462,n,theory; to argue; to take notice of,,个
理由,理由,lǐ yóu,li3 you2,5,1280,n,reason; grounds; justification,,个
力量,力量,lì liang,li4 liang5,5,900,n,power; force; strength,,
立方,立方,lì fāng,li4 fang1,5,22390,q,cube (math.); abbr. for 立方体; abbr. for 米,,
立即,立即,lì jí,li4 ji2,5,1862,d,immediately,,
立刻,立刻,lì kè,li4 ke4,5,1875,d,forthwith; immediate; prompt; promptly; straightway; thereupon; at once,,
利润,利潤,lì rùn,li4 run4,5,3776,n,profits,,
利息,利息,lì xī,li4 xi1,5,6487,n,interest (on a loan),,笔
利益,利益,lì yì,li4 yi4,5,2117,n,benefit; (in sb's) interest,,个
利用,利用,lì yòng,li4 yong4,5,766,v/vn,to exploit; to make use of; to use; to take advantage of; to utilize,,
粒,粒,lì,li4,5,4781,q/g,"grain; granule; classifier for small round things (peas, bullets, peanuts, pills, grains etc)",,
连忙,連忙,lián máng,lian2 mang2,5,50741,d,promptly; at once,,
连续剧,連續劇,lián xù jù,lian2 xu4 ju4,5,14541,n,serialized drama; dramatic series; show in parts,,
联合,聯合,lián hé,lian2 he2,5,2190,v/vn,to combine; to join; unite; alliance,,
恋爱,戀愛,liàn ài,lian4 ai4,5,2496,v/vn,(romantic) love; in love; to have an affair,,个/场
良好,良好,liáng hǎo,liang2 hao3,5,2227,a,good; favorable; well; fine,,
粮食,糧食,liáng shi,liang2 shi5,5,6379,n,foodstuff; cereals,,种
临时,臨時,lín shí,lin2 shi2,5,3015,b/d,as the time draws near; at the last moment; temporary; interim; ad hoc,,
灵活,靈活,líng huó,ling2 huo2,5,6491,a/ad,flexible; nimble; agile,,
铃,鈴,líng,ling2,5,6132,o/g,(small) bell,,只
零件,零件,líng jiàn,ling2 jian4,5,8400,n,part; component,,
零钱,零錢,líng qián,ling2 qian2,5,13354,n,change (of money); small change; pocket money,,
零食,零食,líng shí,ling2 shi2,5,8964,n,between-meal nibbles; snacks,,
领导,領導,lǐng dǎo,ling3 dao3,5,1433,n/v/vn,lead; leading; to lead; leadership; leader,,位/个
领域,領域,lǐng yù,ling3 yu4,5,2459,n,domain; sphere; field; territory; area,,
浏览,瀏覽,liú lǎn,liu2 lan3,5,7707,v/vn,to skim over; to browse,,
流传,流傳,liú chuán,liu2 chuan2,5,7952,v/vn,to spread; to circulate; to hand down,,
龙,龍,lóng,long2,5,1547,n/nr,dragon; imperial,,条
漏,漏,lòu,lou4,5,4288,v,to leak; to divulge; to leave out by mistake; waterclock or hourglass (old),,
陆地,陸地,lù dì,lu4 di4,5,11452,n,dry land (as opposed to the sea),,
陆续,陸續,lù xù,lu4 xu4,5,12648,d,in turn; successively; one after the other; bit by bit,,
录取,錄取,lù qǔ,lu4 qu3,5,5087,v/vn,"to accept an applicant (prospective student, employee etc) who passes an entrance exam; to admit (a student); to hire (a job candidate)",,
录音,錄音,lù yīn,lu4 yin1,5,5402,vn/v/n,to record (sound); sound recording,,个
露,露,lù,lu4,5,2700,v/g,dew; syrup; nectar; outdoors (not under cover); to show; to reveal; to betray; to expose,,
轮流,輪流,lún liú,lun2 liu2,5,10320,v,to alternate; to take turns,,
论文,論文,lùn wén,lun4 wen2,5,4207,n,paper; treatise; thesis; to discuss a paper or thesis (old),,篇
逻辑,邏輯,luó ji,luo2 ji5,5,4974,n,logic (loanword),,
落后,落後,luò hòu,luo4 hou4,5,3824,a/an,to fall behind; to lag (in technology etc); backward; to retrogress,,
骂,罵,mà,ma4,5,2622,v,to scold; to abuse; to curse,,通/顿
麦克风,麥克風,mài kè fēng,mai4 ke4 feng1,5,12308,n,microphone (loanword),,
馒头,饅頭,mán tou,man2 tou5,5,16507,n,steamed roll; steamed bun; steamed bread,,个
满足,滿足,mǎn zú,man3 zu2,5,1555,v/an/a/vn,to satisfy; to meet (the needs of); satisfied; content,,
毛,毛,máo,mao2,5,1319,nr/n/q,"hair; feather; down; wool; mildew; mold; coarse or semifinished; young; raw; careless; unthinking; nervous; scared; (of currency) to devalue or depreciate; classifier for Chinese fractional monetary unit ( = 角 , = one-tenth of a yuan or 10 fen 分)",,
毛病,毛病,máo bìng,mao2 bing4,5,4966,n,fault; defect; shortcomings; ailment,,个
矛盾,矛盾,máo dùn,mao2 dun4,5,2794,an/a,contradiction; conflicting views; contradictory,,个
冒险,冒險,mào xiǎn,mao4 xian3,5,3841,v/vn,to take risks; to take chances; foray; adventure,,
贸易,貿易,mào yì,mao4 yi4,5,4129,vn/v,(commercial) trade,,个
眉毛,眉毛,méi mao,mei2 mao5,5,9070,n,eyebrow,,根
煤炭,煤炭,méi tàn,mei2 tan4,5,16613,n,coal,,
美术,美術,měi shù,mei3 shu4,5,9170,n,art; fine arts; painting,,种
魅力,魅力,mèi lì,mei4 li4,5,2677,n,charm; fascination; glamor; charisma,,
迷路,迷路,mí lù,mi2 lu4,5,8871,v/n,to lose the way; lost; labyrinth; labyrinthus vestibularis (of the inner ear),,
谜语,謎語,mí yǔ,mi2 yu3,5,25753,n,riddle; conundrum,,条
秘密,秘密,mì mì,mi4 mi4,5,1577,n/a/ad,secret; private; confidential; clandestine; a secret,,个
秘书,秘書,mì shū,mi4 shu1,5,4599,n,secretary,,
密切,密切,mì qiè,mi4 qie4,5,5024,ad/a/v,close; familiar; intimate; closely (related); to foster close ties; to pay close attention,,
蜜蜂,蜜蜂,mì fēng,mi4 feng1,5,8143,n,bee; honeybee,,只/群
棉花,棉花,mián hua,mian2 hua5,5,6129,n,cotton,,
面对,面對,miàn duì,mian4 dui4,5,973,v,to face; to confront,,
面积,面積,miàn jī,mian4 ji1,5,6252,n,"area (of a floor, piece of land etc); surface area; tract of land",,
面临,面臨,miàn lín,mian4 lin2,5,2363,v,to face sth; to be confronted with,,
苗条,苗條,miáo tiao,miao2 tiao5,5,14328,a,(of a woman) slim; slender; graceful,,
描写,描寫,miáo xiě,miao2 xie3,5,9246,v/vn,to describe; to depict; to portray; description,,
秒,秒,miǎo,miao3,5,1034,t/qt,second (unit of time); arc second (angular measurement unit); (coll.) instantly,,
民主,民主,mín zhǔ,min2 zhu3,5,3363,a/an/ad,democracy,,
名牌,名牌,míng pái,ming2 pai2,5,6602,n,famous brand; nameplate; name tag,,
名片,名片,míng piàn,ming2 pian4,5,6747,n,(business) card,,
名胜,名勝,míng shèng,ming2 sheng4,5,29771,n,a place famous for its scenery or historical relics; scenic spot,,处
明确,明確,míng què,ming2 que4,5,2369,a/v/ad,clear-cut; definite; explicit; to clarify; to specify; to make definite,,
明显,明顯,míng xiǎn,ming2 xian3,5,710,a/ad,clear; distinct; obvious,,
明信片,明信片,míng xìn piàn,ming2 xin4 pian4,5,10428,n,postcard,,
明星,明星,míng xīng,ming2 xing1,5,1452,n,star; celebrity,,
命令,命令,mìng lìng,ming4 ling4,5,2305,n/v,order; command,,道/个
命运,命運,mìng yùn,ming4 yun4,5,2268,n,fate; destiny,,个
摸,摸,mō,mo1,5,2716,v,to feel with the hand; to touch; to stroke; to grope; to steal; to abstract,,
模仿,模仿,mó fǎng,mo2 fang3,5,4669,v/vn,to imitate; to copy; to emulate; to mimic; model,,
模糊,模糊,mó hu,mo2 hu5,5,5378,a/v,vague; indistinct; fuzzy,,
摩托车,摩托車,mó tuō chē,mo2 tuo1 che1,5,4123,n,(loanword) motorbike; motorcycle,,辆/部
陌生,陌生,mò shēng,mo4 sheng1,5,4488,a/ad,strange; unfamiliar,,
某,某,mǒu,mou3,5,913,r,some; a certain; sb or sth indefinite; such-and-such,,
木头,木頭,mù tou,mu4 tou5,5,8812,n,"slow-witted; blockhead; log (of wood, timber etc)",,块/根
目标,目標,mù biāo,mu4 biao1,5,657,n,target; goal; objective,,个
目录,目錄,mù lù,mu4 lu4,5,7441,n,catalog; table of contents; directory (on computer hard drive); list; contents,,
目前,目前,mù qián,mu4 qian2,5,603,t,at the present time; currently,,
哪怕,哪怕,nǎ pà,na3 pa4,5,4106,c,even; even if; even though; no matter how,,
难怪,難怪,nán guài,nan2 guai4,5,5294,d,(it's) no wonder (that...); (it's) not surprising (that),,
难看,難看,nán kàn,nan2 kan4,5,11156,a,ugly; unsightly,,
脑袋,腦袋,nǎo dai,nao3 dai5,5,2736,n,head; skull; brains; mental capability,,颗/个
内科,內科,nèi kē,nei4 ke1,5,13792,n/nr,internal medicine; general medicine,,
嫩,嫩,nèn,nen4,5,6514,a,young and tender; (of food) tender; lightly cooked; (of color) light; (of a person) inexperienced; unskilled,,
能干,能幹,néng gàn,neng2 gan4,5,15736,a/an,capable; competent,,
能源,能源,néng yuán,neng2 yuan2,5,3465,n,energy; power source,,个
年代,年代,nián dài,nian2 dai4,5,1430,n,a decade of a century (e.g. the Sixties); age; era; period,,个
年纪,年紀,nián jì,nian2 ji4,5,3247,n,age,,把/个
念,念,niàn,nian4,5,2410,v/g,to read; to study (a subject); to attend (a school); to read aloud; to give (sb) a tongue-lashing; to miss (sb); idea; remembrance; twenty (banker's anti-fraud numeral corresponding to 廿),,顿
宁可,寧可,nìng kě,ning4 ke3,5,8234,d/c,preferably; one would prefer to...(or not to...); would rather; (would) be better to; (to pick) the lesser of two evils,,
牛仔裤,牛仔褲,niú zǎi kù,niu2 zai3 ku4,5,7666,n,jeans,,条
农民,農民,nóng mín,nong2 min2,5,3710,n,peasant; farmer,,个
农业,農業,nóng yè,nong2 ye4,5,6155,n,agriculture; farming,,
浓,濃,nóng,nong2,5,4948,a,concentrated; dense; strong (smell etc),,
女士,女士,nǚ shì,nü3 shi4,5,2155,n,lady; madam; Miss; Ms,,个/位
偶然,偶然,ǒu rán,ou3 ran2,5,5343,a/ad,incidentally; occasional; occasionally; by chance; randomly,,
拍,拍,pāi,pai1,5,567,v/q/g,to pat; to clap; to slap; to swat; to take (a photo); to shoot (a film); racket (sports); beat (music),,
排队,排隊,pái duì,pai2 dui4,5,4300,v/vn,to line up,,
排球,排球,pái qiú,pai2 qiu2,5,13985,n,volleyball,,个
派,派,pài,pai4,5,751,v/n/q,clique; school; group; faction; to dispatch; to send; to assign; to appoint; pi (Greek letter Ππ); the circular ratio pi = 3.1415926; (loanword) pie,,
盼望,盼望,pàn wàng,pan4 wang4,5,10303,v,to hope for; to look forward to,,
培养,培養,péi yǎng,pei2 yang3,5,3133,v/vn,to cultivate; to breed; to foster; to nurture; to educate; to groom (for a position); education; fostering; culture (biology),,
赔偿,賠償,péi cháng,pei2 chang2,5,3939,v/vn,to compensate,,
佩服,佩服,pèi fú,pei4 fu2,5,6729,v,to admire,,
配合,配合,pèi hé,pei4 he2,5,2349,v/vn,matching; fitting in with; compatible with; to correspond; to fit; to conform to; rapport; to coordinate with; to act in concert with; to cooperate; to become man and wife; to combine parts of machine,,
盆,盆,pén,pen2,5,6022,n/q,"basin; flower pot; unit of volume equal to 12 斗 and 8 升, approx 128 liters",,个
碰见,碰見,pèng jiàn,peng4 jian4,5,13656,v,to run into; to meet (unexpectedly); to bump into,,
批,批,pī,pi1,5,2398,q/v,"to ascertain; to act on; to criticize; to pass on; classifier for batches, lots, military flights; tier (for the ranking of universities and colleges)",,
批准,批准,pī zhǔn,pi1 zhun3,5,2614,v/vn,to approve; to ratify,,
披,披,pī,pi1,5,5845,v,to drape over one's shoulders; to open; to unroll; to split open; to spread out,,
皮鞋,皮鞋,pí xié,pi2 xie2,5,11265,n,leather shoes,,
疲劳,疲勞,pí láo,pi2 lao2,5,7419,a/an/ad,fatigue; wearily; weariness; weary,,
匹,匹,pǐ,pi3,5,3794,q/g,"classifier for horses, mules etc; Taiwan pr. [pī]; ordinary person; classifier for cloth: bolt; horsepower",,
片,片,piàn,pian4,5,560,q/g,"thin piece; flake; a slice; film; TV play; to slice; to carve thin; partial; incomplete; one-sided; classifier for slices, tablets, tract of land, area of water; classifier for CDs, movies, DVDs etc; used with numeral 一: classifier for scenario, scene, feeling, atmosphere, sound etc; Kangxi radical 91",,
片面,片面,piàn miàn,pian4 mian4,5,16993,a/ad,unilateral; one-sided,,
飘,飄,piāo,piao1,5,4833,v,to float,,
频道,頻道,pín dào,pin2 dao4,5,2941,n,frequency; (television) channel,,
品种,品種,pǐn zhǒng,pin3 zhong3,5,6332,n,breed; variety,,个
平,平,píng,ping2,5,1707,a/v,flat; level; equal; to tie (make the same score); to draw (score); calm; peaceful; abbr. for 平声,,
平常,平常,píng cháng,ping2 chang2,5,4153,a/d/t/n,ordinary; common; usually; ordinarily,,
平等,平等,píng děng,ping2 deng3,5,4880,a/ad/an,equal; equality,,
平方,平方,píng fāng,ping2 fang1,5,13429,q/n,"square (as in square foot, square mile, square root)",,
平衡,平衡,píng héng,ping2 heng2,5,3034,a/an/v,balance; equilibrium,,
平静,平靜,píng jìng,ping2 jing4,5,3136,a/an/ad,tranquil; undisturbed; serene,,
平均,平均,píng jūn,ping2 jun1,5,3513,a/ad/v,average; on average; evenly; in equal proportions,,
评价,評價,píng jià,ping2 jia4,5,2119,v/vn,to evaluate; to assess,,
凭,憑,píng,ping2,5,2277,p/v,"to lean against; to rely on; on the basis of; no matter (how, what etc); proof",,
迫切,迫切,pò qiè,po4 qie4,5,8352,ad/a,urgent; pressing,,
破产,破產,pò chǎn,po4 chan3,5,4674,v/vn,to go bankrupt; to become impoverished; bankruptcy,,
破坏,破壞,pò huài,po4 huai4,5,1527,v/vn,destruction; damage; to wreck; to break; to destroy,,
朴素,樸素,pǔ sù,pu3 su4,5,16787,a,plain and simple; unadorned; simple living; not frivolous,,
期待,期待,qī dài,qi1 dai4,5,1312,v/vn,to look forward to; to await; expectation,,
期间,期間,qī jiān,qi1 jian1,5,1703,f,period of time; time; time period; period,,个
其余,其餘,qí yú,qi2 yu2,5,4081,r,the rest; the others; remaining; remainder; apart from them,,
奇迹,奇跡,qí jì,qi2 ji4,5,3345,n,miracle; miraculous; wonder; marvel,,
企图,企圖,qǐ tú,qi3 tu2,5,4499,v/vn,to attempt; to try; attempt,,种
企业,企業,qǐ yè,qi3 ye4,5,2296,n,company; firm; enterprise; corporation,,家
启发,啟發,qǐ fā,qi3 fa1,5,7784,v/vn,to enlighten; to explain (a text etc); to stimulate (a mental attitude); enlightenment; revelation; motivation,,
气氛,氣氛,qì fēn,qi4 fen1,5,3160,n,atmosphere; mood,,
汽油,汽油,qì yóu,qi4 you2,5,4939,n,gasoline,,
牵,牽,qiān,qian1,5,3847,v,to lead along; to pull (an animal on a tether); (bound form) to involve; to draw in,,
谦虚,謙虛,qiān xū,qian1 xu1,5,9707,a/ad,modest; self-effacing; to make modest remarks,,
签字,簽字,qiān zì,qian1 zi4,5,5289,v/vn,to sign (one's name); signature,,
前途,前途,qián tú,qian2 tu2,5,4857,n,prospects; future outlook; journey,,
浅,淺,qiǎn,qian3,5,5099,a/ad,shallow; light (color),,
欠,欠,qiàn,qian4,5,2126,v,to owe; to lack; (literary) to be deficient in; (bound form) yawn; to raise slightly (a part of one's body),,
枪,槍,qiāng,qiang1,5,1429,n/q,gun; firearm; rifle; spear; thing with shape or function similar to a gun; to substitute for another person in a test; to knock; classifier for rifle shots,,支/把/杆/条/枝
强调,強調,qiáng diào,qiang2 diao4,5,3839,v,to emphasize (a statement); to stress,,
强烈,強烈,qiáng liè,qiang2 lie4,5,2212,a/ad,strong; intense,,
抢,搶,qiǎng,qiang3,5,1191,v,to fight over; to rush; to scramble; to grab; to rob; to snatch,,
悄悄,悄悄,qiāo qiāo,qiao1 qiao1,5,6355,d,quiet; making little or no noise; surreptitious; stealthy; anxious; worried; Taiwan pr. [qiǎo qiǎo],,
瞧,瞧,qiáo,qiao2,5,3046,v,to look at; to see; to see (a doctor); to visit,,
巧妙,巧妙,qiǎo miào,qiao3 miao4,5,8987,a/ad,ingenious; clever; ingenuity; artifice,,
切,切,qiè,qie4,5,1757,v/d/g,"definitely; absolutely (not); (scoffing or dismissive interjection) Yeah, right.; Tut!; to grind; (bound form) close to; (bound form) eager; to correspond to; (used to indicate that the fanqie 切 system should be applied to the previous two characters)",,
亲爱,親愛,qīn ài,qin1 ai4,5,1202,a,dear; beloved; darling,,
亲切,親切,qīn qiè,qin1 qie4,5,6543,a/ad,amiable; cordial; close and dear; familiar,,
亲自,親自,qīn zì,qin1 zi4,5,2353,d,personally; in person; oneself,,
侵略,侵略,qīn lu:è,qin1 lüe4,5,6964,v/vn,to invade; invasion,,
勤奋,勤奮,qín fèn,qin2 fen4,5,10815,a/ad/an,hardworking; diligent,,
勤劳,勤勞,qín láo,qin2 lao2,5,15777,a/ad/an,hardworking; industrious; diligent,,
青,青,qīng,qing1,5,2780,a/b,green; blue; black; youth; young (of people),,
青春,青春,qīng chūn,qing1 chun1,5,4241,n,youth; youthfulness,,
青少年,青少年,qīng shào nián,qing1 shao4 nian2,5,4006,n,adolescent; youth; teenager,,
轻视,輕視,qīng shì,qing1 shi4,5,13811,v/vn,contempt; contemptuous; to despise; to scorn; scornful,,
清淡,清淡,qīng dàn,qing1 dan4,5,17042,a,"light (of food, not greasy or strongly flavored); insipid; slack (sales)",,
情景,情景,qíng jǐng,qing2 jing3,5,5196,n,scene; spectacle; circumstances; situation,,
情绪,情緒,qíng xù,qing2 xu4,5,1810,n,mood; state of mind; moodiness,,种
请求,請求,qǐng qiú,qing3 qiu2,5,2837,v/n,to request; to ask; request,,个
庆祝,慶祝,qìng zhù,qing4 zhu4,5,2543,v/vn,to celebrate,,
球迷,球迷,qiú mí,qiu2 mi2,5,4097,n,fan (ball sports),,个
趋势,趨勢,qū shì,qu1 shi4,5,6576,n,trend; tendency,,
取消,取消,qǔ xiāo,qu3 xiao1,5,1880,v,to cancel; cancellation,,
娶,娶,qǔ,qu3,5,3752,v,to take a wife; to marry (a woman),,
去世,去世,qù shì,qu4 shi4,5,3502,v/vn,to pass away; to die,,
圈,圈,juān,juan1,5,1517,qv/n/v,to confine; to lock up; to pen in,,
全面,全面,quán miàn,quan2 mian4,5,2552,ad/a,all-around; comprehensive; total; overall,,
权力,權力,quán lì,quan2 li4,5,2229,n,power; authority,,
权利,權利,quán lì,quan2 li4,5,1696,n,right (i.e. an entitlement to sth); (classical) power and wealth,,
劝,勸,quàn,quan4,5,3745,v,to advise; to urge; to try to persuade; to exhort; to console; to soothe,,
缺乏,缺乏,quē fá,que1 fa2,5,2593,v/vn,to lack; to be short of,,
确定,確定,què dìng,que4 ding4,5,651,v/vn,definite; certain; fixed; to fix (on sth); to determine; to be sure; to ensure; to make certain; to ascertain; to clinch; to recognize; to confirm; OK (on computer dialog box),,
确认,確認,què rèn,que4 ren4,5,2006,v/vn,to confirm; to verify; confirmation,,
燃烧,燃燒,rán shāo,ran2 shao1,5,4624,v/vn,to ignite; to combust; to burn; combustion; flaming,,
嚷,嚷,rǎng,rang3,5,13472,v,to shout; to bellow; to make a big deal of sth; to make a fuss about sth,,
绕,繞,rào,rao4,5,3312,v,to wind; to coil (thread); to rotate around; to spiral; to move around; to go round (an obstacle); to by-pass; to make a detour; to confuse; to perplex,,
热爱,熱愛,rè ài,re4 ai4,5,4185,v/vn,to love ardently; to adore,,
热烈,熱烈,rè liè,re4 lie4,5,4022,a/ad,enthusiastic; ardent; warm,,
热心,熱心,rè xīn,re4 xin1,5,7849,a/v/ad/u/an,enthusiastic; ardent; zealous,,
人才,人才,rén cái,ren2 cai2,5,2673,n,talent; talented person; looks; attractive looks,,
人口,人口,rén kǒu,ren2 kou3,5,2767,n,population; people,,
人类,人類,rén lèi,ren2 lei4,5,1038,n,humanity; human race; mankind,,
人生,人生,rén shēng,ren2 sheng1,5,926,n,life (one's time on earth),,
人事,人事,rén shì,ren2 shi4,5,7842,n,personnel; human resources; human affairs; ways of the world; (euphemism) sexuality; the facts of life,,
人物,人物,rén wù,ren2 wu4,5,1410,n,"person; personage; figure (esp. sb of importance); character (in a play, novel etc); figure painting (as a genre of traditional Chinese painting)",,
人员,人員,rén yuán,ren2 yuan2,5,671,n,staff; crew; personnel,,个
忍不住,忍不住,rěn bu zhù,ren3 bu5 zhu4,5,4096,v,cannot help; unable to bear,,
日常,日常,rì cháng,ri4 chang2,5,5145,b,day-to-day; daily; everyday,,
日程,日程,rì chéng,ri4 cheng2,5,8938,n,schedule; itinerary,,个
日历,日曆,rì lì,ri4 li4,5,13555,n,calendar,,张/本
日期,日期,rì qī,ri4 qi1,5,3928,n,date,,个
日用品,日用品,rì yòng pǐn,ri4 yong4 pin3,5,24114,n,articles for daily use,,件/个
荣幸,榮幸,róng xìng,rong2 xing4,5,6767,a/an,honored (to have the privilege of ...),,
荣誉,榮譽,róng yù,rong2 yu4,5,3668,n,honor; credit; glory; (honorable) reputation; honorary,,
融化,融化,róng huà,rong2 hua4,5,8983,v,to melt; to thaw; to dissolve; to blend into; to combine; to fuse,,
如何,如何,rú hé,ru2 he2,5,391,r,how; what way; what,,
如今,如今,rú jīn,ru2 jin1,5,2487,t,nowadays; now,,
软件,軟件,ruǎn jiàn,ruan3 jian4,5,3539,n,(computer) software,,
弱,弱,ruò,ruo4,5,2968,a,weak; feeble; young; inferior; not as good as; (following a decimal or fraction) slightly less than,,
洒,灑,sǎ,sa3,5,6215,v,to sprinkle; to spray; to spill; to shed,,
嗓子,嗓子,sǎng zi,sang3 zi5,5,8030,n,throat; voice,,把
杀,殺,shā,sha1,5,557,v,to kill; to murder; to attack; to weaken or reduce; to smart (dialect); (used after a verb) extremely,,
沙漠,沙漠,shā mò,sha1 mo4,5,5824,n,desert,,个
沙滩,沙灘,shā tān,sha1 tan1,5,6517,n,beach; sandy shore,,片
傻,傻,shǎ,sha3,5,1197,a/an,foolish,,
晒,曬,shài,shai4,5,3679,v/vn,"(of the sun) to shine on; to bask in (the sunshine); to dry (clothes, grain etc) in the sun; (fig.) to expose and share (one's experiences and thoughts) on the Web (loanword from ""share""); (coll.) to give the cold shoulder to",,
删除,刪除,shān chú,shan1 chu2,5,7087,v,to delete; to cancel,,
闪电,閃電,shǎn diàn,shan3 dian4,5,6256,n/v,lightning,,道
扇子,扇子,shàn zi,shan4 zi5,5,24273,n,fan,,把
善良,善良,shàn liáng,shan4 liang2,5,4078,a/an,good and honest; kindhearted,,
善于,善於,shàn yú,shan4 yu2,5,5447,v,to be good at; to be adept at,,
商品,商品,shāng pǐn,shang1 pin3,5,3735,n,commodity; goods; merchandise,,个
商业,商業,shāng yè,shang1 ye4,5,2129,n,business; trade; commerce,,
上当,上當,shàng dàng,shang4 dang4,5,9629,v,taken in (by sb's deceit); to be fooled; to be duped,,
勺子,勺子,sháo zi,shao2 zi5,5,15680,n,scoop; ladle,,把
舌头,舌頭,shé tou,she2 tou5,5,6358,n,tongue; enemy soldier captured for the purpose of extracting information,,个
蛇,蛇,shé,she2,5,3448,n,snake; serpent,,条
舍不得,捨不得,shě bu de,she3 bu5 de5,5,8924,v,to hate to do sth; to hate to part with; to begrudge,,
设备,設備,shè bèi,she4 bei4,5,1590,n,equipment; facilities; installations,,个
设计,設計,shè jì,she4 ji4,5,765,v/vn,to design; to plan; design; plan,,
设施,設施,shè shī,she4 shi1,5,3321,n,facilities; installation,,
射击,射擊,shè jī,she4 ji1,5,5059,v/vn,to shoot; to fire (a gun),,
摄影,攝影,shè yǐng,she4 ying3,5,3191,v/vn,to take a photograph; photography; to shoot (a movie),,
伸,伸,shēn,shen1,5,4337,v,to stretch; to extend,,
身材,身材,shēn cái,shen1 cai2,5,3318,n,stature; build (height and weight); figure,,
身份,身份,shēn fèn,shen1 fen4,5,1401,n,"identity; aspect of one's identity (i.e. sth that one is – mayor, father, permanent resident etc); role; capacity (as in ""in his capacity as a ..."" 以…份); status (social, legal etc); position; rank",,
深刻,深刻,shēn kè,shen1 ke4,5,2542,a/ad,profound; deep; deep-going,,
神话,神話,shén huà,shen2 hua4,5,6046,n,legend; fairy tale; myth; mythology,,
神经,神經,shén jīng,shen2 jing1,5,2307,n,nerve; mental state; (coll.) unhinged; nutjob,,
神秘,神秘,shén mì,shen2 mi4,5,2364,a/an/ad,mysterious; mystery,,
升,升,shēng,sheng1,5,1863,v/q,to ascend; to rise to the rank of; to promote; to hoist; liter; measure for dry grain equal to one-tenth dou 斗,,
生产,生產,shēng chǎn,sheng1 chan3,5,2146,vn/v,to produce; to manufacture; to give birth to a child,,
生动,生動,shēng dòng,sheng1 dong4,5,7805,a/ad,vivid; lively,,
声调,聲調,shēng diào,sheng1 diao4,5,23243,n,tone; note; a tone (on a Chinese syllable),,个
绳子,繩子,shéng zi,sheng2 zi5,5,7161,n,cord; string; rope,,条
省略,省略,shěng lu:è,sheng3 lüe4,5,19480,v,to leave out; an omission,,
胜利,勝利,shèng lì,sheng4 li4,5,1445,v/vn/nz,victory,,个
失眠,失眠,shī mián,shi1 mian2,5,7134,v/vn,to suffer from insomnia,,
失去,失去,shī qù,shi1 qu4,5,949,v,to lose,,
失业,失業,shī yè,shi1 ye4,5,4758,v/vn,unemployment; to lose one's job,,
诗,詩,shī,shi1,5,2594,n,poem; poetry; verse,,首
石头,石頭,shí tou,shi2 tou5,5,3169,n,stone,,块
时代,時代,shí dài,shi2 dai4,5,1384,n,age; era; epoch; period (in one's life),,个
时刻,時刻,shí kè,shi2 ke4,5,1705,n/d,time; juncture; moment; period of time; constantly; always,,个/段
时髦,時髦,shí máo,shi2 mao2,5,8563,a,in vogue; fashionable,,
时期,時期,shí qī,shi2 qi1,5,2090,n,period; phase,,个
时尚,時尚,shí shàng,shi2 shang4,5,1741,n,fashion; fad; fashionable,,
实话,實話,shí huà,shi2 hua4,5,4003,n,truth,,
实践,實踐,shí jiàn,shi2 jian4,5,5107,v/vn,practice; to put into practice; to live up to (a promise); to carry out (a project),,
实习,實習,shí xí,shi2 xi2,5,6022,vn/v,to practice; field work; to intern; internship,,
实现,實現,shí xiàn,shi2 xian4,5,1144,v/vn,to achieve; to implement; to realize; to bring about,,
实行,實行,shí xíng,shi2 xing2,5,4383,v,to implement; to carry out; to put into practice,,
实验,實驗,shí yàn,shi2 yan4,5,1879,vn/n/v,experiment; test; experimental; to experiment,,个/次
实用,實用,shí yòng,shi2 yong4,5,8149,a/vn,practical; functional; pragmatic; applied (science),,
食物,食物,shí wù,shi2 wu4,5,1768,n,food,,种
使劲儿,使勁兒,shǐ jìn r,shi3 jin4 r5,5,1000000,,erhua variant of 使劲; to exert all one's strength,,
始终,始終,shǐ zhōng,shi3 zhong1,5,2984,d/n,from beginning to end; all along,,
士兵,士兵,shì bīng,shi4 bing1,5,2348,n,soldier,,个
似的,似的,shì de,shi4 de5,5,2525,u,seems as if; rather like; Taiwan pr. [sì de],,
似乎,似乎,sì hū,si4 hu1,5,997,d,it seems; seemingly; as if,,
事实,事實,shì shí,shi4 shi2,5,1092,n,fact,,个
事物,事物,shì wù,shi4 wu4,5,3523,n,thing; object,,个
事先,事先,shì xiān,shi4 xian1,5,4757,d,in advance; before the event; beforehand; prior,,
试卷,試卷,shì juàn,shi4 juan4,5,12765,n,examination paper; test paper,,份/张
是否,是否,shì fǒu,shi4 fou3,5,553,v,whether (or not); if; is or isn't,,
收获,收穫,shōu huò,shou1 huo4,5,3809,n/v/vn,to harvest; to reap; to gain; crop; harvest; profit; gain; bonus; reward,,
收据,收據,shōu jù,shou1 ju4,5,11991,n,receipt,,张
手工,手工,shǒu gōng,shou3 gong1,5,6943,n/d,handwork; manual,,
手术,手術,shǒu shù,shou3 shu4,5,1041,n/v/vn,(surgical) operation; surgery,,个
手套,手套,shǒu tào,shou3 tao4,5,6306,n,glove; mitten,,双/只
手续,手續,shǒu xù,shou3 xu4,5,5265,n,procedure; formalities,,道/个
手指,手指,shǒu zhǐ,shou3 zhi3,5,3266,n,finger,,个/只
寿命,壽命,shòu mìng,shou4 ming4,5,10838,n,life span; life expectancy; lifetime (of a machine),,
受伤,受傷,shòu shāng,shou4 shang1,5,1454,v/vn,to sustain injuries; wounded (in an accident etc); harmed,,
书架,書架,shū jià,shu1 jia4,5,16554,n,bookshelf,,个
梳子,梳子,shū zi,shu1 zi5,5,21250,n,comb,,把
舒适,舒適,shū shì,shu1 shi4,5,4270,a/an,cozy; snug,,
输入,輸入,shū rù,shu1 ru4,5,4724,v/vn,to import; to input,,
蔬菜,蔬菜,shū cài,shu1 cai4,5,4103,n,vegetables,,种
熟练,熟練,shú liàn,shu2 lian4,5,9623,a/ad,practiced; proficient; skilled; skillful,,
属于,屬於,shǔ yú,shu3 yu2,5,1036,v,to be classified as; to belong to; to be part of,,
鼠标,鼠標,shǔ biāo,shu3 biao1,5,18087,n,mouse (computing),,
数据,數據,shù jù,shu4 ju4,5,1496,n,data,,
数码,數碼,shù mǎ,shu4 ma3,5,6016,n,number; numerals; figures; digital; amount; numerical code,,
摔,摔,shuāi,shuai1,5,3263,v,to throw down; to fall; to drop and break,,
甩,甩,shuǎi,shuai3,5,3672,v,to throw; to fling; to swing; to leave behind; to throw off; to dump (sb),,
双方,雙方,shuāng fāng,shuang1 fang1,5,2714,n,bilateral; both sides; both parties involved,,
税,稅,shuì,shui4,5,3627,n,taxes; duties,,
说不定,說不定,shuō bu dìng,shuo1 bu5 ding4,5,4677,v,can't say for sure; maybe,,
说服,說服,shuō fú,shuo1 fu2,5,4892,v/vn,to persuade; to convince; to talk sb over; Taiwan pr. [shuì fú],,
丝绸,絲綢,sī chóu,si1 chou2,5,12230,n,silk cloth; silk,,
丝毫,絲毫,sī háo,si1 hao2,5,5484,m/a/n,the slightest amount or degree; a bit,,
私人,私人,sī rén,si1 ren2,5,2449,n,private; personal; interpersonal; sb with whom one has a close personal relationship; a member of one's clique,,
思考,思考,sī kǎo,si1 kao3,5,2231,v/vn,to reflect on; to ponder over,,
思想,思想,sī xiǎng,si1 xiang3,5,1525,n,thought; thinking; idea; ideology,,个
撕,撕,sī,si1,5,5814,v,to tear,,
寺庙,寺廟,sì miào,si4 miao4,5,14797,n,temple; monastery; shrine,,
宿舍,宿舍,sù shè,su4 she4,5,4045,n,dormitory; dorm room; living quarters; hostel,,间
随时,隨時,suí shí,sui2 shi2,5,2085,d,at any time; at all times; at the right time; whenever necessary,,
碎,碎,suì,sui4,5,2313,a/v,(transitive or intransitive verb) to break into pieces; to shatter; to crumble; broken; fragmentary; scattered; garrulous,,
损失,損失,sǔn shī,sun3 shi1,5,1930,n/v,loss; damage; to lose; to suffer damage,,个
缩短,縮短,suō duǎn,suo1 duan3,5,9438,v,to curtail; to cut down,,
缩小,縮小,suō xiǎo,suo1 xiao3,5,5320,v/vn,to reduce; to decrease; to shrink,,
所,所,suǒ,suo3,5,159,u/q/n,"actually; place; classifier for houses, small buildings, institutions etc; that which; particle introducing a relative clause or passive",,个
所谓,所謂,suǒ wèi,suo3 wei4,5,1616,v/vn,so-called; what is called,,
锁,鎖,suǒ,suo3,5,2607,v/n,to lock; to lock up; a lock,,把
塔,塔,tǎ,ta3,5,2198,n/b,pagoda; tower; minaret; stupa (abbr. loanword from Sanskrit tapo),,座
台阶,臺階,tái jiē,tai2 jie1,5,7435,n,steps; flight of steps; step (over obstacle); fig. way out of an embarrassing situation; bench (geology),,
太极拳,太極拳,tài jí quán,tai4 ji2 quan2,5,31592,n,"shadowboxing or Taiji, T'aichi or T'aichichuan; traditional form of physical exercise or relaxation; a martial art",,
太太,太太,tài tai,tai4 tai5,5,3823,n,married woman; Mrs.; Madam; wife,,个/位
谈判,談判,tán pàn,tan2 pan4,5,2830,vn/v,to negotiate; negotiation; talks; conference,,个
坦率,坦率,tǎn shuài,tan3 shuai4,5,11926,a/ad,frank (discussion); blunt; open,,
烫,燙,tàng,tang4,5,4676,v/a,to scald; to burn (by scalding); to blanch (cooking); to heat (sth) up in hot water; to perm; to iron; scalding hot,,
逃,逃,táo,tao2,5,2056,v/vn,to escape; to run away; to flee,,
逃避,逃避,táo bì,tao2 bi4,5,4735,v/vn,to escape; to evade; to avoid; to shirk,,
桃,桃,táo,tao2,5,6265,n,peach,,
套,套,tào,tao4,5,715,q/v/g,"to cover; to encase; cover; sheath; to overlap; to interleave; to model after; to copy; formula; harness; loop of rope; (fig.) to fish for; to obtain slyly; classifier for sets, collections; bend (of a river or mountain range, in place names); tau (Greek letter Ττ)",,
特殊,特殊,tè shū,te4 shu1,5,1632,a/ad,special; particular; unusual; extraordinary,,
特意,特意,tè yì,te4 yi4,5,6391,d,specially; intentionally,,
特征,特徵,tè zhēng,te4 zheng1,5,3497,n,characteristic; diagnostic property; distinctive feature; trait,,
疼爱,疼愛,téng ài,teng2 ai4,5,14247,v/vn,to love dearly,,
提,提,tí,ti2,5,919,v,to carry (hanging down from the hand); to lift; to put forward; to mention; to raise (an issue); upwards character stroke; lifting brush stroke (in painting); scoop for measuring liquid,,
提倡,提倡,tí chàng,ti2 chang4,5,11719,v/vn,to promote; to advocate,,
提纲,提綱,tí gāng,ti2 gang1,5,28361,n,outline; synopsis; notes,,
提问,提問,tí wèn,ti2 wen4,5,5085,vn/v,to question; to quiz; to grill,,
题目,題目,tí mù,ti2 mu4,5,7020,n,subject; title; topic,,个
体会,體會,tǐ huì,ti3 hui4,5,3605,v/vn,to know from experience; to learn through experience; to realize; understanding; experience,,
体积,體積,tǐ jī,ti3 ji1,5,10883,n,volume; bulk,,个
体贴,體貼,tǐ tiē,ti3 tie1,5,7789,v/vn,considerate (of other people's needs),,
体现,體現,tǐ xiàn,ti3 xian4,5,4185,v/vn,to embody; to reflect; to incarnate,,
体验,體驗,tǐ yàn,ti3 yan4,5,2553,v/vn,to experience for oneself,,
天空,天空,tiān kōng,tian1 kong1,5,3292,n,sky,,
天真,天真,tiān zhēn,tian1 zhen1,5,5823,a/an,naive; innocent; artless,,
田野,田野,tián yě,tian2 ye3,5,16069,n,field; open land,,片
挑战,挑戰,tiǎo zhàn,tiao3 zhan4,5,1571,vn/v,to challenge; challenge,,
通常,通常,tōng cháng,tong1 chang2,5,1897,d/b,regular; usual; normal; usually; normally,,
通讯,通訊,tōng xùn,tong1 xun4,5,3811,n,communications; news story; dispatch,,个
同时,同時,tóng shí,tong2 shi2,5,566,c/n/d,at the same time; simultaneously,,
铜,銅,tóng,tong2,5,4916,n,copper (chemistry); see also 红铜,,块
统一,統一,tǒng yī,tong3 yi1,5,3308,v/vn/a/ad,to unify; to integrate; unified; integrated,,
统治,統治,tǒng zhì,tong3 zhi4,5,4679,vn/v,to rule (a country); to govern; rule; regime,,
痛苦,痛苦,tòng kǔ,tong4 ku3,5,1336,an/a/ad,pain; suffering; painful,,个
痛快,痛快,tòng kuài,tong4 kuai4,5,9101,a/an,delighted; to one's heart's content; straightforward; also pr. [tòng kuai],,
投资,投資,tóu zī,tou2 zi1,5,1236,vn/v/n,investment; to invest,,
透明,透明,tòu míng,tou4 ming2,5,6636,a/ad,transparent; (fig.) transparent; open to scrutiny,,
突出,突出,tū chū,tu1 chu1,5,3980,a/v/ad,prominent; outstanding; to give prominence to; to protrude; to project,,
土地,土地,tǔ dì,tu3 di4,5,1563,n,land; soil; territory,,片/块
土豆,土豆,tǔ dòu,tu3 dou4,5,5611,n,potato; (Tw) peanut,,个/颗
吐,吐,tǔ,tu3,5,1958,v,"to spit; to send out (silk from a silkworm, bolls from cotton flowers etc); to say; to pour out (one's grievances)",,
兔子,兔子,tù zi,tu4 zi5,5,5002,n,hare; rabbit,,只
团,團,tuán,tuan2,5,1597,n/q,"round; lump; ball; to roll into a ball; to gather; regiment; group; society; classifier for a lump or a soft mass: wad (of paper), ball (of wool), cloud (of smoke)",,
推辞,推辭,tuī cí,tui1 ci2,5,28333,v,"to decline (an appointment, invitation etc)",,
推广,推廣,tuī guǎng,tui1 guang3,5,6093,v/vn,to extend; to spread; to popularize; generalization; promotion (of a product etc),,
推荐,推薦,tuī jiàn,tui1 jian4,5,2168,v/vn,to recommend; recommendation,,
退,退,tuì,tui4,5,1809,v,to retreat; to withdraw; to reject; to return (sth); to decline,,
退步,退步,tuì bù,tui4 bu4,5,21136,v/vn,to do less well than before; to make a concession; setback; backward step; leeway; room to maneuver; fallback,,
退休,退休,tuì xiū,tui4 xiu1,5,3442,v/vn,to retire (from the workforce); to go into retirement,,
歪,歪,wāi,wai1,5,5307,a/v,askew; at a crooked angle; devious; noxious; (coll.) to lie on one's side,,
外交,外交,wài jiāo,wai4 jiao1,5,5317,n,diplomacy; diplomatic; foreign affairs,,个
弯,彎,wān,wan1,5,5007,v/g/a/q,to bend; bent; a bend; a turn (in a road etc),,道
完美,完美,wán měi,wan2 mei3,5,1292,a/ad,perfect,,
完善,完善,wán shàn,wan2 shan4,5,5660,v/a,"(of systems, facilities etc) comprehensive; well-developed; excellent; to refine; to improve",,
完整,完整,wán zhěng,wan2 zheng3,5,2824,a/ad/an,complete; intact,,
玩具,玩具,wán jù,wan2 ju4,5,3240,n,plaything; toy,,
万一,萬一,wàn yī,wan4 yi1,5,2483,c/d/t,just in case; if by any chance; contingency,,
王子,王子,wáng zǐ,wang2 zi3,5,3631,n/nr,prince; son of a king,,
往返,往返,wǎng fǎn,wang3 fan3,5,13580,v/vn,to go back and forth; to go to and fro; to do a round trip,,
危害,危害,wēi hài,wei1 hai4,5,5260,v/vn,to jeopardize; to harm; to endanger; harmful effect; damage,,个
威胁,威脅,wēi xié,wei1 xie2,5,1564,v/vn,to threaten; to menace,,
微笑,微笑,wēi xiào,wei1 xiao4,5,2208,v/vn/n,smile; to smile,,个/丝
围巾,圍巾,wéi jīn,wei2 jin1,5,7051,n,scarf; shawl,,条
围绕,圍繞,wéi rào,wei2 rao4,5,5297,v,to revolve around; to center on (an issue),,
违反,違反,wéi fǎn,wei2 fan3,5,3160,v,to violate (a law),,
唯一,唯一,wéi yī,wei2 yi1,5,426,b/d,only; sole,,
维护,維護,wéi hù,wei2 hu4,5,3156,v/vn,to defend; to safeguard; to protect; to uphold; to maintain,,
伟大,偉大,wěi dà,wei3 da4,5,1387,a,huge; great; grand; worthy of the greatest admiration; important (contribution etc),,
尾巴,尾巴,wěi ba,wei3 ba5,5,6892,n,tail; colloquial pr. [yǐ ba],,
委屈,委屈,wěi qu,wei3 qu5,5,10626,a/v/an/vn/ad,to feel wronged; to cause sb to feel wronged; grievance,,
委托,委託,wěi tuō,wei3 tuo1,5,3172,vn/v,to entrust; to trust; to commission,,
卫生间,衛生間,wèi shēng jiān,wei4 sheng1 jian1,5,7314,n,bathroom; toilet; WC,,间
未必,未必,wèi bì,wei4 bi4,5,7646,d,not necessarily; maybe not,,
未来,未來,wèi lái,wei4 lai2,5,765,t,future; tomorrow; approaching; coming; pending,,个
位置,位置,wèi zhi,wei4 zhi5,5,1003,n,position; place; seat,,个
胃,胃,wèi,wei4,5,3072,n,stomach,,个
温暖,溫暖,wēn nuǎn,wen1 nuan3,5,2753,an/a/v,warm,,
温柔,溫柔,wēn róu,wen1 rou2,5,3534,a/an/ad,gentle and soft; tender; sweet (commonly used to describe a girl or woman),,
文件,文件,wén jiàn,wen2 jian4,5,1342,n,document; file,,份
文具,文具,wén jù,wen2 ju4,5,24111,n,"stationery; item of stationery (pen, pencil, eraser, pencil sharpener etc)",,
文明,文明,wén míng,wen2 ming2,5,3200,n/a/ad,civilized; civilization; culture,,个
文学,文學,wén xué,wen2 xue2,5,4277,n,literature,,种
闻,聞,wén,wen2,5,2427,v,to hear; news; well-known; famous; reputation; fame; to smell; to sniff at,,
吻,吻,wěn,wen3,5,2797,v,kiss; to kiss; mouth,,
稳定,穩定,wěn dìng,wen3 ding4,5,1539,a/an/v/ad,steady; stable; stability; to stabilize; to pacify,,
问候,問候,wèn hòu,wen4 hou4,5,6124,vn/v,to give one's respects; to send a greeting; (fig.) (coll.) to make offensive reference to (somebody dear to the person to whom one is speaking),,
卧室,臥室,wò shì,wo4 shi4,5,4607,n,bedroom,,间
屋子,屋子,wū zi,wu1 zi5,5,4296,n,house; room,,间
无奈,無奈,wú nài,wu2 nai4,5,8772,d/an/a/n,to have no alternative; frustrated; exasperated; helpless; (conjunction) but unfortunately,,
无数,無數,wú shù,wu2 shu4,5,3156,m,countless; numberless; innumerable,,
武器,武器,wǔ qì,wu3 qi4,5,1505,n,weapon; arms,,种
武术,武術,wǔ shù,wu3 shu4,5,9314,n,military skill or technique (in former times); all kinds of martial art sports (some claiming spiritual development); self-defense; tradition of choreographed fights from opera and film (recent usage); also called kungfu 功夫,,种
物理,物理,wù lǐ,wu4 li3,5,4843,n,physics; physical,,
物质,物質,wù zhì,wu4 zhi4,5,2353,n,matter; substance; material; materialistic,,个
雾,霧,wù,wu4,5,4332,n,fog; mist,,场/阵
吸收,吸收,xī shōu,xi1 shou1,5,4256,v/vn,to absorb; to assimilate; to ingest; to recruit,,
戏剧,戲劇,xì jù,xi4 ju4,5,5290,n,a drama; a play; theater; script of a play,,
系,係,xì,xi4,5,1415,v/n,to connect; to relate to; to tie up; to bind; to be (literary),,
系领带,繫領帶,xì lǐng dài,xi4 ling3 dai4,5,1000000,,to wear a tie,,
系统,系統,xì tǒng,xi4 tong3,5,552,n/ad/a,system,,个
细节,細節,xì jié,xi4 jie2,5,2507,n,details; particulars,,
瞎,瞎,xiā,xia1,5,3932,d/v/a,blind; groundlessly; foolishly; to no purpose,,
下载,下載,xià zǎi,xia4 zai3,5,4502,v,to download; also pr. [xià zài],,
吓,嚇,hè,he4,5,1856,v,to scare; to intimidate; to threaten; (interjection showing disapproval) tut-tut; (interjection showing astonishment),,
鲜艳,鮮艷,xiān yàn,xian1 yan4,5,15101,a,bright-colored; gaily-colored,,
显得,顯得,xiǎn de,xian3 de5,5,2352,v,to seem; to look; to appear,,
显然,顯然,xiǎn rán,xian3 ran2,5,1345,a/ad,clearly; evidently; obviously,,
显示,顯示,xiǎn shì,xian3 shi4,5,1030,v/vn,to show; to illustrate; to display; to demonstrate,,
县,縣,xiàn,xian4,5,3513,n,county,,
现金,現金,xiàn jīn,xian4 jin1,5,2030,n,cash,,
现实,現實,xiàn shí,xian4 shi2,5,1237,n/a,reality; actuality; real; actual; realistic; pragmatic; materialistic; self-interested,,
现象,現象,xiàn xiàng,xian4 xiang4,5,2440,n,phenomenon; appearance,,个/种
相处,相處,xiāng chǔ,xiang1 chu3,5,3898,v/vn,"to be in contact (with sb); to associate; to interact; to get along (well, poorly)",,
相当,相當,xiāng dāng,xiang1 dang1,5,1139,d/v/vn,equivalent to; appropriate; considerably; to a certain extent; fairly; quite,,
相对,相對,xiāng duì,xiang1 dui4,5,3673,d/v/b,relatively; opposite; to resist; to oppose; relative; vis-a-vis; counterpart,,
相关,相關,xiāng guān,xiang1 guan1,5,1782,vn/v,related; relevant; pertinent; to be interrelated; (statistics) correlation,,
相似,相似,xiāng sì,xiang1 si4,5,4024,a,similar; alike,,
享受,享受,xiǎng shòu,xiang3 shou4,5,1102,v/vn,to enjoy; to live it up; pleasure,,种
想念,想念,xiǎng niàn,xiang3 nian4,5,3090,v,to miss; to remember with longing; to long to see again,,
想象,想象,xiǎng xiàng,xiang3 xiang4,5,1608,v/vn,to imagine; to envision; imagination,,
项,項,xiàng,xiang4,5,837,q,"back of neck; item; thing; term (in a mathematical formula); sum (of money); classifier for principles, items, clauses, tasks, research projects etc",,
项链,項鏈,xiàng liàn,xiang4 lian4,5,6716,n,necklace,,条
项目,項目,xiàng mù,xiang4 mu4,5,908,n,item; project; (sports) event,,个
象棋,象棋,xiàng qí,xiang4 qi2,5,15393,n,Chinese chess,,副
象征,象徵,xiàng zhēng,xiang4 zheng1,5,5049,n/v/vn,emblem; symbol; token; badge; to symbolize; to signify; to stand for,,
橡皮,橡皮,xiàng pí,xiang4 pi2,5,17575,n,rubber; an eraser,,块
消费,消費,xiāo fèi,xiao1 fei4,5,4382,vn/v,to consume; to spend,,
消化,消化,xiāo huà,xiao1 hua4,5,5399,v/vn,to digest (food); (fig.) to absorb (information etc); to assimilate; to process,,
消灭,消滅,xiāo miè,xiao1 mie4,5,4105,v,to put an end to; to annihilate; to cause to perish; to perish; annihilation (in quantum field theory),,
消失,消失,xiāo shī,xiao1 shi1,5,1528,v/vn,to disappear; to fade away,,
销售,銷售,xiāo shòu,xiao1 shou4,5,1999,vn/v,"to sell; to market; sales (representative, agreement etc)",,
小吃,小吃,xiǎo chī,xiao3 chi1,5,10263,n,snack; refreshments,,家
小伙子,小伙子,xiǎo huǒ zi,xiao3 huo3 zi5,5,4267,n,young man; young guy; lad; youngster,,个
小麦,小麥,xiǎo mài,xiao3 mai4,5,8774,n,wheat,,粒
小气,小氣,xiǎo qì,xiao3 qi4,5,13236,a,stingy; miserly; narrow-minded; petty,,
小偷,小偷,xiǎo tōu,xiao3 tou1,5,5113,n,thief,,
孝顺,孝順,xiào shùn,xiao4 shun4,5,17571,v/a/an,filial; dutiful; devoted to one's parents (and grandparents etc); to show filial piety towards (an older family member); filial piety,,
效率,效率,xiào lǜ,xiao4 lü4,5,5188,n,efficiency,,
歇,歇,xiē,xie1,5,6962,v,to rest; to take a break; to stop; to halt; (dialect) to sleep; a moment; a short while,,
协调,協調,xié tiáo,xie2 tiao2,5,4200,v/vn/a/ad/an,to coordinate; to harmonize; to fit together; to match (colors etc); harmonious; concerted,,
斜,斜,xié,xie2,5,7766,ad/v/a,inclined; slanting; oblique; tilting,,
心理,心理,xīn lǐ,xin1 li3,5,1160,n,psychology; mentality,,
心脏,心臟,xīn zàng,xin1 zang4,5,2663,n,heart,,颗/个
欣赏,欣賞,xīn shǎng,xin1 shang3,5,2305,v/vn,to appreciate; to enjoy; to admire,,
信封,信封,xìn fēng,xin4 feng1,5,10268,n,envelope,,个
信号,信號,xìn hào,xin4 hao4,5,1815,n,signal,,
信息,信息,xìn xī,xin4 xi1,5,612,n,information; news; message,,
行动,行動,xíng dòng,xing2 dong4,5,666,vn/v,operation; action; to move about; mobile,,个
行人,行人,xíng rén,xing2 ren2,5,10141,n,pedestrian; traveler on foot; passer-by; official responsible for arranging audiences with the emperor,,
行为,行為,xíng wéi,xing2 wei2,5,734,n,action; conduct; behavior; activity,,
行业,行業,háng yè,hang2 ye4,5,2346,n,trade; profession; industry; business,,
形成,形成,xíng chéng,xing2 cheng2,5,2335,v/vn,to form; to take shape,,
形容,形容,xíng róng,xing2 rong2,5,4235,v/vn,to describe; (literary) countenance; appearance,,
形式,形式,xíng shì,xing2 shi4,5,2476,n,outer appearance; form; shape; formality,,个
形势,形勢,xíng shì,xing2 shi4,5,3741,n,circumstances; situation; terrain,,个
形象,形象,xíng xiàng,xing2 xiang4,5,2124,n/a,image; form; figure; visualization; vivid,,个
形状,形狀,xíng zhuàng,xing2 zhuang4,5,5839,n,form; shape,,个
幸亏,幸虧,xìng kuī,xing4 kui1,5,10426,d,fortunately; luckily,,
幸运,幸運,xìng yùn,xing4 yun4,5,1830,a/an/ad,fortunate; lucky; fortune; luck,,
性质,性質,xìng zhì,xing4 zhi4,5,6027,n,nature; characteristic,,个
兄弟,兄弟,xiōng dì,xiong1 di4,5,1060,n,"brothers; younger brother; I, me (humble term used by men in public speech); brotherly; fraternal",,个
胸,胸,xiōng,xiong1,5,2291,g/n,chest; bosom; heart; mind; thorax,,
雄伟,雄偉,xióng wěi,xiong2 wei3,5,21406,a,grand; imposing; magnificent; majestic,,
休闲,休閒,xiū xián,xiu1 xian2,5,5276,vn/v,leisure; relaxation; not working; idle; to enjoy leisure; to lie fallow,,
修改,修改,xiū gǎi,xiu1 gai3,5,3871,v/vn,to amend; to alter; to modify,,
虚心,虛心,xū xīn,xu1 xin1,5,25241,a/ad,open-minded; humble,,
叙述,敘述,xù shù,xu4 shu4,5,9937,v/vn,to relate (a story or information); to tell or talk about; to recount; narration; telling; narrative; account,,
宣布,宣布,xuān bù,xuan1 bu4,5,1467,v,to declare; to announce; to proclaim,,
宣传,宣傳,xuān chuán,xuan1 chuan2,5,2072,vn/v,to disseminate; to give publicity to; propaganda,,个
选举,選舉,xuǎn jǔ,xuan3 ju3,5,3104,v/vn,to elect; election,,次/个
学期,學期,xué qī,xue2 qi1,5,5859,n,term; semester,,个
学术,學術,xué shù,xue2 shu4,5,6632,n,learning; science; academic,,个
学问,學問,xué wèn,xue2 wen4,5,14605,n,learning; knowledge,,个
寻找,尋找,xún zhǎo,xun2 zhao3,5,1444,v,to seek; to look for,,
询问,詢問,xún wèn,xun2 wen4,5,3515,v/vn,to inquire,,
迅速,迅速,xùn sù,xun4 su4,5,2524,ad/a,rapid; speedy; fast,,
训练,訓練,xùn liàn,xun4 lian4,5,985,vn/v,to train; to drill; training,,个
延长,延長,yán cháng,yan2 chang2,5,5928,v/vn,to prolong; to extend; to delay,,
严肃,嚴肅,yán sù,yan2 su4,5,3552,a/ad/v,solemn; grave; serious; earnest; severe,,
宴会,宴會,yàn huì,yan4 hui4,5,6859,n,banquet; feast; dinner party,,席/个
阳台,陽臺,yáng tái,yang2 tai2,5,6690,n,balcony; porch,,
痒,癢,yǎng,yang3,5,7367,a,to itch; to tickle,,
样式,樣式,yàng shì,yang4 shi4,5,14126,n,type; style,,
腰,腰,yāo,yao1,5,3323,n,waist; lower back; pocket; middle; loins,,
摇,搖,yáo,yao2,5,3118,v,to shake; to rock; to row; to crank,,
咬,咬,yǎo,yao3,5,2563,v,to bite; to nip,,
要不,要不,yào bù,yao4 bu4,5,3885,c,otherwise; or else; how about...?; either... (or...),,
要是,要是,yào shi,yao4 shi5,5,1413,c/v,(coll.) if,,
业务,業務,yè wù,ye4 wu4,5,2972,n,business; professional work; service,,项
业余,業餘,yè yú,ye4 yu2,5,5236,b,in one's spare time; outside working hours; amateur (historian etc),,
夜,夜,yè,ye4,5,1082,tg/qt,night,,
液体,液體,yè tǐ,ye4 ti3,5,6827,n,liquid,,
一辈子,一輩子,yī bèi zi,yi1 bei4 zi5,5,2335,mq,(for) a lifetime,,
一旦,一旦,yī dàn,yi1 dan4,5,1323,d/c,"in case (sth happens); if; once (sth happens, then...); when; in a short time; in one day",,
一路,一路,yī lù,yi1 lu4,5,2451,mq/d,the whole journey; all the way; going the same way; going in the same direction; of the same kind,,
一致,一致,yī zhì,yi1 zhi4,5,1957,a/an/ad/nz,unanimous; identical (views or opinions),,
依然,依然,yī rán,yi1 ran2,5,1943,d/z,still; as before,,
移动,移動,yí dòng,yi2 dong4,5,1997,vn/v,to move; movement; migration; mobile; portable,,
移民,移民,yí mín,yi2 min2,5,4025,n/vn/v,to immigrate; to migrate; emigrant; immigrant,,
遗憾,遺憾,yí hàn,yi2 han4,5,1908,a/an,regret; to regret; to be sorry that,,
疑问,疑問,yí wèn,yi2 wen4,5,5419,n,question; interrogation; doubt,,
乙,乙,yǐ,yi3,5,7820,m/Mg/n/g,"second of the ten Heavenly Stems 干; second in order; letter ""B"" or Roman ""II"" in list ""A, B, C"", or ""I, II, III"" etc; second party (in legal contract, usually 方, as opposed to 方); ethyl; bent; winding; radical in Chinese characters (Kangxi radical 5); ancient Chinese compass point: 105°",,
以及,以及,yǐ jí,yi3 ji2,5,558,cc,as well as; too; and,,
以来,以來,yǐ lái,yi3 lai2,5,1117,f,since (a previous event),,
义务,義務,yì wù,yi4 wu4,5,3344,n/d,duty; obligation; volunteer (work etc),,项
议论,議論,yì lùn,yi4 lun4,5,9604,v/vn,to comment; to talk about; to discuss; discussion,,个
意外,意外,yì wài,yi4 wai4,5,1703,a/an/ad,unexpected; accident; mishap,,个
意义,意義,yì yì,yi4 yi4,5,807,n,sense; meaning; significance; importance,,个
因而,因而,yīn ér,yin1 er2,5,8979,c,"therefore; as a result; thus; and as a result, ...",,
因素,因素,yīn sù,yin1 su4,5,2704,n,element; factor,,个
银,銀,yín,yin2,5,2564,b/g/n,silver; silver-colored; relating to money or currency,,
应付,應付,yìng fu,ying4 fu5,5,4308,v/vn,to deal with; to cope,,
应聘,應聘,yìng pìn,ying4 pin4,5,12946,v/vn,to accept a job offer; to apply for an advertised position,,
应用,應用,yìng yòng,ying4 yong4,5,5484,vn/v,"to put to use; to apply; practical; applied (science, linguistics etc); application; practical use; (computing) app",,
英俊,英俊,yīng jùn,ying1 jun4,5,8920,a,handsome,,
英雄,英雄,yīng xióng,ying1 xiong2,5,1553,n,hero,,个
迎接,迎接,yíng jiē,ying2 jie1,5,4264,v,to welcome; to greet,,
营养,營養,yíng yǎng,ying2 yang3,5,4865,n,nutrition; nourishment,,种
营业,營業,yíng yè,ying2 ye4,5,6105,vn/v,to do business; to trade,,
影子,影子,yǐng zi,ying3 zi5,5,5925,n,shadow; reflection; (fig.) hint; indication; influence,,个
硬币,硬幣,yìng bì,ying4 bi4,5,8735,n,coin,,枚
硬件,硬件,yìng jiàn,ying4 jian4,5,10323,n,hardware,,
拥抱,擁抱,yōng bào,yong1 bao4,5,3677,v/vn,to embrace; to hug,,
拥挤,擁擠,yōng jǐ,yong1 ji3,5,8579,a/v,crowded; to throng; congestion,,
勇气,勇氣,yǒng qì,yong3 qi4,5,3096,n,courage; valor,,
用途,用途,yòng tú,yong4 tu2,5,8360,n,use; application,,
优惠,優惠,yōu huì,you1 hui4,5,6443,vn/v,privilege; favorable (terms); preferential (treatment); discount (price),,
优美,優美,yōu měi,you1 mei3,5,7192,a,graceful; fine; elegant,,
优势,優勢,yōu shì,you1 shi4,5,2080,n,superiority; dominance; advantage,,
悠久,悠久,yōu jiǔ,you1 jiu3,5,12577,a,"long (tradition, history etc)",,
犹豫,猶豫,yóu yù,you2 yu4,5,5102,a/an,to hesitate,,
邮局,郵局,yóu jú,you2 ju2,5,11689,n,post office,,家/个
油炸,油炸,yóu zhá,you2 zha2,5,15944,,to deep fry,,
游览,遊覽,yóu lǎn,you2 lan3,5,12549,v/vn,to go sightseeing; to tour; to visit,,次
有利,有利,yǒu lì,you3 li4,5,4172,a,advantageous; favorable,,
幼儿园,幼兒園,yòu ér yuán,you4 er2 yuan2,5,5893,n,kindergarten; nursery school,,
娱乐,娛樂,yú lè,yu2 le4,5,2283,vn/v/n,to entertain; to amuse; entertainment; recreation; amusement; hobby; fun; joy,,
与其,與其,yǔ qí,yu3 qi2,5,14771,c,"rather than...; 与其 A 如 B (rather than A, better to B)",,
宇宙,宇宙,yǔ zhòu,yu3 zhou4,5,3871,n,universe; cosmos,,
语气,語氣,yǔ qì,yu3 qi4,5,5826,n,tone; manner of speaking; mood,,个
玉米,玉米,yù mǐ,yu4 mi3,5,3314,n,corn; maize,,粒
预报,預報,yù bào,yu4 bao4,5,8603,vn/v,forecast,,
预订,預訂,yù dìng,yu4 ding4,5,6551,v/vn,to place an order; to book ahead,,
预防,預防,yù fáng,yu4 fang2,5,5185,v/vn,to prevent; to take precautions against; to protect; to guard against; precautionary; prophylactic,,
元旦,元旦,Yuán dàn,Yuan2 dan4,5,17634,t,New Year's Day,,
原料,原料,yuán liào,yuan2 liao4,5,6634,n,raw material,,
原则,原則,yuán zé,yuan2 ze2,5,2188,n,principle; doctrine,,个
缘故,緣故,yuán gù,yuan2 gu4,5,7942,n,reason; cause,,
愿望,願望,yuàn wàng,yuan4 wang4,5,2889,n,desire; wish,,
晕,暈,yūn,yun1,5,2983,v,confused; dizzy; giddy; to faint; to swoon; to lose consciousness; to pass out,,
运气,運氣,yùn qi,yun4 qi5,5,3235,n,luck (good or bad),,
运输,運輸,yùn shū,yun4 shu1,5,3770,vn/v,to transport; to carry; transportation,,
运用,運用,yùn yòng,yun4 yong4,5,3345,v/vn,to use; to put to use,,
灾害,災害,zāi hài,zai1 hai4,5,13624,n,calamity; disaster,,个
再三,再三,zài sān,zai4 san1,5,13301,d,over and over again; again and again,,
赞成,贊成,zàn chéng,zan4 cheng2,5,5381,v,to approve; to endorse; (literary) to assist,,
赞美,讚美,zàn měi,zan4 mei3,5,7340,v/vn,to admire; to praise; to eulogize,,
糟糕,糟糕,zāo gāo,zao1 gao1,5,3403,a,too bad; how terrible; what bad luck; terrible; bad,,
造成,造成,zào chéng,zao4 cheng2,5,910,v,to bring about; to create; to cause,,
则,則,zé,ze2,5,966,d/c/q/g,(literary) (conjunction used to express contrast with a previous clause) but; then; (bound form) standard; norm; (bound form) principle; (literary) to imitate; to follow; classifier for written items,,
责备,責備,zé bèi,ze2 bei4,5,12948,v/vn,to blame; to criticize; condemnation; reproach,,
摘,摘,zhāi,zhai1,5,5217,v,"to take; to borrow; to pick (flowers, fruit etc); to pluck; to select; to remove; to take off (glasses, hat etc)",,
粘贴,粘貼,zhān tiē,zhan1 tie1,5,26487,v,"to stick; to affix; to adhere; to paste (as in ""copy and paste""); Taiwan pr. [nián tiē]; also written 黏贴",,
展开,展開,zhǎn kāi,zhan3 kai1,5,3065,v/vn,to unfold; to spread out; to open up; to launch; to carry out,,
展览,展覽,zhǎn lǎn,zhan3 lan3,5,5620,vn/v,to put on display; to exhibit; exhibition; show,,个/次
占线,佔線,zhàn xiàn,zhan4 xian4,5,38012,v/vn,busy (telephone line),,
战争,戰爭,zhàn zhēng,zhan4 zheng1,5,1274,n,war; conflict,,场/次
长途,長途,cháng tú,chang2 tu2,5,9492,b/d,long distance,,
涨,漲,zhàng,zhang4,5,4020,v,to swell; to distend,,
掌握,掌握,zhǎng wò,zhang3 wo4,5,1826,v,"to grasp (often fig.); to control; to seize (initiative, opportunity, destiny); to master; to know well; to understand sth well and know how to use it; fluency",,
账户,賬戶,zhàng hù,zhang4 hu4,5,3852,n,bank account; online account,,
招待,招待,zhāo dài,zhao1 dai4,5,8447,v/vn,to hold a reception; to offer hospitality; to entertain (guests); to serve (customers),,
召开,召開,zhào kāi,zhao4 kai1,5,4146,v,to convene (a conference or meeting); to convoke; to call together,,
照常,照常,zhào cháng,zhao4 chang2,5,15387,v,as usual,,
哲学,哲學,zhé xué,zhe2 xue2,5,5028,n,philosophy,,个
着凉,著涼,zháo liáng,zhao2 liang2,5,22241,v,to catch cold; Taiwan pr. [zhāo liáng],,
针对,針對,zhēn duì,zhen1 dui4,5,1899,p/v,to target; to focus on; to be aimed at or against; in response to,,
珍惜,珍惜,zhēn xī,zhen1 xi1,5,3787,v/vn,to treasure; to value; to cherish,,
真理,真理,zhēn lǐ,zhen1 li3,5,5445,n,truth,,个
真实,真實,zhēn shí,zhen1 shi2,5,1299,a/ad/an,true; real,,
诊断,診斷,zhěn duàn,zhen3 duan4,5,3008,v/vn,to diagnose,,
枕头,枕頭,zhěn tou,zhen3 tou5,5,7101,n,pillow,,
阵,陣,zhèn,zhen4,5,3920,g/qt,disposition of troops; wave; spate; burst; spell; short period of time; classifier for events or states of short duration,,
振动,振動,zhèn dòng,zhen4 dong4,5,11577,vn/v,to vibrate; to shake; vibration,,
争论,爭論,zhēng lùn,zheng1 lun4,5,5270,v/vn,to argue; to debate; to contend; argument; contention; controversy; debate,,次/场
争取,爭取,zhēng qǔ,zheng1 qu3,5,2213,v,to fight for; to strive for; to win over,,
征求,徵求,zhēng qiú,zheng1 qiu2,5,8059,v,"to solicit; to seek; to request (opinions, feedback etc); to petition",,
挣钱,掙錢,zhèng qián,zheng4 qian2,5,7421,v/vn,to make money,,
睁,睜,zhēng,zheng1,5,5578,v,to open (one's eyes),,
整个,整個,zhěng gè,zheng3 ge4,5,572,b/m/n,whole; entire; total,,
整体,整體,zhěng tǐ,zheng3 ti3,5,4225,n,"whole entity; entire body; synthesis; as a whole (situation, construction, team etc); global; macrocosm; integral; holistic; whole",,
正,正,zhèng,zheng4,5,294,d/b/a/v,straight; upright; proper; main; principal; to correct; to rectify; exactly; just (at that time); right (in that place); (math.) positive,,
证件,證件,zhèng jiàn,zheng4 jian4,5,5876,n,certificate; papers; credentials; document; ID,,
证据,證據,zhèng jù,zheng4 ju4,5,1826,n,evidence; proof; testimony,,
政策,政策,zhèng cè,zheng4 ce4,5,2305,n,policy,,个
政府,政府,zhèng fǔ,zheng4 fu3,5,527,n,government,,个
政治,政治,zhèng zhì,zheng4 zhi4,5,1320,n,politics; political,,
支,支,zhī,zhi1,5,915,q/v,"to support; to sustain; to erect; to raise; branch; division; to draw money; classifier for rods such as pens and guns, for army divisions and for songs or compositions",,
支票,支票,zhī piào,zhi1 piao4,5,8607,n,check (bank); cheque,,本
执行,執行,zhí xíng,zhi2 xing2,5,1328,v/vn,to implement; to carry out; to execute; to run,,
执照,執照,zhí zhào,zhi2 zhao4,5,11711,n,license; permit,,
直,直,zhí,zhi2,5,1420,d/a/v,straight; to straighten; fair and reasonable; frank; straightforward; (indicates continuing motion or action); vertical; vertical downward stroke in Chinese characters,,
指导,指導,zhǐ dǎo,zhi3 dao3,5,2171,v/vn,to guide; to give directions; to direct; to coach; guidance; tuition,,个
指挥,指揮,zhǐ huī,zhi3 hui1,5,2687,v/vn/n,to conduct; to command; to direct; conductor (of an orchestra),,个
至今,至今,zhì jīn,zhi4 jin1,5,3155,d,so far; to this day; until now,,
至于,至於,zhì yú,zhi4 yu2,5,2570,p,as for; as to; to go so far as to,,
制定,制定,zhì dìng,zhi4 ding4,5,3364,v/vn,to draw up; to formulate,,
制度,制度,zhì dù,zhi4 du4,5,3310,n,"system (e.g. political, adminstrative etc); institution",,个
制作,製作,zhì zuò,zhi4 zuo4,5,1835,v/vn,to make; to manufacture,,
治疗,治療,zhì liáo,zhi4 liao2,5,691,v/vn,to treat (an illness); medical treatment; therapy,,
秩序,秩序,zhì xù,zhi4 xu4,5,4066,n,order (orderly); order (sequence); social order; the state (of society),,个
智慧,智慧,zhì huì,zhi4 hui4,5,3247,n,wisdom; knowledge; intelligent; intelligence,,
中介,中介,zhōng jiè,zhong1 jie4,5,8051,n,to act as intermediary; to link; intermediate; inter-; agency; agent,,
中心,中心,zhōng xīn,zhong1 xin1,5,661,n,center; heart; core,,个
中旬,中旬,zhōng xún,zhong1 xun2,5,15789,t,middle third of a month,,
钟,鐘,zhōng,zhong1,5,1714,n/nr,clock; o'clock; time as measured in hours and minutes; bell,,架/座
重,重,chóng,chong2,5,608,a/d/v/q/g,to repeat; repetition; again; re-; classifier: layer,,
重复,重複,chóng fù,chong2 fu4,5,2608,v/vn/a,to repeat; to duplicate,,个
重量,重量,zhòng liàng,zhong4 liang4,5,5720,n,weight,,个
周到,周到,zhōu dào,zhou1 dao4,5,10949,a,thoughtful; considerate; attentive; thorough; also pr. [zhōu dao],,
竹子,竹子,zhú zi,zhu2 zi5,5,15281,n,bamboo,,棵/支/根
逐步,逐步,zhú bù,zhu2 bu4,5,8734,d,progressively; step by step,,
主持,主持,zhǔ chí,zhu3 chi2,5,3176,v/vn,to take charge of; to manage or direct; to preside over; to uphold; to stand for (justice etc); to host (a TV or radio program etc); (TV) anchor,,
主观,主觀,zhǔ guān,zhu3 guan1,5,9403,a/n,subjective,,
主人,主人,zhǔ rén,zhu3 ren2,5,2399,n,master; host; owner,,个
主席,主席,zhǔ xí,zhu3 xi2,5,2330,n,chairperson; premier; chairman,,个/位
主张,主張,zhǔ zhāng,zhu3 zhang1,5,6498,v/n,to advocate; to stand for; view; position; stand; proposition; viewpoint; assertion,,个
煮,煮,zhǔ,zhu3,5,2829,v,to cook; to boil,,
嘱咐,囑咐,zhǔ fù,zhu3 fu4,5,17575,v/vn,to tell; to exhort; injunction,,
注册,註冊,zhù cè,zhu4 ce4,5,3097,v/vn,to register; to enroll,,
祝福,祝福,zhù fú,zhu4 fu2,5,2756,v/vn,blessings; to wish sb well,,
抓紧,抓緊,zhuā jǐn,zhua1 jin3,5,3896,v,to keep a firm grip on; to pay close attention to; to lose no time in (doing sth),,
专家,專家,zhuān jiā,zhuan1 jia1,5,1096,n,expert; specialist,,
专心,專心,zhuān xīn,zhuan1 xin1,5,8032,ad/a,to focus one's attention; to concentrate on (doing sth),,
转变,轉變,zhuǎn biàn,zhuan3 bian4,5,3151,v/vn,to change; to transform; shift; transformation,,个
转告,轉告,zhuǎn gào,zhuan3 gao4,5,12234,v,to pass on; to communicate; to transmit,,
装,裝,zhuāng,zhuang1,5,741,v,adornment; to adorn; dress; clothing; costume (of an actor in a play); to play a role; to pretend; to install; to fix; to wrap (sth in a bag); to load; to pack,,
装饰,裝飾,zhuāng shì,zhuang1 shi4,5,3810,n/v/vn,to decorate; decoration; decorative; ornamental,,
状况,狀況,zhuàng kuàng,zhuang4 kuang4,5,1372,n,condition; state; situation,,个
状态,狀態,zhuàng tài,zhuang4 tai4,5,1158,n,condition; state; state of affairs,,个
追求,追求,zhuī qiú,zhui1 qiu2,5,2302,v/vn,to pursue (a goal etc) stubbornly; to seek after; to woo,,
咨询,咨詢,zī xún,zi1 xun2,5,2768,vn/v,to consult; to seek advice; consultation; (sales) inquiry (formal),,
姿势,姿勢,zī shì,zi1 shi4,5,4464,n,posture; position,,
资格,資格,zī gé,zi1 ge2,5,2290,n,qualifications; seniority,,
资金,資金,zī jīn,zi1 jin1,5,1851,n,funds; capital,,
资料,資料,zī liào,zi1 liao4,5,1130,n,material; resources; data; information; profile (Internet),,份/个
资源,資源,zī yuán,zi1 yuan2,5,2319,n,natural resource (such as water or minerals); resource (such as manpower or tourism),,
紫,紫,zǐ,zi3,5,6061,a,purple; violet,,
字幕,字幕,zì mù,zi4 mu4,5,11551,n,caption; subtitle,,
自从,自從,zì cóng,zi4 cong2,5,2256,p,since (a time); ever since,,
自动,自動,zì dòng,zi4 dong4,5,2365,d/b,automatic; voluntarily,,
自豪,自豪,zì háo,zi4 hao2,5,4682,a/an,proud (of one's achievements etc),,
自觉,自覺,zì jué,zi4 jue2,5,7977,a/ad/v/an,conscious; aware; on one's own initiative; conscientious,,
自私,自私,zì sī,zi4 si1,5,5778,a/an,selfish; selfishness,,
自信,自信,zì xìn,zi4 xin4,5,2610,v/an/a/vn,to have confidence in oneself; self-confidence,,
自由,自由,zì yóu,zi4 you2,5,1067,a/an/ad,freedom; liberty; free; unrestricted,,种
自愿,自願,zì yuàn,zi4 yuan4,5,4902,v/vn,voluntary,,
宗教,宗教,zōng jiào,zong1 jiao4,5,3459,n,religion,,
综合,綜合,zōng hé,zong1 he2,5,4226,vn/v/a,comprehensive; composite; synthesized; mixed; to sum up; to integrate; to synthesize,,
总裁,總裁,zǒng cái,zong3 cai2,5,4197,n,chairman; director-general (of a company etc),,
总共,總共,zǒng gòng,zong3 gong4,5,6369,d,altogether; in sum; in all; in total,,
总理,總理,zǒng lǐ,zong3 li3,5,5561,n,premier; prime minister,,个/位/名
总算,總算,zǒng suàn,zong3 suan4,5,4933,d/v,at long last; finally; on the whole,,
总统,總統,zǒng tǒng,zong3 tong3,5,988,n,president (of a country),,个/位/名/届
总之,總之,zǒng zhī,zong3 zhi1,5,3282,c,in a word; in short; in brief,,
阻止,阻止,zǔ zhǐ,zu3 zhi3,5,2318,v/vn,to prevent; to block,,
组合,組合,zǔ hé,zu3 he2,5,2208,v/n/vn,to assemble; to combine; to compose; combination; association; set; compilation; (math.) combinatorial,,
祖国,祖國,zǔ guó,zu3 guo2,5,4334,n,motherland,,
祖先,祖先,zǔ xiān,zu3 xian1,5,10617,n,ancestors; forebears; (biology) ancestral species; ancient species from which present-day species evolved,,
最初,最初,zuì chū,zui4 chu1,5,4118,b/d,first; primary; initial; original; at first; initially; originally,,
罪犯,罪犯,zuì fàn,zui4 fan4,5,5901,n,criminal,,
醉,醉,zuì,zui4,5,2402,v/vn,intoxicated,,
尊敬,尊敬,zūn jìng,zun1 jing4,5,4630,v/vn,to respect; to revere; to esteem; honorable; distinguished (used on formal occasions before a term of address),,
遵守,遵守,zūn shǒu,zun1 shou3,5,3894,v,to comply with; to abide by; to respect (an agreement),,
作品,作品,zuò pǐn,zuo4 pin3,5,1381,n,work (of art); opus,,部/篇
作为,作為,zuò wéi,zuo4 wei2,5,405,p/v,one's conduct; deed; activity; accomplishment; achievement; to act as; as (in the capacity of); qua; to view as; to look upon (sth as); to take sth to be,,
作文,作文,zuò wén,zuo4 wen2,5,10798,n,to write an essay; composition (student essay),,篇
呵,呵,hē,he1,6,5230,y/e/v,expel breath; my goodness,,
哎哟,哎喲,āi yō,ai1 yo1,6,7054,e,hey; ow; ouch; interjection of pain or surprise,,
挨,挨,ái,ai2,6,5720,v,to suffer; to endure; to pull through (hard times); to delay; to stall; to play for time; to dawdle,,
癌症,癌症,ái zhèng,ai2 zheng4,6,4759,n,cancer,,
爱不释手,愛不釋手,ài bù shì shǒu,ai4 bu4 shi4 shou3,6,26355,v,(idiom) to like sth so much that one is reluctant to put it down; to find sth utterly irresistible,,
爱戴,愛戴,ài dài,ai4 dai4,6,15369,vn/v,to love and respect; love and respect,,
暧昧,曖昧,ài mèi,ai4 mei4,6,11523,a,vague; ambiguous; equivocal; dubious,,
安居乐业,安居樂業,ān jū lè yè,an1 ju1 le4 ye4,6,29270,v,to live in peace and work happily (idiom),,
安宁,安寧,ān níng,an1 ning2,6,9417,an/a,peaceful; tranquil; calm; composed; free from worry,,
安详,安詳,ān xiáng,an1 xiang2,6,16971,a/an,serene,,
安置,安置,ān zhì,an1 zhi4,6,5845,v/vn,to find a place for; to help settle down; to arrange for; to get into bed; placement,,
按摩,按摩,àn mó,an4 mo2,6,3990,vn/v,massage; to massage,,
案件,案件,àn jiàn,an4 jian4,6,1617,n,case; instance,,宗/桩/起
案例,案例,àn lì,an4 li4,6,6195,n,"case (of fraud, hepatitis, international cooperation etc); instance; example",,个
暗示,暗示,àn shì,an4 shi4,6,4917,v/vn,to hint; to suggest; hint; suggestion,,
昂贵,昂貴,áng guì,ang2 gui4,6,7743,a,expensive; costly,,
凹凸,凹凸,āo tū,ao1 tu1,6,38312,n,concave or convex; bumps and holes; uneven (surface); rugged,,
熬,熬,áo,ao2,6,4418,v,to cook on a slow fire; to extract by heating; to decoct; to endure,,
奥秘,奧祕,ào mì,ao4 mi4,6,18113,n,secret; mystery,,
扒,扒,bā,ba1,6,8554,v,to peel; to skin; to tear; to pull down; to cling to (sth on which one is climbing); to dig,,
疤,疤,bā,ba1,6,9775,n,scar; scab,,
拔苗助长,拔苗助長,bá miáo zhù zhǎng,ba2 miao2 zhu4 zhang3,6,59082,,to spoil things through excessive enthusiasm (idiom),,
把关,把關,bǎ guān,ba3 guan1,6,24750,v,to guard a pass; to check on sth,,
把手,把手,bǎ shou,ba3 shou5,6,8291,n,handle; grip; knob,,
把戏,把戲,bǎ xì,ba3 xi4,6,15086,n,acrobatics; jugglery; trick; ploy,,
霸道,霸道,bà dào,ba4 dao4,6,15377,a/an/v,"the Way of the Hegemon; abbr. for 霸王之道; despotic rule; rule by might; evil as opposed to the Way of the King 王道; overbearing; tyranny; (of liquor, medicine etc) strong; potent",,
巴不得,巴不得,bā bu de,ba1 bu5 de5,6,22440,v,(coll.) to be eager for; to long for; to look forward to,,
巴结,巴結,bā jie,ba1 jie5,6,27264,v,to fawn on; to curry favor with; to make up to,,
罢工,罷工,bà gōng,ba4 gong1,6,8001,vn/v,a strike; to go on strike,,
掰,掰,bāi,bai1,6,11771,v,to break off or break open sth with one's hands; (fig.) to break off (a relationship),,
百分点,百分點,bǎi fēn diǎn,bai3 fen1 dian3,6,10677,n,percentage point,,
摆脱,擺脫,bǎi tuō,bai3 tuo1,6,3424,v,to break away from; to cast off (old ideas etc); to get rid of; to break away (from); to break out (of); to free oneself from; to extricate oneself,,
败坏,敗壞,bài huài,bai4 huai4,6,19110,v,to ruin; to corrupt; to undermine,,
拜访,拜訪,bài fǎng,bai4 fang3,6,6619,v/vn,to pay a visit; to call on,,
拜年,拜年,bài nián,bai4 nian2,6,28932,v,to pay a New Year call; to wish sb a Happy New Year,,
拜托,拜託,bài tuō,bai4 tuo1,6,5463,v,to request sb to do sth; please!,,
颁布,頒布,bān bù,ban1 bu4,6,12004,v/vn,"to issue; to proclaim; to enact (laws, decrees etc)",,
颁发,頒發,bān fā,ban1 fa1,6,8003,v,to issue; to promulgate; to award,,
斑纹,斑紋,bān wén,ban1 wen2,6,45968,n,stripe; streak,,
版本,版本,bǎn běn,ban3 ben3,6,4464,n,version; edition; release,,
半途而废,半途而廢,bàn tú ér fèi,ban4 tu2 er2 fei4,6,25389,v,to give up halfway (idiom); leave sth unfinished,,
伴侣,伴侶,bàn lǚ,ban4 lü3,6,6851,n,companion; mate; partner,,
伴随,伴隨,bàn suí,ban4 sui2,6,6047,v,to accompany; to follow; to occur together with; concomitant,,
扮演,扮演,bàn yǎn,ban4 yan3,6,3471,v,to play the role of; to act,,
绑架,綁架,bǎng jià,bang3 jia4,6,3992,v/vn,to kidnap; to abduct; to hijack; a kidnapping; abduction; staking,,
榜样,榜樣,bǎng yàng,bang3 yang4,6,6902,n,example; model,,个
磅,磅,bàng,bang4,6,5014,q,"scale (instrument for weighing); to weigh; (loanword) pound (unit of weight, about 454 grams); (printing) point (unit used to measure the size of type)",,
包庇,包庇,bāo bì,bao1 bi4,6,20727,v/vn,to shield; to harbor; to cover up,,
包袱,包袱,bāo fu,bao1 fu5,6,9285,n,wrapping cloth; a bundle wrapped in cloth; load; weight; burden; funny part; punchline,,
包围,包圍,bāo wéi,bao1 wei2,6,5295,v/vn,to surround; to encircle; to hem in,,
包装,包裝,bāo zhuāng,bao1 zhuang1,6,4634,n/v/vn,to pack; to package; to wrap; packaging,,
薄弱,薄弱,bó ruò,bo2 ruo4,6,10648,a,weak; frail,,
饱和,飽和,bǎo hé,bao3 he2,6,19403,v/vn,saturated; filled to capacity,,
饱经沧桑,飽經滄桑,bǎo jīng cāng sāng,bao3 jing1 cang1 sang1,6,86660,v,having lived through many changes,,
保管,保管,bǎo guǎn,bao3 guan3,6,7305,v/vn,to hold in safekeeping; to have in one's care; to guarantee; certainly; surely; custodian; curator,,
保密,保密,bǎo mì,bao3 mi4,6,5279,v/vn,to keep sth confidential; to maintain secrecy,,
保姆,保姆,bǎo mǔ,bao3 mu3,6,5382,n,nanny; housekeeper,,
保守,保守,bǎo shǒu,bao3 shou3,6,4898,a/v/an,conservative; to guard; to keep,,
保卫,保衛,bǎo wèi,bao3 wei4,6,5011,v/vn,to defend; to safeguard,,
保养,保養,bǎo yǎng,bao3 yang3,6,10030,v/vn,to take good care of (or conserve) one's health; to keep in good repair; to maintain; maintenance,,
保障,保障,bǎo zhàng,bao3 zhang4,6,3491,vn/v,to ensure; to guarantee; to safeguard,,
保重,保重,bǎo zhòng,bao3 zhong4,6,9105,v,to take care of oneself,,
报仇,報仇,bào chóu,bao4 chou2,6,8334,v/vn,to take revenge; to avenge,,
报酬,報酬,bào chou,bao4 chou5,6,6322,n,reward; remuneration,,
报答,報答,bào dá,bao4 da2,6,11736,v/vn,to repay; to requite,,
报到,報到,bào dào,bao4 dao4,6,8953,v/vn,to report for duty; to check in; to register,,
报复,報復,bào fù,bao4 fu4,6,4880,v/vn,to make reprisals; to retaliate; revenge; retaliation,,
报社,報社,bào shè,bao4 she4,6,8300,n,newspaper (i.e. a company),,家
报销,報銷,bào xiāo,bao4 xiao1,6,12447,v/vn,to submit an expense account; to apply for reimbursement; to write off; to wipe out,,
抱负,抱負,bào fù,bao4 fu4,6,20578,n,aspiration; ambition,,
抱怨,抱怨,bào yuàn,bao4 yuan4,6,3331,v/vn,to complain; to grumble; to harbor a complaint; to feel dissatisfied,,
暴力,暴力,bào lì,bao4 li4,6,2995,n,violence; force; violent,,
暴露,暴露,bào lù,bao4 lu4,6,3702,v/vn,to expose; to reveal; to lay bare; also pr. [pù lù],,
爆发,爆發,bào fā,bao4 fa1,6,3458,v/vn,to break out; to erupt; to explode; to burst out,,
爆炸,爆炸,bào zhà,bao4 zha4,6,1772,v/vn,explosion; to explode; to blow up; to detonate,,
卑鄙,卑鄙,bēi bǐ,bei1 bi3,6,10658,a,base; mean; contemptible; despicable,,
悲哀,悲哀,bēi āi,bei1 ai1,6,6059,an/a,grieved; sorrowful,,
悲惨,悲慘,bēi cǎn,bei1 can3,6,8154,a,miserable; tragic,,
北极,北極,běi jí,bei3 ji2,6,13047,n/ns,the North Pole; the Arctic Pole; the north magnetic pole,,
贝壳,貝殼,bèi ké,bei4 ke2,6,16537,n,shell; conch; cowry; mother of pearl; hard outer skin; also pr. [bèi qiào],,
备份,備份,bèi fèn,bei4 fen4,6,12070,n,backup,,
备忘录,備忘錄,bèi wàng lù,bei4 wang4 lu4,6,10931,n,memorandum; aide-memoire; memorandum book,,
背叛,背叛,bèi pàn,bei4 pan4,6,5017,v/vn,to betray,,
背诵,背誦,bèi sòng,bei4 song4,6,19524,v,to recite; to repeat from memory,,
被动,被動,bèi dòng,bei4 dong4,6,9120,a/ad,passive,,
被告,被告,bèi gào,bei4 gao4,6,3643,n,defendant,,
奔波,奔波,bēn bō,ben1 bo1,6,12069,v,to rush about; to be constantly on the move,,
奔驰,奔馳,bēn chí,ben1 chi2,6,7787,nz/v/vn,to run quickly; to speed; to gallop,,
本能,本能,běn néng,ben3 neng2,6,7537,n/d,instinct,,
本钱,本錢,běn qián,ben3 qian2,6,18266,n,capital; (fig.) asset; advantage; the means (to do sth),,
本人,本人,běn rén,ben3 ren2,6,2656,r,I; me; myself; oneself; yourself; himself; herself; the person concerned,,
本身,本身,běn shēn,ben3 shen1,6,2405,r,itself; in itself; per se,,
本事,本事,běn shì,ben3 shi4,6,5333,n,source material; original story,,
本着,本著,běn zhe,ben3 zhe5,6,19101,p,based on...; in conformance with..; taking as one's main principle,,
笨拙,笨拙,bèn zhuō,ben4 zhuo1,6,17203,a/an,clumsy; awkward; stupid,,
崩溃,崩潰,bēng kuì,beng1 kui4,6,4192,v/vn,to collapse; to crumble; to fall apart,,
甭,甭,béng,beng2,6,15279,v/d,(contraction of 用) need not; please don't,,
迸发,迸發,bèng fā,beng4 fa1,6,23536,v,to burst forth,,
蹦,蹦,bèng,beng4,6,7023,v,to jump; to bounce; to hop,,
逼迫,逼迫,bī pò,bi1 po4,6,13026,v/vn,to force; to compel; to coerce,,
鼻涕,鼻涕,bí tì,bi2 ti4,6,12144,n,nasal mucus; snivel; snot,,
比方,比方,bǐ fang,bi3 fang5,6,11193,v/n/c,analogy; instance; for instance,,
比喻,比喻,bǐ yù,bi3 yu4,6,8644,n/v,to compare; to liken to; metaphor; analogy; figure of speech; figuratively,,
比重,比重,bǐ zhòng,bi3 zhong4,6,20691,n,proportion; specific gravity,,
必定,必定,bì dìng,bi4 ding4,6,8680,d,to be bound to; to be sure to,,
闭塞,閉塞,bì sè,bi4 se4,6,25567,a/v,to stop up; to close up; hard to get to; out of the way; inaccessible; unenlightened; blocking,,
弊病,弊病,bì bìng,bi4 bing4,6,34995,n,malady; evil; malpractice; drawback; disadvantage,,
弊端,弊端,bì duān,bi4 duan1,6,19905,n,systemic problem (sometimes refers specifically to corrupt practices),,
碧玉,碧玉,bì yù,bi4 yu4,6,64483,n,jasper,,
臂,臂,bì,bi4,6,7284,g/n,arm,,
边疆,邊疆,biān jiāng,bian1 jiang1,6,28113,s,border area; borderland; frontier; frontier region,,
边界,邊界,biān jiè,bian1 jie4,6,7042,n,boundary; border,,
边境,邊境,biān jìng,bian1 jing4,6,5914,s,frontier; border,,
边缘,邊緣,biān yuán,bian1 yuan2,6,4635,n/b,edge; fringe; verge; brink; periphery; marginal; borderline,,
编织,編織,biān zhī,bian1 zhi1,6,13145,v/vn,"to weave; to knit; to plait; to braid; (fig.) to create (sth abstract, e.g. a dream, a lie etc)",,
鞭策,鞭策,biān cè,bian1 ce4,6,24553,v/vn,to spur on; to urge on; to encourage sb (e.g. to make progress),,
贬低,貶低,biǎn dī,bian3 di1,6,17829,v,to belittle; to disparage; to play down; to demean; to degrade; to devalue,,
贬义,貶義,biǎn yì,bian3 yi4,6,38391,n,derogatory sense; negative connotation,,
扁,扁,biǎn,bian3,6,5218,a,flat; (coll.) to beat (sb) up; old variant of 匾,,
变故,變故,biàn gù,bian4 gu4,6,20768,n,an unforeseen event; accident; misfortune,,
变迁,變遷,biàn qiān,bian4 qian1,6,17425,vn/v,changes; vicissitudes,,
变质,變質,biàn zhì,bian4 zhi4,6,13083,v/vn,to degenerate; to deteriorate; (of food) to go bad; to go off; (geology) metamorphism,,
便利,便利,biàn lì,bian4 li4,6,5991,a/an/v/vn,convenient; easy; to facilitate,,
便条,便條,biàn tiáo,bian4 tiao2,6,33655,n,(informal) note,,张/个
便于,便於,biàn yú,bian4 yu2,6,13646,v,easy to; convenient for,,
遍布,遍布,biàn bù,bian4 bu4,6,10269,v,to cover the whole (area); to be found throughout,,
辨认,辨認,biàn rèn,bian4 ren4,6,10922,v/vn,to recognize; to identify,,
辩护,辯護,biàn hù,bian4 hu4,6,5728,v/vn,to speak in defense of; to argue in favor of; to defend; to plead,,
辩解,辯解,biàn jiě,bian4 jie3,6,11543,v/vn,to explain; to justify; to defend (a point of view etc); to provide an explanation; to try to defend oneself,,
辩证,辯證,biàn zhèng,bian4 zheng4,6,28181,b/d/v,to investigate; dialectical,,
辫子,辮子,biàn zi,bian4 zi5,6,16801,n,plait; braid; pigtail; a mistake or shortcoming that may be exploited by an opponent; handle,,根/条
标本,標本,biāo běn,biao1 ben3,6,9844,n,specimen; sample; the root cause and symptoms of a disease,,
标记,標記,biāo jì,biao1 ji4,6,5706,n/v,sign; mark; symbol; to mark up; (computing) token,,
标题,標題,biāo tí,biao1 ti2,6,8578,n,title; heading; headline; caption; subject,,
飙升,飆升,biāo shēng,biao1 sheng1,6,21633,v/vn,to rise rapidly; to soar,,
表决,表決,biǎo jué,biao3 jue2,6,7667,v/vn,to decide by vote; to vote,,
表态,表態,biǎo tài,biao3 tai4,6,8599,v/vn,to declare one's position; to say where one stands,,
表彰,表彰,biǎo zhāng,biao3 zhang1,6,11646,v/vn,to honor; to commend; to cite (in dispatches),,
憋,憋,biē,bie1,6,6662,v,to choke; to stifle; to restrain; to hold back; to hold in (urine); to hold (one's breath),,
别扭,彆扭,biè niu,bie4 niu5,6,8970,a/an,awkward; difficult; uncomfortable; not agreeing; at loggerheads; gauche,,
别墅,別墅,bié shù,bie2 shu4,6,4646,n,villa,,幢/座
别致,別緻,bié zhì,bie2 zhi4,6,16822,a,unusual; unique,,
濒临,瀕臨,bīn lín,bin1 lin2,6,14334,v,on the edge of; (fig.) on the verge of; close to,,
冰雹,冰雹,bīng báo,bing1 bao2,6,20357,n,hail; hailstone,,场/粒
并存,並存,bìng cún,bing4 cun2,6,19101,v,to exist at the same time; to coexist,,
并非,並非,bìng fēi,bing4 fei1,6,2403,v/d,really isn't,,
并列,並列,bìng liè,bing4 lie4,6,18468,v,to stand side by side; to be juxtaposed,,
拨打,撥打,bō dǎ,bo1 da3,6,6281,v,to call; to dial,,
波浪,波浪,bō làng,bo1 lang4,6,15431,n,wave,,
波涛汹涌,波濤洶湧,bō tāo xiōng yǒng,bo1 tao1 xiong1 yong3,6,43247,,waves surging forth; roaring sea,,
剥削,剝削,bō xuē,bo1 xue1,6,12734,v/vn,to exploit; exploitation,,
播放,播放,bō fàng,bo1 fang4,6,3952,v/vn,to broadcast; to transmit (by radio or TV),,
播种,播種,bō zhòng,bo1 zhong4,6,15096,v/vn,to grow (maize etc) from seed; to plant (maize etc) by sowing seed,,
伯母,伯母,bó mǔ,bo2 mu3,6,27007,n,wife of father's elder brother; aunt; (polite form of address for a woman who is about the age of one's mother),,个
博大精深,博大精深,bó dà jīng shēn,bo2 da4 jing1 shen1,6,41630,v,wide-ranging and profound; broad and deep,,
博览会,博覽會,bó lǎn huì,bo2 lan3 hui4,6,13075,n,exposition; international fair,,
搏斗,搏鬥,bó dòu,bo2 dou4,6,11802,v,to wrestle; to fight; to struggle,,
补偿,補償,bǔ cháng,bu3 chang2,6,3538,vn/v,to compensate; to make up,,
补救,補救,bǔ jiù,bu3 jiu4,6,13343,v/vn,to remedy,,
补贴,補貼,bǔ tiē,bu3 tie1,6,8863,n/vn/v,to subsidize; subsidy; allowance; to supplement (one's salary etc); benefit,,
哺乳,哺乳,bǔ rǔ,bu3 ru3,6,24766,v,breastfeeding; to suckle; to nurse,,
捕捉,捕捉,bǔ zhuō,bu3 zhuo1,6,9452,v,to catch; to seize; to capture,,
不得已,不得已,bù dé yǐ,bu4 de2 yi3,6,13044,a/v,to act against one's will; to have no alternative but to; to have to; to have no choice; must,,
不妨,不妨,bù fáng,bu4 fang2,6,7625,d/v,there is no harm in; might as well,,
不敢当,不敢當,bù gǎn dāng,bu4 gan3 dang1,6,35004,v,lit. I dare not (accept the honor); fig. I don't deserve your praise; you flatter me,,
不顾,不顧,bù gù,bu4 gu4,6,6927,v,in spite of; regardless of,,
不禁,不禁,bù jīn,bu4 jin1,6,8021,d,can't help (doing sth); can't refrain from,,
不堪,不堪,bù kān,bu4 kan1,6,8963,v,cannot bear; cannot stand; utterly; extremely,,
不可思议,不可思議,bù kě sī yì,bu4 ke3 si1 yi4,6,4689,l,inconceivable (idiom); unimaginable; unfathomable,,
不愧,不愧,bù kuì,bu4 kui4,6,11038,d,to be worthy of; to deserve to be called; to prove oneself to be,,
不料,不料,bù liào,bu4 liao4,6,25376,d,unexpectedly; to one's surprise,,
不时,不時,bù shí,bu4 shi2,6,8547,d,from time to time; now and then; occasionally; frequently,,
不惜,不惜,bù xī,bu4 xi1,6,5983,v,not stint; not spare; not hesitate (to do sth); not scruple (to do sth),,
不相上下,不相上下,bù xiāng shàng xià,bu4 xiang1 shang4 xia4,6,24846,v,equally matched; about the same,,
不像话,不像話,bù xiàng huà,bu4 xiang4 hua4,6,25125,a,unreasonable; shocking; outrageous,,
不屑一顾,不屑一顧,bù xiè yī gù,bu4 xie4 yi1 gu4,6,23826,v,to disdain as beneath contempt (idiom),,
不言而喻,不言而喻,bù yán ér yù,bu4 yan2 er2 yu4,6,20519,v,it goes without saying; it is self-evident,,
不由得,不由得,bù yóu de,bu4 you2 de5,6,20909,d,can't help; cannot but,,
不择手段,不擇手段,bù zé shǒu duàn,bu4 ze2 shou3 duan4,6,16590,l,by fair means or foul; by hook or by crook; unscrupulously,,
不止,不止,bù zhǐ,bu4 zhi3,6,3921,v,incessantly; without end; more than; not limited to,,
布告,佈告,bù gào,bu4 gao4,6,40775,n,posting on a bulletin board; notice; bulletin; to announce,,
布局,佈局,bù jú,bu4 ju2,6,10770,n/v,arrangement; composition; layout; opening (chess jargon),,
布置,佈置,bù zhì,bu4 zhi4,6,4729,v/vn,to put in order; to arrange; to decorate; to fix up; to deploy,,
步伐,步伐,bù fá,bu4 fa2,6,6867,n,pace; (measured) step; march,,
部署,部署,bù shǔ,bu4 shu3,6,5610,v/vn,to dispose; to deploy; deployment,,
部位,部位,bù wèi,bu4 wei4,6,4761,n,"part (esp. of the body, but also of a vegetable (e.g. the root), or a garment (e.g. the sleeve) etc)",,
才干,才幹,cái gàn,cai2 gan4,6,19342,n,ability; competence,,
财富,財富,cái fù,cai2 fu4,6,3442,n,wealth; riches,,
财务,財務,cái wù,cai2 wu4,6,3745,n,financial affairs,,
财政,財政,cái zhèng,cai2 zheng4,6,4062,n,finances (public); financial,,
裁缝,裁縫,cái féng,cai2 feng2,6,19354,n/v,to make an item of clothing; to tailor,,
裁判,裁判,cái pàn,cai2 pan4,6,4450,n/v,judgment; to referee; umpire; judge; referee,,个/位/名
裁员,裁員,cái yuán,cai2 yuan2,6,13947,v/vn,to cut staff; to lay off employees,,
采购,採購,cǎi gòu,cai3 gou4,6,7654,v/vn,to procure (for an enterprise etc); to purchase,,
采集,採集,cǎi jí,cai3 ji2,6,7348,v/vn,to gather; to collect; to harvest,,
采纳,採納,cǎi nà,cai3 na4,6,12604,v/vn,to accept; to adopt,,
彩票,彩票,cǎi piào,cai3 piao4,6,6265,n,lottery ticket,,
参谋,參謀,cān móu,can1 mou2,6,16567,n,staff officer; to give advice,,
参照,參照,cān zhào,can1 zhao4,6,12553,v/vn,to consult a reference; to refer to (another document),,
残酷,殘酷,cán kù,can2 ku4,6,5092,a/ad/an,cruel; cruelty,,
残留,殘留,cán liú,can2 liu2,6,8526,vn/v,to remain; to be left over; residual; remnant; residue,,
残忍,殘忍,cán rěn,can2 ren3,6,5247,a/an,cruel; mean; merciless; ruthless,,
灿烂,燦爛,càn làn,can4 lan4,6,7167,a,to glitter; brilliant; splendid,,
仓促,倉促,cāng cù,cang1 cu4,6,15377,a/ad,all of a sudden; hurriedly,,
仓库,倉庫,cāng kù,cang1 ku4,6,4658,n,depot; storehouse; warehouse,,
苍白,蒼白,cāng bái,cang1 bai2,6,8479,a/ad,pale; wan,,
舱,艙,cāng,cang1,6,5838,n,cabin; the hold of a ship or airplane,,
操劳,操勞,cāo láo,cao1 lao2,6,25088,v/vn,to work hard; to look after,,
操练,操練,cāo liàn,cao1 lian4,6,27364,v,drill; practice,,
操纵,操縱,cāo zòng,cao1 zong4,6,6296,v/vn,to operate; to control; to rig; to manipulate,,
操作,操作,cāo zuò,cao1 zuo4,6,2640,v/vn,to work; to operate; to manipulate,,
嘈杂,嘈雜,cáo zá,cao2 za2,6,19603,a/an,noisy; clamorous,,
草案,草案,cǎo àn,cao3 an4,6,12348,n,"draft (legislation, proposal etc)",,
草率,草率,cǎo shuài,cao3 shuai4,6,17191,a/ad,careless; negligent; sloppy; not serious,,
侧面,側面,cè miàn,ce4 mian4,6,8235,f,lateral side; side; aspect; profile,,
测量,測量,cè liáng,ce4 liang2,6,5741,vn/v,survey; to measure; to gauge; to determine,,
策略,策略,cè lu:è,ce4 lüe4,6,3096,n,strategy; tactics; crafty; adroit,,
策划,策劃,cè huà,ce4 hua4,6,3835,v/vn,to plot; to scheme; to bring about; to engineer; planning; producer; planner,,
层出不穷,層出不窮,céng chū bù qióng,ceng2 chu1 bu4 qiong2,6,22670,v,more and more emerge; innumerable succession; breeding like flies (idiom),,
层次,層次,céng cì,ceng2 ci4,6,6146,n,layer; level; gradation; arrangement of ideas; (a person's) standing,,
查获,查獲,chá huò,cha2 huo4,6,26153,v,"to track down and seize (a criminal suspect, contraband etc)",,
岔,岔,chà,cha4,6,21163,v,"fork in road; bifurcation; branch in road, river, mountain range etc; to branch off; to turn off; to diverge; to stray (from the path); to change the subject; to interrupt; to stagger (times)",,
诧异,詫異,chà yì,cha4 yi4,6,18266,a,flabbergasted; astonished,,
差距,差距,chā jù,cha1 ju4,6,6358,n,disparity; gap,,
柴油,柴油,chái yóu,chai2 you2,6,13271,n,diesel fuel,,
搀,攙,chān,chan1,6,31166,v,to take by the arm and assist; to mix; to blend; to dilute; to adulterate,,
馋,饞,chán,chan2,6,23290,a,gluttonous; greedy; to have a craving,,
缠绕,纏繞,chán rào,chan2 rao4,6,15126,v,twisting; to twine; to wind; to pester; to bother,,
产业,產業,chǎn yè,chan3 ye4,6,4005,n,industry; estate; property; industrial,,
阐述,闡述,chǎn shù,chan3 shu4,6,11936,v/vn,to expound (a position); to elaborate (on a topic); to treat (a subject),,
颤抖,顫抖,chàn dǒu,chan4 dou3,6,7961,v,to shudder; to shiver; to shake; to tremble,,
昌盛,昌盛,chāng shèng,chang1 sheng4,6,39394,an/a,prosperous,,
猖狂,猖狂,chāng kuáng,chang1 kuang2,6,23389,a/ad,savage; furious,,
尝试,嘗試,cháng shì,chang2 shi4,6,2262,v/vn,to try; to attempt,,次
偿还,償還,cháng huán,chang2 huan2,6,7907,v/vn,to repay; to reimburse,,
常年,常年,cháng nián,chang2 nian2,6,18186,d/b/t,all year round; for years on end; average year,,
常务,常務,cháng wù,chang2 wu4,6,27826,b,routine; everyday business; daily operation (of a company),,
场合,場合,chǎng hé,chang3 he2,6,4974,n,situation; occasion; context; setting; location; venue,,
场面,場面,chǎng miàn,chang3 mian4,6,4318,n,scene; spectacle; occasion; situation,,
场所,場所,chǎng suǒ,chang3 suo3,6,4680,n,location; place,,
畅通,暢通,chàng tōng,chang4 tong1,6,13949,a/an,unimpeded; free-flowing; straight path; unclogged; move without obstruction,,
畅销,暢銷,chàng xiāo,chang4 xiao1,6,11087,v/a/an,to sell well; bestselling; chart-topping,,
倡导,倡導,chàng dǎo,chang4 dao3,6,14916,v,to advocate; to initiate; to propose; to be a proponent of (an idea or school of thought),,
倡议,倡議,chàng yì,chang4 yi4,6,20762,n/v,to suggest; to initiate; proposal; initiative,,
敞开,敞開,chǎng kāi,chang3 kai1,6,8057,v,to open wide; unrestrictedly,,
钞票,鈔票,chāo piào,chao1 piao4,6,8565,n,paper money; a bill (e.g. 100 yuan),,张/扎
超级,超級,chāo jí,chao1 ji2,6,1582,b/d,super-; ultra-; hyper-,,
超越,超越,chāo yuè,chao1 yue4,6,4202,v/vn,to surpass; to exceed; to transcend,,
朝气蓬勃,朝氣蓬勃,zhāo qì péng bó,zhao1 qi4 peng2 bo2,6,35838,v,full of youthful energy (idiom); vigorous; energetic; a bright spark,,
嘲笑,嘲笑,cháo xiào,chao2 xiao4,6,6097,v/vn,to jeer at; to deride; to ridicule; mockery; derision,,
潮流,潮流,cháo liú,chao2 liu2,6,6515,n,tide; current; trend,,
潮湿,潮濕,cháo shī,chao2 shi1,6,11797,a/an,damp; moist,,
撤退,撤退,chè tuì,che4 tui4,6,8153,v,to retreat,,
撤销,撤銷,chè xiāo,che4 xiao1,6,6251,v/vn,to repeal; to revoke; (computing) to undo,,
沉淀,沉澱,chén diàn,chen2 dian4,6,20934,v/n,to settle; to precipitate; sedimentation,,
沉闷,沉悶,chén mèn,chen2 men4,6,14168,a/an,oppressive (of weather); heavy; depressed; not happy; (of sound) dull; muffled,,
沉思,沉思,chén sī,chen2 si1,6,12703,v/vn,to contemplate; to ponder; contemplation; meditation,,
沉着,沉著,chén zhuó,chen2 zhuo2,6,14088,a/ad/an,steady; calm and collected; not nervous,,
沉重,沉重,chén zhòng,chen2 zhong4,6,5595,a/ad/an,heavy; hard; serious; critical,,
陈旧,陳舊,chén jiù,chen2 jiu4,6,14439,a,old-fashioned,,
陈列,陳列,chén liè,chen2 lie4,6,18588,v/vn,to display; to exhibit,,
陈述,陳述,chén shù,chen2 shu4,6,5955,v/vn,an assertion; to declare; to state,,
称号,稱號,chēng hào,cheng1 hao4,6,7705,n,name; term of address; title,,
称心如意,稱心如意,chèn xīn rú yì,chen4 xin1 ru2 yi4,6,37311,v,(idiom) after one's own heart; gratifying; satisfactory; everything one could wish,,
成本,成本,chéng běn,cheng2 ben3,6,4698,n,"(manufacturing, production etc) costs",,
成交,成交,chéng jiāo,cheng2 jiao1,6,2831,v/vn,to complete a contract; to reach a deal,,
成天,成天,chéng tiān,cheng2 tian1,6,11910,d,(coll.) all day long; all the time,,
成效,成效,chéng xiào,cheng2 xiao4,6,9971,n,effect; result,,
成心,成心,chéng xīn,cheng2 xin1,6,35628,d,intentional; deliberate; on purpose,,
成员,成員,chéng yuán,cheng2 yuan2,6,1425,n,member,,
呈现,呈現,chéng xiàn,cheng2 xian4,6,3891,v,to appear; to emerge; to present (a certain appearance); to demonstrate,,
承办,承辦,chéng bàn,cheng2 ban4,6,8961,v/vn,to undertake; to accept a contract,,
承包,承包,chéng bāo,cheng2 bao1,6,15426,v/vn,to contract; to undertake (a job),,
承诺,承諾,chéng nuò,cheng2 nuo4,6,1985,v/vn,to promise; to undertake to do something; commitment,,
诚挚,誠摯,chéng zhì,cheng2 zhi4,6,15382,a/ad,sincere; cordial,,
城堡,城堡,chéng bǎo,cheng2 bao3,6,7132,n,castle; rook (chess piece),,
乘务员,乘務員,chéng wù yuán,cheng2 wu4 yuan2,6,18480,n,"attendant on an airplane, train, boat etc",,
惩罚,懲罰,chéng fá,cheng2 fa2,6,4353,v/vn,penalty; punishment; to punish,,
澄清,澄清,chéng qīng,cheng2 qing1,6,8124,v/vn,clear (of liquid); limpid; to clarify; to make sth clear; to be clear (about the facts),,
橙,橙,chéng,cheng2,6,11208,g/b,orange tree; orange (color),,
秤,秤,chèng,cheng4,6,11539,n/q,steelyard; Roman balance,,台
吃苦,吃苦,chī kǔ,chi1 ku3,6,22843,v/vn,to bear hardships,,
吃力,吃力,chī lì,chi1 li4,6,16781,a,to entail strenuous effort; to toil at a task; strenuous; laborious; strain,,
池塘,池塘,chí táng,chi2 tang2,6,13296,n,pool; pond,,
迟缓,遲緩,chí huǎn,chi2 huan3,6,18935,a,slow; sluggish,,
迟疑,遲疑,chí yí,chi2 yi2,6,15094,a/an,to hesitate,,
持久,持久,chí jiǔ,chi2 jiu3,6,8935,a/ad,lasting; enduring; persistent; permanent; protracted; endurance; persistence; to last long,,
赤道,赤道,chì dào,chi4 dao4,6,26607,n,equator (of the earth or a celestial body); celestial equator,,
赤字,赤字,chì zì,chi4 zi4,6,16781,n,(financial) deficit; red letter,,
充当,充當,chōng dāng,chong1 dang1,6,10267,v,to serve as; to act as; to play the role of,,
充沛,充沛,chōng pèi,chong1 pei4,6,17447,a,abundant; plentiful; vigorous,,
充实,充實,chōng shí,chong1 shi2,6,7964,v/a,rich; full; substantial; to enrich; to augment; to substantiate (an argument),,
充足,充足,chōng zú,chong1 zu2,6,6559,a,adequate; sufficient; abundant,,
冲动,衝動,chōng dòng,chong1 dong4,6,3849,an/a,to have an urge; to be impetuous; impulse; urge,,
冲击,衝擊,chōng jī,chong1 ji1,6,5782,vn/v,to attack; to batter; (of waves) to pound against; shock; impact,,
冲突,衝突,chōng tū,chong1 tu1,6,3227,vn/v,conflict; to conflict; clash of opposing forces; collision (of interests); contention,,
崇拜,崇拜,chóng bài,chong2 bai4,6,5376,v/vn,to worship; adoration,,
崇高,崇高,chóng gāo,chong2 gao1,6,9754,a,majestic; sublime,,
崇敬,崇敬,chóng jìng,chong2 jing4,6,21423,v/vn,to revere; to venerate; high esteem,,
抽空,抽空,chōu kòng,chou1 kong4,6,13748,v,to find the time to do sth,,
稠密,稠密,chóu mì,chou2 mi4,6,36571,a,dense,,
筹备,籌備,chóu bèi,chou2 bei4,6,8302,v/vn,preparations; to get ready for sth,,
踌躇,躊躇,chóu chú,chou2 chu2,6,28755,v,to hesitate,,
丑恶,醜惡,chǒu è,chou3 e4,6,15629,a/an,ugly; repulsive,,
出路,出路,chū lù,chu1 lu4,6,6833,n,a way out (lit. and fig.); opportunity for advancement; a way forward; outlet (for one's products),,
出卖,出賣,chū mài,chu1 mai4,6,6550,v/vn,to offer for sale; to sell; to sell out; to betray,,
出身,出身,chū shēn,chu1 shen1,6,7256,v/vn,to be born of; to come from; family background; class origin,,
出神,出神,chū shén,chu1 shen2,6,33360,v,spellbound; entranced; lost in thought,,
出息,出息,chū xi,chu1 xi5,6,21358,n,future prospects; profit; to mature; to grow up,,
出洋相,出洋相,chū yáng xiàng,chu1 yang2 xiang4,6,50871,v,to make a fool of oneself,,
初步,初步,chū bù,chu1 bu4,6,4719,d/b,initial; preliminary; tentative,,
储备,儲備,chǔ bèi,chu3 bei4,6,6821,vn/n/v,reserves; to store up,,
储存,儲存,chǔ cún,chu3 cun2,6,8658,v/vn,stockpile; to store; to stockpile; storage,,
储蓄,儲蓄,chǔ xù,chu3 xu4,6,8678,vn/n/v,to deposit money; to save; savings,,
处分,處分,chǔ fèn,chu3 fen4,6,13191,n/v/vn,to discipline sb; to punish; disciplinary action; to deal with (a matter),,个
处境,處境,chǔ jìng,chu3 jing4,6,6773,n,situation (of a person),,
处置,處置,chǔ zhì,chu3 zhi4,6,5848,v/vn,to handle; to take care of; to punish,,
畜牧,畜牧,xù mù,xu4 mu4,6,34533,n,to raise animals,,
触犯,觸犯,chù fàn,chu4 fan4,6,13633,v,to violate; to offend,,
川流不息,川流不息,chuān liú bù xī,chuan1 liu2 bu4 xi1,6,43668,v,the stream flows without stopping (idiom); unending flow,,
穿越,穿越,chuān yuè,chuan1 yue4,6,4227,v/vn,to pass through; to traverse; to cross,,
传达,傳達,chuán dá,chuan2 da2,6,6241,v/vn,to pass on; to convey; to relay; to transmit; transmission,,
传单,傳單,chuán dān,chuan2 dan1,6,14446,n,leaflet; flier; pamphlet,,
传记,傳記,zhuàn jì,zhuan4 ji4,6,16580,n,biography,,篇/部
传授,傳授,chuán shòu,chuan2 shou4,6,11883,v/vn,to impart; to pass on; to teach,,
船舶,船舶,chuán bó,chuan2 bo2,6,25827,n,shipping; boats,,
喘气,喘氣,chuǎn qì,chuan3 qi4,6,17357,v,to breathe deeply; to pant; to gasp; to take a breather; to catch one's breath,,
串,串,chuàn,chuan4,6,5008,q/v/n,"to string together; to skewer; to connect wrongly; to gang up; to rove; string; bunch; skewer; classifier for things that are strung together, or in a bunch, or in a row: string of, bunch of, series of; to make a swift or abrupt linear movement (like a bead on an abacus); to move across",,
床单,床單,chuáng dān,chuang2 dan1,6,10967,n,bed sheet,,条/件/张/床
幢,幢,zhuàng,zhuang4,6,5366,q,classifier for buildings; carriage curtain (old),,
创立,創立,chuàng lì,chuang4 li4,6,10611,v/vn,to establish; to set up; to found,,
创新,創新,chuàng xīn,chuang4 xin1,6,4749,v/vn,to bring forth new ideas; to blaze new trails; innovation,,
创业,創業,chuàng yè,chuang4 ye4,6,10754,v/vn,to begin an undertaking; to start a major task; to initiate; to venture; venture; entrepreneurship,,
创作,創作,chuàng zuò,chuang4 zuo4,6,3475,v/vn/n,to create; to produce; to write; creative work; creation,,个
吹牛,吹牛,chuī niú,chui1 niu2,6,13710,v,to talk big; to shoot off one's mouth; to chat (dialect),,
吹捧,吹捧,chuī pěng,chui1 peng3,6,25897,v/vn,to flatter; to laud sb's accomplishments; adulation,,
垂直,垂直,chuí zhí,chui2 zhi2,6,10512,v/vn,perpendicular; vertical,,
锤,錘,chuí,chui2,6,10183,g,hammer; to hammer into shape; weight (e.g. of a steelyard or balance); to strike with a hammer,,
纯粹,純粹,chún cuì,chun2 cui4,6,5335,d/a/b,pure; unadulterated; purely; completely,,
纯洁,純潔,chún jié,chun2 jie2,6,7498,a/v/an,pure; clean and honest; to purify,,
词汇,詞彙,cí huì,ci2 hui4,6,9933,n,vocabulary; list of words (e.g. for language teaching purposes); word,,
慈祥,慈祥,cí xiáng,ci2 xiang2,6,24694,a,kindly; benevolent (often of older person),,
雌雄,雌雄,cí xióng,ci2 xiong2,6,20990,n,male and female,,
次品,次品,cì pǐn,ci4 pin3,6,33111,n,substandard products; defective; seconds,,
次序,次序,cì xù,ci4 xu4,6,19485,n,sequence; order,,
伺候,伺候,cì hou,ci4 hou5,6,12125,v,to serve; to wait upon,,
刺,刺,cì,ci4,6,2566,v/n,thorn; sting; thrust; to prick; to pierce; to stab; to assassinate; to murder,,
从容不迫,從容不迫,cóng róng bù pò,cong2 rong2 bu4 po4,6,36570,v,calm; unruffled,,
丛,叢,cóng,cong2,6,15283,g/q/nr,cluster; collection; collection of books; thicket,,
凑合,湊合,còu he,cou4 he5,6,15418,v,to bring together; to make do in a bad situation; to just get by; to improvise; passable; not too bad,,
粗鲁,粗魯,cū lǔ,cu1 lu3,6,15387,a,coarse; crude (in one's manner); boorish,,
窜,竄,cuàn,cuan4,6,8750,v,to flee; to scuttle; to exile or banish; to amend or edit,,
摧残,摧殘,cuī cán,cui1 can2,6,16091,v/vn,to ravage; to ruin,,
脆弱,脆弱,cuì ruò,cui4 ruo4,6,4501,a/an,weak; frail,,
搓,搓,cuō,cuo1,6,11489,v,to rub or roll between the hands or fingers; to twist,,
磋商,磋商,cuō shāng,cuo1 shang1,6,31471,vn/v,to consult; to discuss seriously; to negotiate; to confer; negotiations; consultations,,
挫折,挫折,cuò zhé,cuo4 zhe2,6,8651,n/vn/v,setback; reverse; check; defeat; frustration; disappointment; to frustrate; to discourage; to set sb back; to blunt; to subdue,,
搭,搭,dā,da1,6,2220,v,"to put up; to build (scaffolding); to hang (clothes on a pole); to connect; to join; to arrange in pairs; to match; to add; to throw in (resources); to take (boat, train); variant of 褡",,
搭档,搭檔,dā dàng,da1 dang4,6,5237,n/v,to cooperate; partner,,
搭配,搭配,dā pèi,da1 pei4,6,4952,v/vn,to pair up; to match; to arrange in pairs; to add sth into a group,,
达成,達成,dá chéng,da2 cheng2,6,2644,v/vn,to reach (an agreement); to accomplish,,
答辩,答辯,dá biàn,da2 bian4,6,20688,vn/v,to reply (to an accusation); to defend one's dissertation,,
答复,答覆,dá fù,da2 fu4,6,6463,v/vn,to answer; to reply; Reply to: (in email header),,
打包,打包,dǎ bāo,da3 bao1,6,7509,v/vn,to wrap; to pack; to put leftovers in a doggy bag for take-out; (computing) to package (i.e. create an archive file),,
打官司,打官司,dǎ guān si,da3 guan1 si5,6,14110,v,to file a lawsuit; to sue; to dispute,,
打击,打擊,dǎ jī,da3 ji1,6,2059,v/vn,to hit; to strike; to attack; to crack down on sth; blow; (psychological) shock; percussion (music),,
打架,打架,dǎ jià,da3 jia4,6,5413,v/vn,to fight; to scuffle; to come to blows,,场
打量,打量,dǎ liang,da3 liang5,6,13398,v,to size sb up; to look sb up and down; to take the measure of; to suppose; to reckon,,
打猎,打獵,dǎ liè,da3 lie4,6,16343,v,to go hunting,,
打仗,打仗,dǎ zhàng,da3 zhang4,6,8288,v,to fight a battle; to go to war,,
大不了,大不了,dà bù liǎo,da4 bu4 liao3,6,8135,v/b,at worst; if worst comes to worst; (usu. in the negative) serious; alarming,,
大臣,大臣,dà chén,da4 chen2,6,8426,n,chancellor (of a monarchy); cabinet minister,,
大伙儿,大伙兒,dà huǒ r,da4 huo3 r5,6,14629,r,erhua variant of 大伙; everybody; everyone,,
大厦,大廈,dà shà,da4 sha4,6,5170,n,(used in the names of grand buildings such as 百老汇大厦 Broadway Mansions (in Shanghai) or 帝国大厦 Empire State Building etc),,
大肆,大肆,dà sì,da4 si4,6,11304,d,wantonly; without restraint (of enemy or malefactor); unbridled,,
大体,大體,dà tǐ,da4 ti3,6,16631,d/n,in general; more or less; in rough terms; basically; on the whole; overall situation; the big picture; cadaver for dissection in training medical students,,
大意,大意,dà yì,da4 yi4,6,13433,n/a,general idea; main idea,,
大致,大致,dà zhì,da4 zhi4,6,8369,d/b,more or less; roughly; approximately,,
歹徒,歹徒,dǎi tú,dai3 tu2,6,8043,n,evildoer; malefactor; gangster; hoodlum,,
逮捕,逮捕,dài bǔ,dai4 bu3,6,3705,v/vn,to arrest; to apprehend; an arrest,,
代价,代價,dài jià,dai4 jia4,6,3030,n,price; cost; consideration (in share dealing),,
代理,代理,dài lǐ,dai4 li3,6,3966,vn/v,to act on behalf of sb in a responsible position; to act as an agent or proxy; surrogate; (computing) proxy,,
带领,帶領,dài lǐng,dai4 ling3,6,4056,v/vn,to guide; to lead,,
怠慢,怠慢,dài màn,dai4 man4,6,24707,v,to slight; to neglect,,
担保,擔保,dān bǎo,dan1 bao3,6,4985,vn/v,to guarantee; to vouch for,,
胆怯,膽怯,dǎn qiè,dan3 qie4,6,17934,a/an,timidity; timid; cowardly,,
诞辰,誕辰,dàn chén,dan4 chen2,6,34026,n,birthday,,
诞生,誕生,dàn shēng,dan4 sheng1,6,4971,v/vn,to be born,,
弹性,彈性,tán xìng,tan2 xing4,6,8792,n,flexibility; elasticity,,
淡季,淡季,dàn jì,dan4 ji4,6,28264,t/n,off season; slow business season; see also 季,,
淡水,淡水,dàn shuǐ,dan4 shui3,6,17985,n,potable water (water with low salt content); fresh water,,
蛋白质,蛋白質,dàn bái zhì,dan4 bai2 zhi4,6,7228,n,protein,,
当场,當場,dāng chǎng,dang1 chang3,6,5385,d,at the scene; on the spot,,
当初,當初,dāng chū,dang1 chu1,6,2878,t,at that time; originally,,
当面,當面,dāng miàn,dang1 mian4,6,9152,d,to sb's face; in sb's presence,,
当前,當前,dāng qián,dang1 qian2,6,5108,t,the present time; to be faced with,,
当事人,當事人,dāng shì rén,dang1 shi4 ren2,6,3517,n,persons involved or implicated; party (to an affair),,
当务之急,當務之急,dāng wù zhī jí,dang1 wu4 zhi1 ji2,6,14997,l,top priority job; matter of vital importance,,
当心,當心,dāng xīn,dang1 xin1,6,9615,v,to take care; to look out,,
当选,當選,dāng xuǎn,dang1 xuan3,6,6688,v/vn,to be elected; to be selected,,
党,黨,dǎng,dang3,6,2047,n,party; association; club; society,,个
档案,檔案,dàng àn,dang4 an4,6,2512,n,file; record; archive,,
档次,檔次,dàng cì,dang4 ci4,6,10727,n,grade; class; quality; level,,
导弹,導彈,dǎo dàn,dao3 dan4,6,3955,n,(guided) missile,,枚
导航,導航,dǎo háng,dao3 hang2,6,7522,vn/v,navigation,,
导向,導向,dǎo xiàng,dao3 xiang4,6,15065,n,to be oriented towards; orientation,,
岛屿,島嶼,dǎo yǔ,dao3 yu3,6,13216,n,island,,
捣乱,搗亂,dǎo luàn,dao3 luan4,6,12996,v,to disturb; to look for trouble; to stir up a row; to bother sb intentionally,,
倒闭,倒閉,dǎo bì,dao3 bi4,6,11967,v/vn,to go bankrupt; to close down,,
盗窃,盜竊,dào qiè,dao4 qie4,6,5770,v/vn,to steal,,
稻谷,稻穀,dào gǔ,dao4 gu3,6,34191,n,unhusked rice; paddy,,
地步,地步,dì bù,di4 bu4,6,6037,n,stage; degree (to which a situation has evolved); situation; leeway,,
地势,地勢,dì shì,di4 shi4,6,26674,n,terrain; topography relief,,
地质,地質,dì zhì,di4 zhi4,6,11668,n,geology,,
得不偿失,得不償失,dé bù cháng shī,de2 bu4 chang2 shi1,6,30150,v,the gains do not make up for the losses (idiom),,
得力,得力,dé lì,de2 li4,6,14265,a,able; capable; competent; efficient,,
得天独厚,得天獨厚,dé tiān dú hòu,de2 tian1 du2 hou4,6,40643,l,blessed by heaven (idiom); enjoying exceptional advantages; favored by nature,,
得罪,得罪,dé zuì,de2 zui4,6,9103,v,to commit an offense; to violate the law; excuse me! (formal); see also 罪,,
灯笼,燈籠,dēng lóng,deng1 long2,6,17051,n,lantern,,
登陆,登陸,dēng lù,deng1 lu4,6,4583,v/vn,to land; to come ashore; to make landfall (of typhoon etc); to log in (frequently used erroneous variant of 登录),,
登录,登錄,dēng lù,deng1 lu4,6,6988,v/vn,to register; to log in,,
蹬,蹬,dēng,deng1,6,12339,v,to step on; to tread on; to wear (shoes); (slang) to dump (sb); Taiwan pr. [dèng],,
等级,等級,děng jí,deng3 ji2,6,5289,n,grade; rank; status,,
瞪,瞪,dèng,deng4,6,7103,v,to open (one's eyes) wide; to stare at; to glare at,,
堤坝,堤壩,dī bà,di1 ba4,6,34295,n,dam; dike,,
敌视,敵視,dí shì,di2 shi4,6,25245,v/vn,hostile; malevolence; antagonism; to view as enemy; to stand against,,
抵达,抵達,dǐ dá,di3 da2,6,4566,v,to arrive; to reach (a destination),,
抵抗,抵抗,dǐ kàng,di3 kang4,6,4384,v/vn,to resist; resistance,,
抵制,抵制,dǐ zhì,di3 zhi4,6,9083,v/vn,to resist; to boycott; to refuse (to cooperate); to reject; resistance; refusal,,
递增,遞增,dì zēng,di4 zeng1,6,40644,v,to increase by degrees; in increasing order; incremental; progressive,,
颠簸,顛簸,diān bǒ,dian1 bo3,6,15953,v/vn,"to be jolted around (car on a bumpy road, boat on a rough sea, aircraft experiencing turbulence); (fig.) to undergo a rough experience",,
颠倒,顛倒,diān dǎo,dian1 dao3,6,11865,v/vn,to turn upside down; to reverse; back to front; confused; deranged; crazy,,
典礼,典禮,diǎn lǐ,dian3 li3,6,5455,n,celebration; ceremony,,
典型,典型,diǎn xíng,dian3 xing2,6,3251,n/a,model; typical case; archetype; typical; representative,,
点缀,點綴,diǎn zhuì,dian3 zhui4,6,15531,v/vn,to decorate; to adorn; sprinkled; studded; only for show,,
电源,電源,diàn yuán,dian4 yuan2,6,6030,n,electric power source,,
垫,墊,diàn,dian4,6,5968,v,pad; cushion; mat; to pad out; to fill a gap; to pay for sb; to advance (money),,
惦记,惦記,diàn jì,dian4 ji4,6,13212,v,to think of; to keep thinking about; to be concerned about,,
奠定,奠定,diàn dìng,dian4 ding4,6,19177,v,to establish; to fix; to settle,,
叼,叼,diāo,diao1,6,9777,v,to hold with one's mouth (as a smoker with a cigarette or a dog with a bone),,
雕刻,雕刻,diāo kè,diao1 ke4,6,12877,n/v/vn,to carve; to engrave; carving,,
雕塑,雕塑,diāo sù,diao1 su4,6,7978,n,a statue; a Buddhist image; sculpture; to carve,,
吊,吊,diào,diao4,6,4734,v/q,to suspend; to hang up; to hang a person,,
调动,調動,diào dòng,diao4 dong4,6,7622,v,to transfer; to maneuver (troops etc); movement of personnel; to mobilize; to bring into play,,
调和,調和,tiáo hé,tiao2 he2,6,18915,v/vn,harmonious; to mediate; to reconcile; mediation; to compromise; to mix; to blend; blended; to season; seasoning; to placate,,
调剂,調劑,tiáo jì,tiao2 ji4,6,21962,v/vn,to adjust; to balance; to make up a medical prescription,,
调节,調節,tiáo jié,tiao2 jie2,6,6641,v/vn,to adjust; to regulate; to harmonize; to reconcile (accountancy etc),,
调解,調解,tiáo jiě,tiao2 jie3,6,10413,v/vn,to mediate; to bring parties to an agreement,,
调料,調料,tiáo liào,tiao2 liao4,6,14059,n,condiment; seasoning; flavoring,,
跌,跌,diē,die1,6,4284,v,to fall; to tumble; to trip; (of prices etc) to drop; Taiwan pr. [dié],,
叮嘱,叮囑,dīng zhǔ,ding1 zhu3,6,23273,v/vn,to warn repeatedly; to urge; to exhort again and again,,
盯,盯,dīng,ding1,6,2464,v,to watch attentively; to fix one's attention on; to stare at; to gaze at,,
定期,定期,dìng qī,ding4 qi1,6,7535,d/b,at set dates; at regular intervals; periodic; limited to a fixed period of time; fixed term,,
定义,定義,dìng yì,ding4 yi4,6,4821,n/v,definition; to define,,
丢人,丟人,diū rén,diu1 ren2,6,8878,a,to lose face,,
丢三落四,丟三落四,diū sān là sì,diu1 san1 la4 si4,6,57241,,forgetful; empty-headed,,
东道主,東道主,dōng dào zhǔ,dong1 dao4 zhu3,6,35077,n,host; official host (e.g. venue for games or a conference),,
东张西望,東張西望,dōng zhāng xī wàng,dong1 zhang1 xi1 wang4,6,34585,v,to look in all directions (idiom); to glance around,,
董事长,董事長,dǒng shì zhǎng,dong3 shi4 zhang3,6,10696,n,chairman of the board of directors,,
动荡,動蕩,dòng dàng,dong4 dang4,6,15320,a/an,unrest (social or political); turmoil; upheaval; commotion,,
动机,動機,dòng jī,dong4 ji1,6,4386,n,motive; motivation,,
动静,動靜,dòng jìng,dong4 jing4,6,7275,n,(detectable) movement; (sign of) activity; movement and stillness,,
动力,動力,dòng lì,dong4 li4,6,2740,n,motive power; force; (fig.) motivation; impetus,,
动脉,動脈,dòng mài,dong4 mai4,6,5572,n,artery,,
动身,動身,dòng shēn,dong4 shen1,6,15560,v,to go on a journey; to leave,,
动手,動手,dòng shǒu,dong4 shou3,6,3357,v/vn,to set about (a task); to hit; to punch; to touch,,
动态,動態,dòng tài,dong4 tai4,6,6636,n,movement; motion; development; trend; dynamic (science),,
动员,動員,dòng yuán,dong4 yuan2,6,10037,v/vn,to mobilize; mobilization,,次
冻结,凍結,dòng jié,dong4 jie2,6,8844,v/vn,"to freeze (water etc); (fig.) to freeze (assets, prices etc)",,
栋,棟,dòng,dong4,6,3370,q/g,classifier for houses or buildings; ridgepole (old),,
洞穴,洞穴,dòng xué,dong4 xue2,6,12289,n,cave; cavern,,
都市,都市,dū shì,du1 shi4,6,5804,n,city; metropolis,,
兜,兜,dōu,dou1,6,6727,v/q/n,pocket; bag; to wrap up or hold in a bag; to move in a circle; to canvas or solicit; to take responsibility for; to disclose in detail; combat armor (old),,
陡峭,陡峭,dǒu qiào,dou3 qiao4,6,28114,a/an,precipitous,,
斗争,鬥爭,dòu zhēng,dou4 zheng1,6,2672,vn/v,a struggle; fight; battle,,
督促,督促,dū cù,du1 cu4,6,15561,v,to supervise and urge completion of a task; to urge on,,
毒品,毒品,dú pǐn,du2 pin3,6,3565,n,drugs; narcotics; poison,,
独裁,獨裁,dú cái,du2 cai2,6,17264,a/an/ad,dictatorship,,
堵塞,堵塞,dǔ sè,du3 se4,6,9777,v/vn,to clog up; blockage,,
赌博,賭博,dǔ bó,du3 bo2,6,5072,v/vn,to gamble,,
杜绝,杜絕,dù jué,du4 jue2,6,19250,v,to put an end to,,
端,端,duān,duan1,6,2412,v/q/g,end; extremity; item; port; to hold sth level with both hands; to carry; regular,,
端午节,端午節,Duān wǔ jié,Duan1 wu3 jie2,6,56867,t,Dragon Boat Festival (5th day of the 5th lunar month),,
端正,端正,duān zhèng,duan1 zheng4,6,16934,v/a,upright; regular; proper; correct,,
短促,短促,duǎn cù,duan3 cu4,6,34131,a,short in time; fleeting; brief; gasping (breath); curt (tone of voice),,
断定,斷定,duàn dìng,duan4 ding4,6,13050,v,to conclude; to determine; to come to a judgment,,
断断续续,斷斷續續,duàn duàn xù xù,duan4 duan4 xu4 xu4,6,22968,l,intermittent; off and on; discontinuous; stop-go; stammering; disjointed; inarticulate,,
断绝,斷絕,duàn jué,duan4 jue2,6,13974,v,to sever; to break off,,
堆积,堆積,duī jī,dui1 ji1,6,15402,v/vn,to pile up; to heap; accumulation,,
队伍,隊伍,duì wǔ,dui4 wu3,6,1484,n,ranks; troops; queue; line; procession,,个/支/条
对策,對策,duì cè,dui4 ce4,6,9719,n,countermeasure for dealing with a situation,,
对称,對稱,duì chèn,dui4 chen4,6,13912,a/ad,symmetry; symmetrical,,
对付,對付,duì fu,dui4 fu5,6,3169,v,to handle; to deal with; to tackle; to get by with; to make do; (dialect) (usu. used in the negative) to get along with (sb),,
对抗,對抗,duì kàng,dui4 kang4,6,4063,v/vn,to withstand; to resist; to stand off; antagonism; confrontation,,
对立,對立,duì lì,dui4 li4,6,12725,v/vn,to oppose; to set sth against; to be antagonistic to; antithetical; relative opposite; opposing; diametrical,,
对联,對聯,duì lián,dui4 lian2,6,47502,n,rhyming couplet; pair of lines of verse written vertically down the sides of a doorway,,副/幅
对应,對應,duì yìng,dui4 ying4,6,9540,v/vn,to correspond (to); to be equivalent to; to be a counterpart to,,
对照,對照,duì zhào,dui4 zhao4,6,10916,v/vn,to contrast; to compare; to place side by side for comparison (as parallel texts); to check,,
兑换,兌換,duì huàn,dui4 huan4,6,11279,v/vn,to convert; to exchange,,
兑现,兌現,duì xiàn,dui4 xian4,6,7819,v/vn,(of a check etc) to cash; to honor a commitment,,
顿时,頓時,dùn shí,dun4 shi2,6,13943,d,immediately; suddenly,,
多元化,多元化,duō yuán huà,duo1 yuan2 hua4,6,15847,vn/v,diversification; pluralism; to diversify,,
哆嗦,哆嗦,duō suo,duo1 suo5,6,23415,v,to tremble; to shiver; uncontrolled shaking of the body,,
堕落,墮落,duò luò,duo4 luo4,6,8016,v/vn,to degrade; to degenerate; to become depraved; corrupt; a fall from grace,,
额外,額外,é wài,e2 wai4,6,6599,b/d,extra; added; additional,,
恶化,惡化,è huà,e4 hua4,6,6138,v/vn,to worsen,,
恶心,惡心,ě xīn,e3 xin1,6,2463,a/an,nausea; to feel sick; disgust; nauseating; to embarrass (deliberately),,
掠夺,掠奪,lu:è duó,lüe4 duo2,6,12733,v/vn,to plunder; to rob,,
略微,略微,lu:è wēi,lüe4 wei1,6,20310,d,a little bit; slightly,,
遏制,遏制,è zhì,e4 zhi4,6,14933,v/vn,to check; to contain; to hold back; to keep within limits; to constrain; to restrain,,
恩怨,恩怨,ēn yuàn,en1 yuan4,6,12053,n,gratitude and grudges; resentment; grudges; grievances,,
而已,而已,ér yǐ,er2 yi3,6,1377,y/u,that's all; nothing more,,
耳环,耳環,ěr huán,er3 huan2,6,11999,n,earring,,只/对
二氧化碳,二氧化碳,èr yǎng huà tàn,er4 yang3 hua4 tan4,6,13139,n,carbon dioxide CO2,,
发布,發佈,fā bù,fa1 bu4,6,2711,v/vn,to release; to issue; to announce; to distribute; also written 发布,,
发财,發財,fā cái,fa1 cai2,6,9336,v/vn,to get rich,,
发呆,發呆,fā dāi,fa1 dai1,6,13611,v,to stare blankly; to be stunned; to be lost in thought,,
发动,發動,fā dòng,fa1 dong4,6,3090,v,to start; to launch; to unleash; to mobilize; to arouse,,
发火,發火,fā huǒ,fa1 huo3,6,10499,v,to catch fire; to ignite; to detonate; to get angry,,
发觉,發覺,fā jué,fa1 jue2,6,5813,v,to become aware; to detect; to realize; to perceive,,
发射,發射,fā shè,fa1 she4,6,3022,v/vn,to shoot (a projectile); to fire (a rocket); to launch; to emit (a particle); to discharge; emanation; emission,,
发誓,發誓,fā shì,fa1 shi4,6,5986,v,to vow; to pledge; to swear,,
发行,發行,fā xíng,fa1 xing2,6,3589,v/vn,"to publish; to issue (stocks, currency etc); to release; to distribute (a film)",,
发炎,發炎,fā yán,fa1 yan2,6,17067,v,to become inflamed; inflammation,,
发扬,發揚,fā yáng,fa1 yang2,6,13862,v,to develop; to make full use of,,
发育,發育,fā yù,fa1 yu4,6,6591,v/vn,to develop; to mature; growth; development; (sexually) mature,,
法人,法人,fǎ rén,fa3 ren2,6,16184,n,legal person; corporation; see also 人,,
番,番,fān,fan1,6,5706,qv/g,"foreign (non-Chinese); barbarian; classifier for occurrences (of an event, action or speech utterance); classifier for iterations: times, -fold (as in twofold etc); classifier for situations: kind, sort",,
繁华,繁華,fán huá,fan2 hua2,6,14569,a,flourishing; bustling,,
繁忙,繁忙,fán máng,fan2 mang2,6,10742,a/an,busy; bustling,,
繁体字,繁體字,fán tǐ zì,fan2 ti3 zi4,6,39543,,traditional Chinese character,,
繁殖,繁殖,fán zhí,fan2 zhi2,6,9104,v/vn,to breed; to reproduce; to propagate,,
反驳,反駁,fǎn bó,fan3 bo2,6,10845,v/vn,to retort; to refute,,
反常,反常,fǎn cháng,fan3 chang2,6,13398,a,unusual; abnormal,,
反倒,反倒,fǎn dào,fan3 dao4,6,14186,d,but on the contrary; but expectedly,,
反动,反動,fǎn dòng,fan3 dong4,6,16500,a,reaction; reactionary,,
反感,反感,fǎn gǎn,fan3 gan3,6,9598,v/an,to be disgusted with; to dislike; bad reaction; antipathy,,
反抗,反抗,fǎn kàng,fan3 kang4,6,5287,v/vn,to resist; to rebel,,
反馈,反饋,fǎn kuì,fan3 kui4,6,8624,v/vn,to send back information; feedback,,
反面,反面,fǎn miàn,fan3 mian4,6,14058,n/b,reverse side; backside; the other side (of a problem etc); negative; bad,,
反射,反射,fǎn shè,fan3 she4,6,9837,v/vn,to reflect; reflection (from a mirror etc); reflex (i.e. automatic reaction of organism),,
反思,反思,fǎn sī,fan3 si1,6,12288,v/vn,to think back over sth; to review; to revisit; to rethink; reflection; reassessment,,
反问,反問,fǎn wèn,fan3 wen4,6,17873,v,to ask (a question) in reply; to answer a question with a question; rhetorical question,,
反之,反之,fǎn zhī,fan3 zhi1,6,18222,c,on the other hand...; conversely...,,
泛滥,泛濫,fàn làn,fan4 lan4,6,13426,v/vn,to be in flood; to overflow (the banks); to inundate; to spread unchecked,,
范畴,範疇,fàn chóu,fan4 chou2,6,12483,n,category,,
贩卖,販賣,fàn mài,fan4 mai4,6,9252,v/vn,to sell; to peddle; to traffic,,
方位,方位,fāng wèi,fang1 wei4,6,9608,n,direction; points of the compass; bearing; position; azimuth,,
方言,方言,fāng yán,fang1 yan2,6,12942,n,topolect; dialect,,
方针,方針,fāng zhēn,fang1 zhen1,6,10718,n,policy; guidelines,,个
防守,防守,fáng shǒu,fang2 shou3,6,3740,v/vn,to defend; to protect (against),,
防疫,防疫,fáng yì,fang2 yi4,6,31623,vn,to prevent epidemics,,
防御,防禦,fáng yù,fang2 yu4,6,5137,vn/v,defense; to defend,,
防止,防止,fáng zhǐ,fang2 zhi3,6,3244,v,to prevent; to guard against; to take precautions,,
防治,防治,fáng zhì,fang2 zhi4,6,16888,vn/v,to prevent and cure; prevention and cure,,
纺织,紡織,fǎng zhī,fang3 zhi1,6,15626,vn/n,spinning and weaving,,
放大,放大,fàng dà,fang4 da4,6,5489,v/vn,to enlarge; to magnify,,
放射,放射,fàng shè,fang4 she4,6,8443,v/vn,to radiate; radioactive,,
放手,放手,fàng shǒu,fang4 shou3,6,4349,v,to let go one's hold; to give up; to have a free hand,,
飞禽走兽,飛禽走獸,fēi qín zǒu shòu,fei1 qin2 zou3 shou4,6,85592,l,birds and animals; the beasts of the field and the birds of the air,,
飞翔,飛翔,fēi xiáng,fei1 xiang2,6,9925,v/vn,to circle in the air; to soar,,
飞跃,飛躍,fēi yuè,fei1 yue4,6,11816,vn/v,to leap,,
非法,非法,fēi fǎ,fei1 fa3,6,2403,b/d,illegal,,
肥沃,肥沃,féi wò,fei2 wo4,6,28240,a,fertile,,
匪徒,匪徒,fěi tú,fei3 tu2,6,18089,n,gangster; bandit,,
诽谤,誹謗,fěi bàng,fei3 bang4,6,14273,v/vn,to slander; to libel,,
废除,廢除,fèi chú,fei4 chu2,6,12112,v/vn,to abolish; to abrogate; to repeal,,
废墟,廢墟,fèi xū,fei4 xu1,6,10824,n,ruins,,
沸腾,沸騰,fèi téng,fei4 teng2,6,11120,v/vn,(of a liquid) to boil; (of sentiments etc) to boil over; to flare up; to be impassioned,,
分辨,分辨,fēn biàn,fen1 bian4,6,9367,v/vn,to distinguish; to differentiate; to resolve,,
分寸,分寸,fēn cun,fen1 cun5,6,25716,n,propriety; appropriate behavior; proper speech or action; within the norms,,
分红,分紅,fēn hóng,fen1 hong2,6,12056,v/n/vn,dividend; to award a bonus,,
分解,分解,fēn jiě,fen1 jie3,6,8050,v/vn,to resolve; to decompose; to break down,,
分量,分量,fèn liang,fen4 liang5,6,11274,n,quantity; weight; measure,,
分裂,分裂,fēn liè,fen1 lie4,6,4860,v/vn,to split up; to divide; to break up; fission; schism,,
分泌,分泌,fēn mì,fen1 mi4,6,8707,v/vn,to secrete; secretion,,
分明,分明,fēn míng,fen1 ming2,6,9781,a/d,clear; distinct; evidently; clearly,,
分歧,分歧,fēn qí,fen1 qi2,6,7131,n,"divergent; difference (of opinion, position); disagreement; (math.) bifurcation",,
分散,分散,fēn sàn,fen1 san4,6,4846,v/a/ad,to scatter; to disperse; to distribute,,
分手,分手,fēn shǒu,fen1 shou3,6,2494,v/vn,to part company; to split up; to break up,,
吩咐,吩咐,fēn fù,fen1 fu4,6,7516,v/vn,to tell; to instruct; to command,,
坟墓,墳墓,fén mù,fen2 mu4,6,10256,n,grave; tomb,,
粉末,粉末,fěn mò,fen3 mo4,6,12853,n,fine powder; dust,,
粉色,粉色,fěn sè,fen3 se4,6,6437,n,pink; white; erotic; beautiful woman; powdered (with make-up),,
粉碎,粉碎,fěn suì,fen3 sui4,6,8160,v/z,to crush; to smash; to shatter,,
丰满,豐滿,fēng mǎn,feng1 man3,6,10502,a/ns,ample; well developed; fully rounded,,
丰盛,豐盛,fēng shèng,feng1 sheng4,6,12952,a,rich; sumptuous,,
丰收,豐收,fēng shōu,feng1 shou1,6,12806,v/vn,bumper harvest,,
风暴,風暴,fēng bào,feng1 bao4,6,5216,n,"storm; violent commotion; fig. crisis (e.g. revolution, uprising, financial crisis etc)",,
风度,風度,fēng dù,feng1 du4,6,11221,n,elegance (for men); elegant demeanor; grace; poise,,
风光,風光,fēng guāng,feng1 guang1,6,7917,n/a,scene; view; sight; landscape; to be well-regarded; to be well-off; grand (dialect); impressive (dialect),,
风气,風氣,fēng qì,feng1 qi4,6,20442,n,general mood; atmosphere; common practice,,
风趣,風趣,fēng qù,feng1 qu4,6,13057,a/an,charm; humor; wit; humorous; witty,,
风土人情,風土人情,fēng tǔ rén qíng,feng1 tu3 ren2 qing2,6,39323,l,local conditions and customs (idiom),,
风味,風味,fēng wèi,feng1 wei4,6,10726,n,distinctive flavor; distinctive style,,
封闭,封閉,fēng bì,feng1 bi4,6,5618,v/vn,to close; to seal off; to close down (an illegal venue); closed (i.e. isolated from outside input),,
封建,封建,fēng jiàn,feng1 jian4,6,21265,a,system of enfeoffment; feudalism; feudal; feudalistic,,
封锁,封鎖,fēng suǒ,feng1 suo3,6,5606,v/vn,to blockade; to seal off; to lock down,,
锋利,鋒利,fēng lì,feng1 li4,6,13125,a,sharp (e.g. knife blade); incisive; to the point,,
逢,逢,féng,feng2,6,9707,v,to meet by chance; to come across; (of a calendar event) to come along; (of an event) to fall on (a particular day); to fawn upon,,
奉献,奉獻,fèng xiàn,feng4 xian4,6,5701,v/vn/n,to offer respectfully; to consecrate; to dedicate; to devote,,
否决,否決,fǒu jué,fou3 jue2,6,9806,v/vn,to veto; to overrule,,
敷衍,敷衍,fū yǎn,fu1 yan3,6,15754,v/vn,to elaborate (on a theme); to expound (the classics); perfunctory; to skimp; to botch; to do sth half-heartedly or just for show; barely enough to get by,,
服气,服氣,fú qì,fu2 qi4,6,24524,v,to be convinced; to accept,,
俘虏,俘虜,fú lǔ,fu2 lu3,6,10181,n/v,captive,,
符号,符號,fú hào,fu2 hao4,6,6994,n,symbol; mark; sign,,
幅度,幅度,fú dù,fu2 du4,6,10579,n,width; extent; range; scope,,
福利,福利,fú lì,fu2 li4,6,4685,n,material benefit; benefit in kind; (social) welfare,,
福气,福氣,fú qi,fu2 qi5,6,14676,n/a,good fortune; a blessing,,
辐射,輻射,fú shè,fu2 she4,6,5061,v/vn/n,radiation,,
抚养,撫養,fǔ yǎng,fu3 yang3,6,8358,v/vn,to foster; to bring up; to raise,,
俯仰,俯仰,fǔ yǎng,fu3 yang3,6,54510,,lowering and raising of the head; (fig.) small move; pitch (position angle),,
辅助,輔助,fǔ zhù,fu3 zhu4,6,7348,vn/v,to assist; to aid; supplementary; auxiliary,,
腐败,腐敗,fǔ bài,fu3 bai4,6,5148,an/a,corruption; to corrupt; to rot; rotten,,
腐烂,腐爛,fǔ làn,fu3 lan4,6,11803,v/vn,to rot; to putrefy; (fig.) corrupt,,
腐蚀,腐蝕,fǔ shí,fu3 shi2,6,10998,v/vn,corrosion; to corrode (degrade chemically); to rot; corruption,,
腐朽,腐朽,fǔ xiǔ,fu3 xiu3,6,15832,a,rotten; decayed; decadent; degenerate,,
负担,負擔,fù dān,fu4 dan1,6,3554,n/v,"to bear (an expense, a responsibility etc); burden",,
附和,附和,fù hè,fu4 he4,6,26677,v,to agree; to go along with; to echo (what sb says),,
附件,附件,fù jiàn,fu4 jian4,6,14333,n,enclosure; attachment (email); appendix,,
附属,附屬,fù shǔ,fu4 shu3,6,11094,vn/v,subsidiary; auxiliary; attached; affiliated; subordinate; subordinating,,
复活,復活,fù huó,fu4 huo2,6,7585,v/vn,to revive; (lit. and fig.) to come back to life; (religion) resurrection,,
复兴,復興,fù xīng,fu4 xing1,6,13050,vn/v,to revive; to rejuvenate,,
副,副,fù,fu4,6,1325,b/q,"secondary; auxiliary; deputy; assistant; vice-; abbr. for 副词 adverb; classifier for pairs, sets of things & facial expressions",,
副作用,副作用,fù zuò yòng,fu4 zuo4 yong4,6,7428,n,side effect,,
富裕,富裕,fù yù,fu4 yu4,6,8806,a/an,prosperous; well-to-do; well-off,,
赋予,賦予,fù yǔ,fu4 yu3,6,5614,v,to assign; to entrust (a task); to give; to bestow,,
腹泻,腹瀉,fù xiè,fu4 xie4,6,13015,v/vn,diarrhea; to have the runs,,
覆盖,覆蓋,fù gài,fu4 gai4,6,5499,v/vn,to cover,,
夫妇,夫婦,fū fù,fu1 fu4,6,3257,n,a (married) couple; husband and wife,,对
夫人,夫人,fū ren,fu1 ren5,6,2235,n,lady; madam; Mrs.,,位
改良,改良,gǎi liáng,gai3 liang2,6,13145,v/vn,to improve (sth); to reform (a system),,
盖章,蓋章,gài zhāng,gai4 zhang1,6,21728,v/vn,to affix a seal; to stamp (a document); to sign off on sth,,
甘心,甘心,gān xīn,gan1 xin1,6,17629,v,to be willing to; to resign oneself to,,
尴尬,尷尬,gān gà,gan1 ga4,6,3013,a/an,awkward; embarrassed,,
感慨,感慨,gǎn kǎi,gan3 kai3,6,19967,v/a/an,"to sigh with sorrow, regret etc; rueful; deeply moved",,
感染,感染,gǎn rǎn,gan3 ran3,6,2006,v/vn,to infect; infection; (fig.) to influence,,
干旱,乾旱,gān hàn,gan1 han4,6,13635,an/a,drought; arid; dry,,
干劲,幹勁,gàn jìn,gan4 jin4,6,14053,n,enthusiasm for doing sth,,
干扰,干擾,gān rǎo,gan1 rao3,6,4467,v/vn,to disturb; to interfere; perturbation; interference (physics),,
干涉,干涉,gān shè,gan1 she4,6,6285,v/vn,to interfere; to meddle; interference,,
干预,干預,gān yù,gan1 yu4,6,7478,v/vn,to meddle; to intervene; intervention,,
杠杆,槓桿,gàng gǎn,gang4 gan3,6,17014,n,lever; pry bar; crowbar; financial leverage,,
纲领,綱領,gāng lǐng,gang1 ling3,6,25287,n,program (i.e. plan of action); guiding principle,,
岗位,崗位,gǎng wèi,gang3 wei4,6,4669,n,a post; a job,,
港口,港口,gǎng kǒu,gang3 kou3,6,5477,n,port; harbor,,
港湾,港灣,gǎng wān,gang3 wan1,6,17501,n,bay serving as a harbor,,
高超,高超,gāo chāo,gao1 chao1,6,14033,a,excellent; superlative,,
高潮,高潮,gāo cháo,gao1 chao2,6,4649,n,"high tide; high water; upsurge; peak of activity; climax (of a story, a competition etc); to have an orgasm",,
高峰,高峰,gāo fēng,gao1 feng1,6,7388,n/nr,peak; summit; height,,
高考,高考,gāo kǎo,gao1 kao3,6,10815,v/vn,college entrance exam (especially as abbr. for 普通高等学校招生全国统一考试); (Tw) entrance exam for senior government service posts (abbr. for 公务人员高等考试),,
高明,高明,gāo míng,gao1 ming2,6,9773,a/nr,brilliant; superior; wise,,
高尚,高尚,gāo shàng,gao1 shang4,6,7329,a,noble; lofty; refined; exquisite,,
高涨,高漲,gāo zhǎng,gao1 zhang3,6,10570,a/an,to surge up; to rise; (of tensions etc) to run high,,
稿件,稿件,gǎo jiàn,gao3 jian4,6,22943,n,piece of writing submitted for publication; manuscript; article,,
告辞,告辭,gào cí,gao4 ci2,6,16347,v,to say goodbye; to take one's leave,,
告诫,告誡,gào jiè,gao4 jie4,6,12672,v/vn,to warn; to admonish,,
疙瘩,疙瘩,gē da,ge1 da5,6,20368,n,swelling or lump on skin; pimple; knot; lump; preoccupation; problem,,
割,割,gē,ge1,6,4717,v,to cut; to cut apart,,
搁,擱,gē,ge1,6,13072,v,to place; to put aside; to shelve,,
歌颂,歌頌,gē sòng,ge1 song4,6,18555,v/vn,to sing the praises of; to extol; to eulogize,,
格局,格局,gé jú,ge2 ju2,6,15477,n,structure; pattern; layout,,
格式,格式,gé shì,ge2 shi4,6,11622,n,form; specification; format,,
隔阂,隔閡,gé hé,ge2 he2,6,20336,n,misunderstanding; estrangement; (language etc) barrier,,
隔离,隔離,gé lí,ge2 li2,6,5300,vn/v,to separate; to isolate,,
个体,個體,gè tǐ,ge4 ti3,6,7735,n,individual,,
各抒己见,各抒己見,gè shū jǐ jiàn,ge4 shu1 ji3 jian4,6,46742,v,everyone gives their own view,,
给予,給予,jǐ yǔ,ji3 yu3,6,2680,v,(literary) to give; to accord; to render,,
根深蒂固,根深蒂固,gēn shēn dì gù,gen1 shen1 di4 gu4,6,25542,v,deep-rooted (problem etc),,
根源,根源,gēn yuán,gen1 yuan2,6,10013,n/v,origin; root (cause),,
跟前,跟前,gēn qián,gen1 qian2,6,13531,f,the front (of); (in) front; (in) sb's presence; just before (a date),,
跟随,跟隨,gēn suí,gen1 sui2,6,6503,v,to follow,,
跟踪,跟蹤,gēn zōng,gen1 zong1,6,3163,v/vn,to follow sb's tracks; to tail; to shadow; tracking,,
耕地,耕地,gēng dì,geng1 di4,6,19605,n,arable land; to plow land,,
更新,更新,gēng xīn,geng1 xin1,6,5383,v/vn,to replace the old with new; to renew; to renovate; to upgrade; to update; to regenerate,,
更正,更正,gēng zhèng,geng1 zheng4,6,15240,v/vn,to correct; to make a correction,,
工夫,工夫,gōng fu,gong1 fu5,6,10723,n,"period of time (may be months, or mere seconds); spare time; skill; labor; effort",,
工艺品,工藝品,gōng yì pǐn,gong1 yi4 pin3,6,18046,n,handicraft article; handiwork,,个
公安局,公安局,gōng ān jú,gong1 an1 ju2,6,27713,n,public security bureau (government office similar in function to a police station),,
公道,公道,gōng dào,gong1 dao4,6,10998,a/an,justice; fairness; public highway,,
公告,公告,gōng gào,gong1 gao4,6,6445,n/v,post; announcement,,
公关,公關,gōng guān,gong1 guan1,6,8081,n,public relations,,
公民,公民,gōng mín,gong1 min2,6,2877,n,citizen,,
公婆,公婆,gōng pó,gong1 po2,6,32691,n,husband's parents; parents-in-law,,
公然,公然,gōng rán,gong1 ran2,6,12264,d,openly; publicly; undisguised,,
公认,公認,gōng rèn,gong1 ren4,6,10650,v,publicly known (to be); accepted (as),,
公式,公式,gōng shì,gong1 shi4,6,10474,n,formula,,
公务,公務,gōng wù,gong1 wu4,6,8888,n,official business,,
公正,公正,gōng zhèng,gong1 zheng4,6,3881,a/ad/an,just; fair; equitable,,
公证,公證,gōng zhèng,gong1 zheng4,6,16782,n/v/vn,notarization; notarized; acknowledgement,,
功课,功課,gōng kè,gong1 ke4,6,9040,n,homework; assignment; task; classwork; lesson; study,,门
功劳,功勞,gōng láo,gong1 lao2,6,9813,n,contribution; meritorious service; credit,,
功效,功效,gōng xiào,gong1 xiao4,6,12192,n,efficacy,,
攻击,攻擊,gōng jī,gong1 ji1,6,1579,v/vn,to attack; to accuse; to charge; an attack (terrorist or military),,
攻克,攻克,gōng kè,gong1 ke4,6,17154,v,to capture; to take; to overcome; to solve,,
供不应求,供不應求,gōng bù yìng qiú,gong1 bu4 ying4 qiu2,6,23912,v,supply does not meet demand,,
供给,供給,gōng jǐ,gong1 ji3,6,6645,vn/v,to furnish; to provide; supply (as in supply and demand),,
宫殿,宮殿,gōng diàn,gong1 dian4,6,11395,n,palace,,座
恭敬,恭敬,gōng jìng,gong1 jing4,6,21818,a/ad,deferential; respectful,,
巩固,鞏固,gǒng gù,gong3 gu4,6,9856,v/vn,to consolidate; consolidation; to strengthen,,
共和国,共和國,gòng hé guó,gong4 he2 guo2,6,6012,n,republic,,
共计,共計,gòng jì,gong4 ji4,6,19358,v,to sum up to; to total,,
共鸣,共鳴,gòng míng,gong4 ming2,6,11154,vn/v,(physics) to resonate; resonance; sympathetic response,,
勾结,勾結,gōu jié,gou1 jie2,6,15011,v,to collude with; to collaborate with; to gang up with,,
钩子,鉤子,gōu zi,gou1 zi5,6,12005,n,hook,,
构思,構思,gòu sī,gou4 si1,6,11513,v/vn,to design; to plot; to plan out; to compose; to draw a mental sketch; conception; plan; idea; composition,,
姑且,姑且,gū qiě,gu1 qie3,6,24572,d,for the time being; tentatively,,
孤独,孤獨,gū dú,gu1 du2,6,2987,a/an,lonely; solitary,,
孤立,孤立,gū lì,gu1 li4,6,9536,v/a/an/ad,isolated; to isolate,,
辜负,辜負,gū fù,gu1 fu4,6,11000,v,to fail to live up (to expectations); unworthy (of trust); to let down; to betray (hopes); to disappoint,,
古董,古董,gǔ dǒng,gu3 dong3,6,10388,n,curio; antique,,
古怪,古怪,gǔ guài,gu3 guai4,6,7231,a,strange; weird; eccentric; bizarre,,
股东,股東,gǔ dōng,gu3 dong1,6,5090,n,shareholder; stockholder,,
股份,股份,gǔ fèn,gu3 fen4,6,5040,n,a share (in a company); stock,,
骨干,骨幹,gǔ gàn,gu3 gan4,6,19116,n,diaphysis (long segment of a bone); fig. backbone,,
鼓动,鼓動,gǔ dòng,gu3 dong4,6,18489,v/vn,"to urge (an activity that may be beneficial, harmful or neutral); to encourage; to agitate; to instigate; to incite; to beat; to flap (wings, a fan etc)",,
固然,固然,gù rán,gu4 ran2,6,15998,c,admittedly (it's true that...),,
固有,固有,gù yǒu,gu4 you3,6,19015,b,intrinsic to sth; inherent; native,,
固执,固執,gù zhí,gu4 zhi2,6,8209,a/an/v,obstinate; stubborn; to fixate on; to cling to,,
故乡,故鄉,gù xiāng,gu4 xiang1,6,9198,n,home; homeland; native place,,个
故障,故障,gù zhàng,gu4 zhang4,6,4690,n,malfunction; breakdown; defect; shortcoming; fault; failure; impediment; error; bug (in software),,
顾虑,顧慮,gù lǜ,gu4 lü4,6,10038,n/v,misgivings; apprehensions,,
顾问,顧問,gù wèn,gu4 wen4,6,3747,n,adviser; consultant,,
拐杖,拐杖,guǎi zhàng,guai3 zhang4,6,16022,n,crutches; crutch; walking stick,,
关照,關照,guān zhào,guan1 zhao4,6,10368,v/vn,to take care; to keep an eye on; to look after; to tell; to remind,,
观光,觀光,guān guāng,guan1 guang1,6,9386,v/vn,to tour; sightseeing; tourism,,
官方,官方,guān fāng,guan1 fang1,6,3703,n,government; official (approved or issued by an authority),,
管辖,管轄,guǎn xiá,guan3 xia2,6,10255,v/vn,to administer; to have jurisdiction (over),,
贯彻,貫徹,guàn chè,guan4 che4,6,13977,v,to implement; to put into practice; to carry out,,
惯例,慣例,guàn lì,guan4 li4,6,8670,n,convention; usual practice,,
灌溉,灌溉,guàn gài,guan4 gai4,6,15731,vn/v,to irrigate,,
罐,罐,guàn,guan4,6,4885,g/q,can; jar; pot,,
光彩,光彩,guāng cǎi,guang1 cai3,6,8814,a/n,luster; splendor; radiance; brilliance,,
光辉,光輝,guāng huī,guang1 hui1,6,8415,a/n,radiance; glory; brilliant; magnificent,,
光芒,光芒,guāng máng,guang1 mang2,6,6593,n,rays of light; brilliant rays; radiance,,
广阔,廣闊,guǎng kuò,guang3 kuo4,6,9885,a,wide; vast,,
归根到底,歸根到底,guī gēn dào dǐ,gui1 gen1 dao4 di3,6,25289,l,after all; in the final analysis; ultimately,,
归还,歸還,guī huán,gui1 huan2,6,9427,v,to return sth; to revert,,
归纳,歸納,guī nà,gui1 na4,6,24633,v/vn,to sum up; to summarize; to conclude from facts; induction (method of deduction in logic),,
规范,規範,guī fàn,gui1 fan4,6,6609,v/n/a/vn,norm; standard; specification; regulation; rule; within the rules; to fix rules; to regulate; to specify,,
规格,規格,guī gé,gui1 ge2,6,11568,n,standard; norm; specification,,
规划,規劃,guī huà,gui1 hua4,6,3915,n/v/vn,to draw up a plan; to map out a program; a plan; a program,,
规章,規章,guī zhāng,gui1 zhang1,6,10192,n,rule; regulation,,
轨道,軌道,guǐ dào,gui3 dao4,6,4493,n,track (for trains etc); orbit (of a satellite); (fig.) a person's established path in life; desired trajectory (of a business or other endeavor); (audio engineering) track; (quantum mechanics) orbital,,
贵族,貴族,guì zú,gui4 zu2,6,6166,n,lord; nobility; nobleman; noblewoman; aristocrat; aristocracy,,
跪,跪,guì,gui4,6,5311,v,to kneel,,
棍棒,棍棒,gùn bàng,gun4 bang4,6,28739,n,club; staff; stick,,
国防,國防,guó fáng,guo2 fang2,6,7990,n,national defense,,
国务院,國務院,Guó wù yuàn,Guo2 wu4 yuan4,6,6472,nt,State Council (PRC); State Department (USA),,
果断,果斷,guǒ duàn,guo3 duan4,6,10641,a/ad,firm; decisive,,
过度,過度,guò dù,guo4 du4,6,3967,v/d/vn,excessive; over-; excess; going too far; extravagant; intemperate; overdue,,
过渡,過渡,guò dù,guo4 du4,6,8462,v/vn,to cross over (by ferry); transition; interim; caretaker (administration),,
过奖,過獎,guò jiǎng,guo4 jiang3,6,41281,v,to overpraise; to flatter,,
过滤,過濾,guò lǜ,guo4 lü4,6,9885,v/vn,to filter; filter,,
过失,過失,guò shī,guo4 shi1,6,10955,n,error; fault; (law) negligence; delinquency,,
过问,過問,guò wèn,guo4 wen4,6,16732,v,to show an interest in; to get involved with,,
过瘾,過癮,guò yǐn,guo4 yin3,6,11648,a/v,to satisfy a craving; to get a kick out of sth; gratifying; immensely enjoyable; satisfying; fulfilling,,
过于,過於,guò yú,guo4 yu2,6,4170,d,too much; excessively,,
嗨,嗨,hāi,hai1,6,2664,e,oh alas; hey!; hi! (loanword); a high (natural or drug-induced) (loanword),,
还原,還原,huán yuán,huan2 yuan2,6,10488,v,to restore to the original state; to reconstruct (an event); reduction (chemistry),,
海拔,海拔,hǎi bá,hai3 ba2,6,13525,n,height above sea level; elevation,,
海滨,海濱,hǎi bīn,hai3 bin1,6,10973,s/n,shore; seaside,,
含糊,含糊,hán hu,han2 hu5,6,15873,a/an,ambiguous; vague; careless; perfunctory,,
含义,含義,hán yì,han2 yi4,6,6120,n,meaning (implicit in a phrase); implied meaning; hidden meaning; hint; connotation,,
寒暄,寒暄,hán xuān,han2 xuan1,6,23133,v,to exchange conventional greetings; to exchange pleasantries,,
罕见,罕見,hǎn jiàn,han3 jian4,6,6505,a,rare; rarely seen,,
捍卫,捍衛,hàn wèi,han4 wei4,6,11101,,to defend; to uphold; to safeguard,,
航空,航空,háng kōng,hang2 kong1,6,3185,n,aviation,,
航天,航天,háng tiān,hang2 tian1,6,9515,n,space flight,,
航行,航行,háng xíng,hang2 xing2,6,9542,v/vn,to sail; to fly; to navigate,,
毫米,毫米,háo mǐ,hao2 mi3,6,23449,q,millimeter,,
毫无,毫無,háo wú,hao2 wu2,6,2244,v,not in the least; to completely lack,,
豪迈,豪邁,háo mài,hao2 mai4,6,32272,a/an,bold; open-minded; heroic,,
好客,好客,hào kè,hao4 ke4,6,28557,a/an,hospitality; to treat guests well; to enjoy having guests; hospitable; friendly,,
号召,號召,hào zhào,hao4 zhao4,6,11618,v/vn,to call; to appeal,,
耗费,耗費,hào fèi,hao4 fei4,6,14666,v,to waste; to spend; to consume; to squander,,
合并,合併,hé bìng,he2 bing4,6,4049,v/vn,to merge; to annex,,
合成,合成,hé chéng,he2 cheng2,6,6398,vn/v,to compose; to constitute; compound; synthesis; mixture; synthetic,,
合乎,合乎,hé hū,he2 hu1,6,15544,v,to accord with; to conform to,,
合伙,合伙,hé huǒ,he2 huo3,6,11139,v/vn,to act jointly; to form a partnership,,
合身,合身,hé shēn,he2 shen1,6,20268,a,well-fitting (of clothes),,
合算,合算,hé suàn,he2 suan4,6,25834,a,worthwhile; to be a good deal; to be a bargain; to reckon up; to calculate,,
和蔼,和藹,hé ǎi,he2 ai3,6,18111,a,kindly; nice; amiable,,
和解,和解,hé jiě,he2 jie3,6,8297,v/vn,to settle (a dispute out of court); to reconcile; settlement; conciliation; to become reconciled,,
和睦,和睦,hé mù,he2 mu4,6,15353,a/an/ad,peaceful relations; harmonious,,
和气,和氣,hé qi,he2 qi5,6,21572,a/ad/an,friendly; polite; amiable,,
和谐,和諧,hé xié,he2 xie2,6,3883,a/an/ad,harmonious; harmony; (euphemism) to censor,,
嘿,嘿,hēi,hei1,6,2729,e,hey,,
痕迹,痕跡,hén jì,hen2 ji4,6,4154,n,vestige; mark; trace,,
狠心,狠心,hěn xīn,hen3 xin1,6,17952,a/ad/an,callous; heartless; to resolve (to do sth); firm resolve (as in 心),,
恨不得,恨不得,hèn bu de,hen4 bu5 de5,6,11273,d,wishing one could do sth; to hate to be unable; itching to do sth,,
哼,哼,hēng,heng1,6,2732,e/v,to groan; to snort; to hum; to croon; humph!,,
轰动,轟動,hōng dòng,hong1 dong4,6,9626,vn/v,to cause a sensation; to create a stir in (a place); commotion; controversy,,
哄,鬨,hòng,hong4,6,6776,v/o,tumult; uproar; commotion; disturbance,,
烘,烘,hōng,hong1,6,18172,v,to bake; to heat by fire; to set off by contrast,,
红包,紅包,hóng bāo,hong2 bao1,6,16771,n,money wrapped in red as a gift; bonus payment; kickback; bribe,,
宏观,宏觀,hóng guān,hong2 guan1,6,22460,n,macro-; macroscopic; holistic,,
宏伟,宏偉,hóng wěi,hong2 wei3,6,13202,a,grand; imposing; magnificent,,
洪水,洪水,hóng shuǐ,hong2 shui3,6,7906,n,deluge; flood,,
喉咙,喉嚨,hóu lóng,hou2 long2,6,5935,n,the throat,,
吼,吼,hǒu,hou3,6,3491,v,to roar; to howl; to shriek; roar or howl of an animal; bellow of rage,,
后代,後代,hòu dài,hou4 dai4,6,8721,n,descendant; progeny; posterity; later ages; later generations,,
后顾之忧,後顧之憂,hòu gù zhī yōu,hou4 gu4 zhi1 you1,6,25479,l,"fears of trouble in the rear (idiom); family worries (obstructing freedom of action); worries about the future consequences; often in negative expressions, meaning ""no worries about anything""",,
后勤,後勤,hòu qín,hou4 qin2,6,12965,n,logistics,,
候选,候選,hòu xuǎn,hou4 xuan3,6,14123,b/v,candidate (attributive),,
呼啸,呼嘯,hū xiào,hu1 xiao4,6,19025,v,to whistle; to scream; to whiz,,
呼吁,呼籲,hū yù,hu1 yu4,6,8013,v/vn,to call on (sb to do sth); to appeal (to); an appeal,,
忽略,忽略,hū lu:è,hu1 lüe4,6,4602,v,to neglect; to overlook; to ignore,,
胡乱,胡亂,hú luàn,hu2 luan4,6,13451,d,careless; reckless; casually; absent-mindedly; at will; at random; any old how,,
湖泊,湖泊,hú pō,hu2 po1,6,18372,n,lake,,
互联网,互聯網,Hù lián wǎng,Hu4 lian2 wang3,6,4872,n,Internet,,
花瓣,花瓣,huā bàn,hua1 ban4,6,13753,n,petal,,片
华丽,華麗,huá lì,hua2 li4,6,6294,a,gorgeous,,
华侨,華僑,Huá qiáo,Hua2 qiao2,6,40806,n,overseas Chinese; (in a restricted sense) Chinese emigrant who still retains Chinese nationality,,个/位/名
化肥,化肥,huà féi,hua4 fei2,6,19371,n,fertilizer,,
化石,化石,huà shí,hua4 shi2,6,14429,n,fossil,,
化验,化驗,huà yàn,hua4 yan4,6,9962,v/vn,chemical examination; to do a lab test,,
化妆,化妝,huà zhuāng,hua4 zhuang1,6,4444,v/vn,to put on makeup,,
划分,劃分,huà fēn,hua4 fen1,6,10875,v/vn,to divide up; to partition; to differentiate,,
画蛇添足,畫蛇添足,huà shé tiān zú,hua4 she2 tian1 zu2,6,47111,l,lit. draw legs on a snake (idiom); fig. to ruin the effect by adding sth superfluous; to overdo it,,
话筒,話筒,huà tǒng,hua4 tong3,6,12761,n,microphone; (telephone) receiver; handset,,
怀孕,懷孕,huái yùn,huai2 yun4,6,3299,v/vn,pregnant; to have conceived; gestation; pregnancy,,
环节,環節,huán jié,huan2 jie2,6,3149,n,"(zoology) segment (of the body of a worm, centipede etc); (fig.) a part of an integrated whole: aspect (of a project), element (of a policy), sector (of the economy), stage (of a process) etc",,
缓和,緩和,huǎn hé,huan3 he2,6,12437,v/a/vn,to ease (tension); to alleviate; to moderate; to allay; to make more mild,,
患者,患者,huàn zhě,huan4 zhe3,6,2539,n,patient; sufferer,,
欢乐,歡樂,huān lè,huan1 le4,6,3660,a/an,gaiety; gladness; glee; merriment; pleasure; happy; joyous; gay,,
荒凉,荒涼,huāng liáng,huang1 liang2,6,19554,a/an,desolate,,
荒谬,荒謬,huāng miù,huang1 miu4,6,10598,a/an,absurd; ridiculous,,
荒唐,荒唐,huāng táng,huang1 tang2,6,8672,a/an,beyond belief; preposterous; absurd; intemperate; dissipated,,
慌忙,慌忙,huāng máng,huang1 mang2,6,29421,ad,in a great rush; in a flurry,,
黄昏,黃昏,huáng hūn,huang2 hun1,6,12318,t,dusk; evening; nightfall,,
恍然大悟,恍然大悟,huǎng rán dà wù,huang3 ran2 da4 wu4,6,24790,v,to suddenly realize; to suddenly see the light,,
挥霍,揮霍,huī huò,hui1 huo4,6,12889,v,to squander money; extravagant; prodigal; free and easy; agile,,
辉煌,輝煌,huī huáng,hui1 huang2,6,6514,a/an,splendid; glorious,,
回报,回報,huí bào,hui2 bao4,6,3116,v/vn,(in) return; reciprocation; payback; retaliation; to report back; to reciprocate,,
回避,迴避,huí bì,hui2 bi4,6,6113,v/vn,to shun; to avoid (sb); to skirt; to evade (an issue); to step back; to withdraw; to recuse (a judge etc),,
回顾,回顧,huí gù,hui2 gu4,6,4664,v/vn,to look back; to review,,
回收,回收,huí shōu,hui2 shou1,6,5818,v/vn,to recycle; to reclaim; to retrieve; to recover; to recall (a defective product),,
悔恨,悔恨,huǐ hèn,hui3 hen4,6,16897,v/vn,remorse; repentance,,
毁灭,毀滅,huǐ miè,hui3 mie4,6,6217,v/vn,to perish; to ruin; to destroy,,
汇报,匯報,huì bào,hui4 bao4,6,4195,v/vn,to report; to give an account of; to collect information and report back,,
会晤,會晤,huì wù,hui4 wu4,6,13440,vn/v,to meet; meeting; conference,,
贿赂,賄賂,huì lù,hui4 lu4,6,5584,v/n/vn,to bribe; a bribe,,
昏迷,昏迷,hūn mí,hun1 mi2,6,6505,v/vn,to lose consciousness; to be in a coma; stupor; coma; stunned; disoriented,,
浑身,渾身,hún shēn,hun2 shen1,6,5116,n,all over; from head to foot,,
混合,混合,hùn hé,hun4 he2,6,3950,vn/v,to mix; to blend; hybrid; composite,,
混乱,混亂,hùn luàn,hun4 luan4,6,3209,a/an,confusion; chaos; disorder,,
混淆,混淆,hùn xiáo,hun4 xiao2,6,13106,v/vn,to obscure; to confuse; to mix up; to blur; to mislead,,
混浊,混濁,hùn zhuó,hun4 zhuo2,6,34085,a/an,turbid; muddy; dirty,,
活该,活該,huó gāi,huo2 gai1,6,11001,d,(coll.) serve sb right; deservedly; ought; should,,
活力,活力,huó lì,huo2 li4,6,3168,n,energy; vitality; vigor; vital force,,
火箭,火箭,huǒ jiàn,huo3 jian4,6,3215,n,rocket,,枚
火焰,火焰,huǒ yàn,huo3 yan4,6,6741,n,blaze; flame,,
火药,火藥,huǒ yào,huo3 yao4,6,15036,n,gunpowder,,
或许,或許,huò xǔ,huo4 xu3,6,1228,d,perhaps; maybe,,
货币,貨幣,huò bì,huo4 bi4,6,6290,n,currency; monetary; money,,
讥笑,譏笑,jī xiào,ji1 xiao4,6,31406,v/vn,to sneer,,
饥饿,飢餓,jī è,ji1 e4,6,9185,n,hunger; starvation; famine,,
机动,機動,jī dòng,ji1 dong4,6,9881,b/a,"locomotive; motorized; power-driven; adaptable; flexible (use, treatment, timing etc)",,
机构,機構,jī gòu,ji1 gou4,6,1289,n,mechanism; structure; organization; agency; institution,,所
机关,機關,jī guān,ji1 guan1,6,3970,n,mechanism; gear; machine-operated; office; agency; organ; organization; establishment; institution; body; stratagem; scheme; intrigue; plot; trick,,个
机灵,機靈,jī ling,ji1 ling5,6,16909,a/an,clever; quick-witted,,
机密,機密,jī mì,ji1 mi4,6,7153,n/a,secret; classified (information),,
机械,機械,jī xiè,ji1 xie4,6,3710,n/a,machine; machinery; mechanical; (old) cunning; scheming,,
机遇,機遇,jī yù,ji1 yu4,6,6091,n,opportunity; favorable circumstance; stroke of luck,,
机智,機智,jī zhì,ji1 zhi4,6,15602,a/an/ad,quick-witted; resourceful,,
迹象,跡象,jì xiàng,ji4 xiang4,6,4065,n,sign; indication; mark; indicator,,
基地,基地,jī dì,ji1 di4,6,1799,n,base (of operations); industrial or military base; al-Qaeda,,
基金,基金,jī jīn,ji1 jin1,6,1874,n,fund,,
基因,基因,jī yīn,ji1 yin1,6,2983,n,gene (loanword),,
激发,激發,jī fā,ji1 fa1,6,6298,v/vn,to arouse; to stimulate; (physics) to excite,,
激励,激勵,jī lì,ji1 li4,6,4775,v/vn,to encourage; to urge; motivation; incentive,,
激情,激情,jī qíng,ji1 qing2,6,2822,n,passion; fervor; enthusiasm; strong emotion,,
及早,及早,jí zǎo,ji2 zao3,6,20217,d,at the earliest possible time; as soon as possible,,
吉祥,吉祥,jí xiáng,ji2 xiang2,6,16584,n,lucky; auspicious; propitious,,
级别,級別,jí bié,ji2 bie2,6,4736,n,(military) rank; level; grade,,
即便,即便,jí biàn,ji2 bian4,6,3313,c,even if; even though; right away; immediately,,
即将,即將,jí jiāng,ji2 jiang1,6,1906,d,on the eve of; to be about to; to be on the verge of,,
极端,極端,jí duān,ji2 duan1,6,5189,n/d/a,extreme,,
极限,極限,jí xiàn,ji2 xian4,6,6343,n,limit; extreme boundary,,
急功近利,急功近利,jí gōng jìn lì,ji2 gong1 jin4 li4,6,26592,v,"seeking instant benefit (idiom); shortsighted vision, looking only for fast return",,
急剧,急劇,jí jù,ji2 ju4,6,13117,d/b,rapid; sudden,,
急切,急切,jí qiè,ji2 qie4,6,13165,a/ad,eager; impatient,,
急于求成,急於求成,jí yú qiú chéng,ji2 yu2 qiu2 cheng2,6,41579,v,anxious for quick results (idiom); to demand instant success; impatient for result; impetuous,,
急躁,急躁,jí zào,ji2 zao4,6,16250,a,irritable; irascible; impetuous,,
疾病,疾病,jí bìng,ji2 bing4,6,2270,n,disease; sickness; ailment,,
集团,集團,jí tuán,ji2 tuan2,6,2134,n,group; bloc; corporation; conglomerate,,
嫉妒,嫉妒,jí dù,ji2 du4,6,4056,v,to be jealous of; to envy,,
籍贯,籍貫,jí guàn,ji2 guan4,6,37051,n,one's native place; place of ancestry; registered birthplace,,
计较,計較,jì jiào,ji4 jiao4,6,9225,v,to bother about; to haggle; to bicker; to argue; plan; stratagem,,
记性,記性,jì xing,ji4 xing5,6,14607,n,memory (ability to retain information),,
记载,記載,jì zǎi,ji4 zai3,6,6338,v/n/vn,to write down; to record; written account,,
纪要,紀要,jì yào,ji4 yao4,6,44018,n,minutes; written summary of a meeting,,
忌讳,忌諱,jì huì,ji4 hui4,6,22458,v/vn,taboo; to avoid as taboo; to abstain from,,
技能,技能,jì néng,ji4 neng2,6,4372,n,technical ability; skill,,
技巧,技巧,jì qiǎo,ji4 qiao3,6,3853,n,skill; technique,,
季度,季度,jì dù,ji4 du4,6,5266,n,quarter of a year; season (sports),,
季军,季軍,jì jūn,ji4 jun1,6,27804,n,third in a race; bronze medalist,,
继承,繼承,jì chéng,ji4 cheng2,6,4528,v/vn,to inherit; to succeed to (the throne etc); to carry on (a tradition etc),,
继往开来,繼往開來,jì wǎng kāi lái,ji4 wang3 kai1 lai2,6,52579,v,to follow the past and herald the future (idiom); part of a historical transition; forming a bridge between earlier and later stages,,
寂静,寂靜,jì jìng,ji4 jing4,6,11346,a/an,quiet,,
寄托,寄託,jì tuō,ji4 tuo1,6,11727,v/vn,"to entrust (to sb); to place (one's hope, energy etc) in; a thing in which you invest (your hope, energy etc)",,
加工,加工,jiā gōng,jia1 gong1,6,6286,v/vn,to process; processing; working (of machinery),,
加剧,加劇,jiā jù,jia1 ju4,6,14236,v/vn,to intensify,,
夹杂,夾雜,jiā zá,jia1 za2,6,19874,v,to mix together (disparate substances); to mingle; a mix; to be tangled up with,,
佳肴,佳餚,jiā yáo,jia1 yao2,6,23853,n,fine food; delicacies; delicious food,,
家常,家常,jiā cháng,jia1 chang2,6,23508,n,the daily life of a family,,
家伙,家伙,jiā huo,jia1 huo5,6,1757,n,"household dish, implement or furniture; domestic animal; (coll.) guy; chap; weapon",,
家属,家屬,jiā shǔ,jia1 shu3,6,5115,n,family member; (family) dependent,,
家喻户晓,家喻戶曉,jiā yù hù xiǎo,jia1 yu4 hu4 xiao3,6,19921,v,understood by everyone (idiom); well known; a household name,,
假设,假設,jiǎ shè,jia3 she4,6,4725,v/n,to suppose; to presume; to assume; supposing that ...; if; hypothesis; conjecture,,
假使,假使,jiǎ shǐ,jia3 shi3,6,36984,c,if; in case; suppose; given ...,,
尖端,尖端,jiān duān,jian1 duan1,6,16490,b/n,sharp pointed end; the tip; the cusp; tip-top; most advanced and sophisticated; highest peak; the best,,
坚定,堅定,jiān dìng,jian1 ding4,6,4780,a/v/ad,firm; steady; staunch; resolute,,
坚固,堅固,jiān gù,jian1 gu4,6,11999,a,firm; firmly; hard; stable,,
坚韧,堅韌,jiān rèn,jian1 ren4,6,17246,a/an/ad,tough and durable; tenacious,,
坚实,堅實,jiān shí,jian1 shi2,6,12299,a,firm and substantial; solid,,
坚硬,堅硬,jiān yìng,jian1 ying4,6,13790,a,hard; solid,,
间谍,間諜,jiàn dié,jian4 die2,6,5886,n,spy,,
间隔,間隔,jiàn gé,jian4 ge2,6,11622,n/v,"gap; interval; compartment; to divide; to separate; to leave a gap of (two weeks, three meters etc)",,
间接,間接,jiàn jiē,jian4 jie1,6,8271,b/d/a/ad,indirect,,
艰难,艱難,jiān nán,jian1 nan2,6,3288,a/an/ad,difficult; hard; challenging,,
兼职,兼職,jiān zhí,jian1 zhi2,6,8368,v/vn,to hold concurrent posts; concurrent job; moonlighting,,
监督,監督,jiān dū,jian1 du1,6,3386,vn/v,to control; to supervise; to inspect,,
监视,監視,jiān shì,jian1 shi4,6,4951,v/vn,to monitor; to keep a close watch over; surveillance,,
监狱,監獄,jiān yù,jian1 yu4,6,3445,n,prison,,
拣,揀,jiǎn,jian3,6,11089,v,to choose; to pick; to sort out; to pick up,,
剪彩,剪彩,jiǎn cǎi,jian3 cai3,6,27750,v/vn,to cut the ribbon (at a launching or opening ceremony),,
检讨,檢討,jiǎn tǎo,jian3 tao3,6,19301,v/vn,to examine or inspect; self-criticism; review,,
检验,檢驗,jiǎn yàn,jian3 yan4,6,3580,v/vn,to inspect; to examine; to test,,
简化,簡化,jiǎn huà,jian3 hua4,6,13261,v,to simplify,,
简陋,簡陋,jiǎn lòu,jian3 lou4,6,15698,a,simple and crude,,
简体字,簡體字,jiǎn tǐ zì,jian3 ti3 zi4,6,57431,,"simplified Chinese character, as opposed to traditional Chinese character 繁体字",,
简要,簡要,jiǎn yào,jian3 yao4,6,17452,ad/a,concise; brief,,
见多识广,見多識廣,jiàn duō shí guǎng,jian4 duo1 shi2 guang3,6,36443,v,experienced and knowledgeable (idiom),,
见解,見解,jiàn jiě,jian4 jie3,6,11050,n,opinion; view; understanding,,
见闻,見聞,jiàn wén,jian4 wen2,6,36267,n,what one has seen and heard; knowledge; one's experience,,
见义勇为,見義勇為,jiàn yì yǒng wéi,jian4 yi4 yong3 wei2,6,22262,v,"to see what is right and act courageously (idiom, from Analects); to stand up bravely for the truth; acting heroically in a just cause",,
健全,健全,jiàn quán,jian4 quan2,6,7565,a/v,robust; sound,,
舰艇,艦艇,jiàn tǐng,jian4 ting3,6,22056,n,warship; naval vessel,,
溅,濺,jiàn,jian4,6,9742,v,to splash,,
践踏,踐踏,jiàn tà,jian4 ta4,6,14692,v/vn,to trample,,
鉴别,鑑別,jiàn bié,jian4 bie2,6,10434,v/vn,to differentiate; to distinguish,,
鉴定,鑑定,jiàn dìng,jian4 ding4,6,4200,vn/v,to appraise; to identify; to evaluate,,
鉴于,鑒於,jiàn yú,jian4 yu2,6,5159,p,in view of; seeing that; considering; whereas,,
将近,將近,jiāng jìn,jiang1 jin4,6,7225,d,almost; nearly; close to,,
将军,將軍,jiāng jūn,jiang1 jun1,6,2465,n,general; high-ranking military officer; to check or checkmate; fig. to embarrass; to challenge; to put sb on the spot,,
僵硬,僵硬,jiāng yìng,jiang1 ying4,6,10691,a/an,stiff; rigid,,
奖励,獎勵,jiǎng lì,jiang3 li4,6,2746,vn/v,to reward; reward (as encouragement),,
奖赏,獎賞,jiǎng shǎng,jiang3 shang3,6,18337,n/v/vn,reward; prize; award,,
桨,槳,jiǎng,jiang3,6,14235,n,oar; paddle,,
降临,降臨,jiàng lín,jiang4 lin2,6,5789,v/vn,to descend; to arrive; to come,,
交叉,交叉,jiāo chā,jiao1 cha1,6,5532,v/vn/d,to cross; to intersect; to overlap,,
交代,交代,jiāo dài,jiao1 dai4,6,6862,v/vn,to transfer (duties to sb else); to give instructions; to tell (sb to do sth); to explain; to give an account; to brief; to confess; to account for oneself; (jocular) to come to a bad end,,
交涉,交涉,jiāo shè,jiao1 she4,6,13121,v/vn,to negotiate (with); to have dealings (with),,
交往,交往,jiāo wǎng,jiao1 wang3,6,3394,vn/v,to associate (with); to have contact (with); to hang out (with); to date; (interpersonal) relationship; association; contact,,
交易,交易,jiāo yì,jiao1 yi4,6,880,n/vn/v,to deal; to trade; to transact; transaction; deal,,笔
娇气,嬌氣,jiāo qì,jiao1 qi4,6,38277,a/n,delicate; squeamish; finicky,,
焦点,焦點,jiāo diǎn,jiao1 dian3,6,4682,n,focal point; focus (lit. and fig.),,
焦急,焦急,jiāo jí,jiao1 ji2,6,13443,a/ad,anxiety; anxious,,
角落,角落,jiǎo luò,jiao3 luo4,6,4451,n,nook; corner,,
搅拌,攪拌,jiǎo bàn,jiao3 ban4,6,10963,v/vn,to stir; to agitate,,
缴纳,繳納,jiǎo nà,jiao3 na4,6,18554,v,to pay (taxes etc),,
较量,較量,jiào liàng,jiao4 liang4,6,8379,vn/v,to pit oneself against sb; to compete with sb; contest; battle; to haggle; to quibble,,
教养,教養,jiào yǎng,jiao4 yang3,6,15158,n/v,to educate; to bring up; to nurture; upbringing; breeding; culture,,
阶层,階層,jiē céng,jie1 ceng2,6,9906,n,social class,,
皆,皆,jiē,jie1,6,3500,d,all; each and every; in all cases,,
接连,接連,jiē lián,jie1 lian2,6,13237,d,on end; in a row; in succession,,
揭发,揭發,jiē fā,jie1 fa1,6,11061,v,to expose; to bring to light; to disclose; revelation,,
揭露,揭露,jiē lù,jie1 lu4,6,7499,v/vn,to expose; to unmask; to ferret out; to disclose; disclosure,,
节奏,節奏,jié zòu,jie2 zou4,6,4446,n,rhythm; tempo; musical pulse; cadence; beat,,
杰出,傑出,jié chū,jie2 chu1,6,6721,a,outstanding; distinguished; remarkable; prominent; illustrious,,
结晶,結晶,jié jīng,jie2 jing1,6,12467,n,to crystallize; crystallization; crystal; crystalline; (fig.) the fruit (of labor etc),,
结局,結局,jié jú,jie2 ju2,6,3249,n,conclusion; ending,,
结算,結算,jié suàn,jie2 suan4,6,11617,vn/v,to settle a bill; to close an account,,
截至,截至,jié zhì,jie2 zhi4,6,13952,v,up to (a time); by (a time),,
竭尽全力,竭盡全力,jié jìn quán lì,jie2 jin4 quan2 li4,6,14314,v,to spare no effort (idiom); to do one's utmost,,
解除,解除,jiě chú,jie3 chu2,6,4352,v,to remove; to sack; to get rid of; to relieve (sb of their duties); to free; to lift (an embargo); to rescind (an agreement),,
解雇,解僱,jiě gù,jie3 gu4,6,11919,v/vn,to fire; to sack; to dismiss; to terminate employment,,
解剖,解剖,jiě pōu,jie3 pou1,6,7964,v/vn,to dissect (an animal); to analyze; anatomy,,
解散,解散,jiě sàn,jie3 san4,6,8300,v/vn,to dissolve; to disband,,
解体,解體,jiě tǐ,jie3 ti3,6,16739,v/vn,to break up into components; to disintegrate; to collapse; to crumble,,
戒备,戒備,jiè bèi,jie4 bei4,6,12438,v/vn,to take precautions; to guard against (emergency),,
界限,界限,jiè xiàn,jie4 xian4,6,8187,n,boundary,,
借鉴,借鑒,jiè jiàn,jie4 jian4,6,14780,v/vn,to draw on (others' experience); to learn from (how others do things); lesson to be learned (by observing others),,
借助,借助,jiè zhù,jie4 zhu4,6,8213,v,to draw support from; with the help of,,
金融,金融,jīn róng,jin1 rong2,6,4125,n,banking; finance; financial,,
津津有味,津津有味,jīn jīn yǒu wèi,jin1 jin1 you3 wei4,6,38595,l,with keen interest (idiom); with great pleasure; with gusto; eagerly,,
尽快,儘快,jǐn kuài,jin3 kuai4,6,1987,d,as quickly as possible; as soon as possible,,
紧密,緊密,jǐn mì,jin3 mi4,6,6128,a/ad,inseparably close,,
紧迫,緊迫,jǐn pò,jin3 po4,6,11558,a,pressing; urgent,,
锦绣前程,錦繡前程,jǐn xiù qián chéng,jin3 xiu4 qian2 cheng2,6,69813,l,bright future; bright prospects,,
劲头,勁頭,jìn tóu,jin4 tou2,6,23123,n,enthusiasm; zeal; vigor; strength,,
近来,近來,jìn lái,jin4 lai2,6,6310,d/t,recently; lately,,
近视,近視,jìn shì,jin4 shi4,6,19748,a/an,shortsighted; nearsighted; myopia,,
进而,進而,jìn ér,jin4 er2,6,13257,c,and then (what follows next),,
进攻,進攻,jìn gōng,jin4 gong1,6,2382,v/vn,to attack; to assault; to go on the offensive; attack; assault; offense (sports),,
进化,進化,jìn huà,jin4 hua4,6,7898,v/vn,evolution,,个
进展,進展,jìn zhǎn,jin4 zhan3,6,2151,vn/v,to make headway; to make progress,,
晋升,晉升,jìn shēng,jin4 sheng1,6,12778,v/vn,to promote to a higher position,,
浸泡,浸泡,jìn pào,jin4 pao4,6,14872,v/vn,to steep; to soak; to immerse,,
经费,經費,jīng fèi,jing1 fei4,6,6893,n,funds; expenditure,,笔
经商,經商,jīng shāng,jing1 shang1,6,17606,v/vn,to trade; to carry out commercial activities; in business,,
经纬,經緯,jīng wěi,jing1 wei3,6,50757,n,warp and woof; longitude and latitude; main points,,
茎,莖,jīng,jing1,6,18899,n,stalk; stem,,条
惊动,驚動,jīng dòng,jing1 dong4,6,16243,v,to alarm; to startle; to disturb,,
惊奇,驚奇,jīng qí,jing1 qi2,6,7880,a/an,to be amazed; to be surprised; to wonder,,
惊讶,驚訝,jīng yà,jing1 ya4,6,3229,a/an/ad/nz/v,amazed; astonished; to surprise; amazing; astonishment; awe,,
兢兢业业,兢兢業業,jīng jīng yè yè,jing1 jing1 ye4 ye4,6,27396,v,(idiom) conscientious; assiduous,,
精打细算,精打細算,jīng dǎ xì suàn,jing1 da3 xi4 suan4,6,31904,v,meticulous planning and careful accounting (idiom),,
精华,精華,jīng huá,jing1 hua2,6,9834,n,best feature; most important part of an object; quintessence; essence; soul,,
精简,精簡,jīng jiǎn,jing1 jian3,6,18207,v/vn,to simplify; to reduce,,
精密,精密,jīng mì,jing1 mi4,6,12720,a/ad,accuracy; exact; precise; refined,,
精确,精確,jīng què,jing1 que4,6,6603,a/ad,accurate; precise,,
精通,精通,jīng tōng,jing1 tong1,6,10968,v/a,to be proficient in; to master (a subject),,
精心,精心,jīng xīn,jing1 xin1,6,5186,ad/a,with utmost care; fine; meticulous; detailed,,
精益求精,精益求精,jīng yì qiú jīng,jing1 yi4 qiu2 jing1,6,36451,v,to perfect sth that is already outstanding (idiom); constantly improving,,
精致,精緻,jīng zhì,jing1 zhi4,6,7254,a/ad,delicate; fine; exquisite; refined,,
井,井,jǐng,jing3,6,3630,n,a well; neat; orderly,,口
颈椎,頸椎,jǐng zhuī,jing3 zhui1,6,18820,n,cervical vertebra; the seven cervical vertebrae in the neck of humans and most mammals,,
警告,警告,jǐng gào,jing3 gao4,6,2971,v/vn,to warn; to admonish,,
警惕,警惕,jǐng tì,jing3 ti4,6,5785,v/an/vn,to be on the alert; vigilant; alert; on guard; to warn,,
竞赛,競賽,jìng sài,jing4 sai4,6,4857,vn/v,to compete; to race; contest; competition; match; race,,
竞选,競選,jìng xuǎn,jing4 xuan3,6,5211,vn/v,to take part in an election; to run for office,,
敬礼,敬禮,jìng lǐ,jing4 li3,6,14222,v/vn,to salute; salute,,
境界,境界,jìng jiè,jing4 jie4,6,8138,n,boundary; state; realm,,
镜头,鏡頭,jìng tóu,jing4 tou2,6,2581,n,camera lens; camera shot (in a movie etc); scene,,
纠纷,糾紛,jiū fēn,jiu1 fen1,6,6898,n,dispute,,
纠正,糾正,jiū zhèng,jiu1 zheng4,6,5645,v/vn,to correct; to make right,,
酒精,酒精,jiǔ jīng,jiu3 jing1,6,5549,n,alcohol; ethanol CH3CH2OH; ethyl alcohol; also written 乙醇; grain alcohol,,
救济,救濟,jiù jì,jiu4 ji4,6,9347,n/vn/v,emergency relief; to help the needy with cash or goods,,
就近,就近,jiù jìn,jiu4 jin4,6,22192,d/b/a,nearby; in a close neighborhood,,
就业,就業,jiù yè,jiu4 ye4,6,7863,v/vn,to get a job; employment,,
就职,就職,jiù zhí,jiu4 zhi2,6,14398,v/vn,to take office; to assume a post,,
居住,居住,jū zhù,ju1 zhu4,6,4023,v/vn,to reside; to dwell; to live in a place; resident in,,
拘留,拘留,jū liú,ju1 liu2,6,7175,v/vn,to detain (a prisoner); to keep sb in custody,,
拘束,拘束,jū shù,ju1 shu4,6,21629,a/an,to restrict; to restrain; constrained; awkward; ill at ease; uncomfortable; reticent,,
鞠躬,鞠躬,jū gōng,ju1 gong1,6,13875,v/nr/vn,to bow; (literary) to bend down,,
局部,局部,jú bù,ju2 bu4,6,8253,n,part; local,,
局面,局面,jú miàn,ju2 mian4,6,3509,n,aspect; phase; situation,,
局势,局勢,jú shì,ju2 shi4,6,5167,n,situation; state (of affairs),,
局限,局限,jú xiàn,ju2 xian4,6,11218,v/vn,to limit; to confine; to restrict sth within set boundaries,,
咀嚼,咀嚼,jǔ jué,ju3 jue2,6,15219,v,to chew; to think over,,
沮丧,沮喪,jǔ sàng,ju3 sang4,6,6795,a/an,dispirited; dejected; dismayed,,
举动,舉動,jǔ dòng,ju3 dong4,6,5314,n,act; action; activity; move; movement,,
举世闻名,舉世聞名,jǔ shì wén míng,ju3 shi4 wen2 ming2,6,34810,v,world-famous (idiom),,
举世瞩目,舉世矚目,jǔ shì zhǔ mù,ju3 shi4 zhu3 mu4,6,35345,l,to receive worldwide attention,,
举足轻重,舉足輕重,jǔ zú qīng zhòng,ju3 zu2 qing1 zhong4,6,18971,v,to play a critical role (idiom); influential,,
剧本,劇本,jù běn,ju4 ben3,6,4455,n,"script for play, opera, movie etc; screenplay; scenario",,
剧烈,劇烈,jù liè,ju4 lie4,6,9792,a/ad/an,violent; acute; severe; fierce,,
据悉,據悉,jù xī,ju4 xi1,6,18018,v,according to reports; it is reported (that),,
聚精会神,聚精會神,jù jīng huì shén,ju4 jing1 hui4 shen2,6,32588,l,to concentrate one's attention (idiom),,
决策,決策,jué cè,jue2 ce4,6,6070,n/vn/v,strategic decision; decision-making; policy decision; to determine policy,,
绝望,絕望,jué wàng,jue2 wang4,6,4430,a/an/ad,to despair; to give up all hope; desperate; desperation,,
觉悟,覺悟,jué wù,jue2 wu4,6,13487,n/v,to come to understand; to realize; consciousness; awareness; Buddhist enlightenment (Sanskrit: cittotpāda),,
觉醒,覺醒,jué xǐng,jue2 xing3,6,15544,v/vn,to awaken; to come to realize; awakened to the truth; the truth dawns upon one; scales fall from the eyes; to become aware,,
军队,軍隊,jūn duì,jun1 dui4,6,1868,n,armed forces; troops,,支/个
卡通,卡通,kǎ tōng,ka3 tong1,6,7760,n,cartoon (loanword),,
开采,開採,kāi cǎi,kai1 cai3,6,11044,v/vn,to extract (ore or other resource from a mine); to exploit; to mine,,
开除,開除,kāi chú,kai1 chu2,6,6459,v/vn,to expel (a member of an organization); to fire (an employee),,
开阔,開闊,kāi kuò,kai1 kuo4,6,11767,v/a,wide; open (spaces); to open up,,
开朗,開朗,kāi lǎng,kai1 lang3,6,12573,a,spacious and well-lit; open and clear; (of character) optimistic; cheerful; carefree,,
开明,開明,kāi míng,kai1 ming2,6,21973,a,enlightened; open-minded; enlightenment,,
开辟,開闢,kāi pì,kai1 pi4,6,13354,v,to open up; to set up; to establish,,
开水,開水,kāi shuǐ,kai1 shui3,6,16321,n,boiled water; boiling water,,
开拓,開拓,kāi tuò,kai1 tuo4,6,11820,v,to break new ground (for agriculture); to open up (a new seam); to develop (border regions); fig. to open up (new horizons),,
开展,開展,kāi zhǎn,kai1 zhan3,6,6041,v/vn,to launch; to develop; to unfold; (of an exhibition etc) to open,,
开支,開支,kāi zhī,kai1 zhi1,6,7694,n/v,expenditures; expenses; to spend money; (coll.) to pay wages,,笔/项
刊登,刊登,kān dēng,kan1 deng1,6,7731,v,to carry a story; to publish (in a newspaper or magazine),,
刊物,刊物,kān wù,kan1 wu4,6,16925,n,publication,,
勘探,勘探,kān tàn,kan1 tan4,6,20671,vn/v,to explore; to survey; to prospect (for oil etc); prospecting,,
看待,看待,kàn dài,kan4 dai4,6,5407,v,to look upon; to regard,,
看望,看望,kàn wàng,kan4 wang4,6,8053,v,to pay a visit to; to see (sb),,
慷慨,慷慨,kāng kǎi,kang1 kai3,6,9697,a/ad,vehement; fervent; generous; magnanimous,,
扛,扛,gāng,gang1,6,7902,v,to raise aloft with both hands; (of two or more people) to carry sth together,,
考察,考察,kǎo chá,kao3 cha2,6,6038,v/vn,to inspect; to observe and study; on-the-spot investigation,,
考古,考古,kǎo gǔ,kao3 gu3,6,11452,n/vn,archaeology,,
考核,考核,kǎo hé,kao3 he2,6,12382,vn/v,to examine; to check up on; to assess; to review; appraisal; review; evaluation,,
考验,考驗,kǎo yàn,kao3 yan4,6,3850,vn/v,to test; to put to the test; trial; ordeal,,
靠拢,靠攏,kào lǒng,kao4 long3,6,19503,v,to draw close to,,
科目,科目,kē mù,ke1 mu4,6,14010,n,academic subject; field of study,,
颗粒,顆粒,kē lì,ke1 li4,6,11500,n,"kernel; granule; granulated (sugar, chemical product)",,
磕,磕,kē,ke1,6,9780,v,"to tap; to knock (against sth hard); to knock (mud from boots, ashes from a pipe etc)",,
可恶,可惡,kě wù,ke3 wu4,6,7109,a,repulsive; vile; hateful; abominable,,
可观,可觀,kě guān,ke3 guan1,6,11746,a,considerable; impressive; significant,,
可口,可口,kě kǒu,ke3 kou3,6,13271,a,tasty; to taste good,,
可笑,可笑,kě xiào,ke3 xiao4,6,5565,a/an,funny; ridiculous,,
可行,可行,kě xíng,ke3 xing2,6,7847,a,feasible,,
渴望,渴望,kě wàng,ke3 wang4,6,3423,v/vn,to thirst for; to long for,,
刻不容缓,刻不容緩,kè bù róng huǎn,ke4 bu4 rong2 huan3,6,29831,v,to brook no delay; to demand immediate action,,
客户,客戶,kè hù,ke4 hu4,6,1095,n,client; customer,,
课题,課題,kè tí,ke4 ti2,6,9165,n,task; problem; issue,,
恳切,懇切,kěn qiè,ken3 qie4,6,50943,a,earnest; sincere,,
啃,啃,kěn,ken3,6,7933,v,to gnaw; to nibble; to bite,,
坑,坑,kēng,keng1,6,3953,n/v,pit; depression; hollow; tunnel; hole in the ground; (archaic) to bury alive; to hoodwink; to cheat (sb),,
空白,空白,kòng bái,kong4 bai2,6,6020,n,blank space,,
空洞,空洞,kōng dòng,kong1 dong4,6,13373,a/n,cavity; empty; vacuous,,
空前绝后,空前絕後,kōng qián jué hòu,kong1 qian2 jue2 hou4,6,43282,v,unprecedented and never to be duplicated; the first and the last; unmatched; unique,,
空隙,空隙,kòng xì,kong4 xi4,6,18570,n,crack; gap between two objects; gap in time between two events,,
空想,空想,kōng xiǎng,kong1 xiang3,6,25325,n/v,daydream; fantasy; to fantasize,,
空虚,空虛,kōng xū,kong1 xu1,6,9191,a,hollow; emptiness; meaningless,,
孔,孔,kǒng,kong3,6,5446,n/nr/q,hole; classifier for cave dwellings,,个
恐惧,恐懼,kǒng jù,kong3 ju4,6,3419,an/a,to be frightened; fear; dread,,
恐吓,恐嚇,kǒng hè,kong3 he4,6,10053,v/vn,to threaten; to menace,,
口气,口氣,kǒu qì,kou3 qi4,6,6144,n,tone of voice; the way one speaks; manner of expression; tone,,
口腔,口腔,kǒu qiāng,kou3 qiang1,6,10813,n,oral cavity,,
口头,口頭,kǒu tóu,kou3 tou2,6,12208,n/d,oral; verbal,,
口音,口音,kǒu yin,kou3 yin5,6,8894,n,voice; accent,,
枯竭,枯竭,kū jié,ku1 jie2,6,20673,v,used up; dried up; exhausted (of resources),,
枯燥,枯燥,kū zào,ku1 zao4,6,12915,a/ad,dry and dull; uninteresting; dry-as-dust,,
苦尽甘来,苦盡甘來,kǔ jìn gān lái,ku3 jin4 gan1 lai2,6,52587,v,"bitterness finishes, sweetness begins (idiom); the hard times are over, the good times just beginning",,
挎,挎,kuà,kua4,6,25388,v,"to carry (esp. slung over the arm, shoulder or side)",,
跨,跨,kuà,kua4,6,4234,v,to step across; to stride over; to straddle; to span,,
快活,快活,kuài huo,kuai4 huo5,6,13797,a,happy; cheerful,,
宽敞,寬敞,kuān chang,kuan1 chang5,6,12046,a,spacious; wide,,
款待,款待,kuǎn dài,kuan3 dai4,6,18024,vn/v,to entertain; to be hospitable to,,
款式,款式,kuǎn shì,kuan3 shi4,6,8984,n,pattern; style; design,,种
框架,框架,kuàng jià,kuang4 jia4,6,13045,n,(construction) frame; (fig.) framework,,
筐,筐,kuāng,kuang1,6,17034,n/q,basket,,只
况且,況且,kuàng qiě,kuang4 qie3,6,9029,c,moreover; besides; in addition; furthermore,,
旷课,曠課,kuàng kè,kuang4 ke4,6,32748,v,to play truant; to cut classes,,
亏待,虧待,kuī dài,kui1 dai4,6,28145,v,to treat sb unfairly,,
亏损,虧損,kuī sǔn,kui1 sun3,6,14787,v/vn,deficit; (financial) loss,,
昆虫,昆蟲,kūn chóng,kun1 chong2,6,11860,n,insect,,只/群/堆
捆绑,捆綁,kǔn bǎng,kun3 bang3,6,13111,v/vn,to bind,,
扩充,擴充,kuò chōng,kuo4 chong1,6,21367,v,to expand,,
扩散,擴散,kuò sàn,kuo4 san4,6,5579,v/vn,to spread; to proliferate; to diffuse,,
扩张,擴張,kuò zhāng,kuo4 zhang1,6,6918,v/vn,expansion; dilation; to expand (e.g. one's power or influence); to broaden,,
喇叭,喇叭,lǎ ba,la3 ba5,6,9211,n,horn (automobile etc); loudspeaker; brass wind instrument; trumpet; suona 锁呐,,
啦,啦,lā,la1,6,246,y,"(onom.) sound of singing, cheering etc; (phonetic); (dialect) to chat",,
来历,來歷,lái lì,lai2 li4,6,14129,n,history; antecedents; origin,,
来源,來源,lái yuán,lai2 yuan2,6,2383,n,source (of information etc); origin,,
栏目,欄目,lán mù,lan2 mu4,6,12813,n,regular column or segment (in a publication or broadcast program); program (TV or radio),,
懒惰,懶惰,lǎn duò,lan3 duo4,6,13267,a,idle; lazy,,
狼狈,狼狽,láng bèi,lang2 bei4,6,16266,an/ad,in a difficult situation; to cut a sorry figure; scoundrel! (derog.),,
朗读,朗讀,lǎng dú,lang3 du2,6,18517,v,to read aloud,,
捞,撈,lāo,lao1,6,5566,v,to fish up; to dredge up,,
牢固,牢固,láo gù,lao2 gu4,6,11270,a,firm; secure,,
牢骚,牢騷,láo sāo,lao2 sao1,6,19777,n,discontent; complaint; to complain,,
唠叨,嘮叨,láo dao,lao2 dao5,6,10247,v/vn,to prattle; to chatter away; to nag; garrulous; nagging,,
乐谱,樂譜,yuè pǔ,yue4 pu3,6,27699,n,a musical score; sheet music,,
乐趣,樂趣,lè qù,le4 qu4,6,4402,n,delight; pleasure; joy,,
乐意,樂意,lè yì,le4 yi4,6,6221,v,to be willing to do sth; to be ready to do sth; to be happy to do sth; content; satisfied,,
雷达,雷達,léi dá,lei2 da2,6,7037,n/nr/nz,radar (loanword),,
类似,類似,lèi sì,lei4 si4,6,2276,a/v,similar; analogous,,
冷淡,冷淡,lěng dàn,leng3 dan4,6,12345,a/v,cold; indifferent,,
冷酷,冷酷,lěng kù,leng3 ku4,6,11816,a/an,unfeeling; callous,,
冷却,冷卻,lěng què,leng3 que4,6,9960,vn/v,to cool (lit. and fig.),,
愣,愣,lèng,leng4,6,11493,v/g,to look distracted; to stare blankly; distracted; blank; (coll.) unexpectedly; rash; rashly,,
黎明,黎明,lí míng,li2 ming2,6,8587,t,dawn; daybreak,,
礼节,禮節,lǐ jié,li3 jie2,6,19082,n,etiquette,,
里程碑,里程碑,lǐ chéng bēi,li3 cheng2 bei1,6,16826,n,milestone,,
理睬,理睬,lǐ cǎi,li3 cai3,6,16350,v/vn,to heed; to pay attention to,,
理所当然,理所當然,lǐ suǒ dāng rán,li3 suo3 dang1 ran2,6,10068,l,as it should be by rights (idiom); proper and to be expected as a matter of course; inevitable and right,,
理直气壮,理直氣壯,lǐ zhí qì zhuàng,li3 zhi2 qi4 zhuang4,6,37289,l,in the right and self-confident (idiom); bold and confident with justice on one's side; to have the courage of one's convictions; just and forceful,,
理智,理智,lǐ zhì,li3 zhi4,6,5215,n/a,reason; intellect; rationality; rational,,
力所能及,力所能及,lì suǒ néng jí,li4 suo3 neng2 ji2,6,18286,l,as far as one's capabilities extend (idiom); to the best of one's ability; within one's powers,,
力图,力圖,lì tú,li4 tu2,6,21610,v,to try hard to; to strive to,,
力争,力爭,lì zhēng,li4 zheng1,6,16137,v,to work hard for; to do all one can; to contend strongly,,
历代,歷代,lì dài,li4 dai4,6,26680,n,successive generations; successive dynasties; past dynasties,,
历来,歷來,lì lái,li4 lai2,6,17374,d,always; throughout (a period of time); (of) all-time,,
立场,立場,lì chǎng,li4 chang3,6,4265,n,position; standpoint,,个
立交桥,立交橋,lì jiāo qiáo,li4 jiao1 qiao2,6,22789,n,overpass; flyover,,
立体,立體,lì tǐ,li4 ti3,6,10567,b/d,three-dimensional; solid; stereoscopic,,
立足,立足,lì zú,li4 zu2,6,14630,v,to stand; to have a footing; to be established; to base oneself on,,
利害,利害,lì hai,li4 hai5,6,20755,n,terrible; formidable; serious; devastating; tough; capable; sharp; severe; fierce,,
利率,利率,lì lǜ,li4 lü4,6,10983,n,interest rates,,
例外,例外,lì wài,li4 wai4,6,5594,v/n,exception; to be an exception,,
连年,連年,lián nián,lian2 nian2,6,34385,b/d,successive years; over many years,,
连锁,連鎖,lián suǒ,lian2 suo3,6,7545,vn/v,to interlock; to be linked; chain (store etc),,
连同,連同,lián tóng,lian2 tong2,6,13615,p,together with; along with,,
联欢,聯歡,lián huān,lian2 huan1,6,35542,v/vn,to have a get-together; celebration; party,,
联络,聯絡,lián luò,lian2 luo4,6,4467,v/vn,to get in touch with; to contact; to stay in contact (with); liaison; (math.) connection,,
联盟,聯盟,lián méng,lian2 meng2,6,2339,n/v,alliance; union; coalition,,
联想,聯想,lián xiǎng,lian2 xiang3,6,6895,v/nz/vn,to associate (cognitively); to make an associative connection; mental association; word prediction and auto-complete functions of input method editing programs,,
廉洁,廉潔,lián jié,lian2 jie2,6,28006,a,incorruptible; unbribable; honest,,
良心,良心,liáng xīn,liang2 xin1,6,6526,n,conscience,,
谅解,諒解,liàng jiě,liang4 jie3,6,11864,vn/v,to understand; to make allowances for; understanding,,
晾,晾,liàng,liang4,6,14630,v,to dry in the air; (fig.) to cold-shoulder,,
辽阔,遼闊,liáo kuò,liao2 kuo4,6,25015,a,vast; extensive,,
列举,列舉,liè jǔ,lie4 ju3,6,18380,v,a list; to list; to enumerate,,
临床,臨床,lín chuáng,lin2 chuang2,6,4243,vn/v/b,clinical,,
淋,淋,lìn,lin4,6,7448,v,to filter; to strain; to drain; gonorrhea; (TCM) strangury,,
吝啬,吝嗇,lìn sè,lin4 se4,6,16240,a,stingy; mean; miserly,,
灵感,靈感,líng gǎn,ling2 gan3,6,4591,n,inspiration; insight; a burst of creativity in scientific or artistic endeavor,,
灵魂,靈魂,líng hún,ling2 hun2,6,2579,n,soul; spirit,,
灵敏,靈敏,líng mǐn,ling2 min3,6,13980,a/an,smart; clever; sensitive; keen; quick; sharp,,
凌晨,凌晨,líng chén,ling2 chen2,6,2595,t,very early in the morning; in the wee hours,,
零星,零星,líng xīng,ling2 xing1,6,21996,a,fragmentary; random; bits and pieces; sporadic,,
领会,領會,lǐng huì,ling3 hui4,6,12532,v,to understand; to comprehend; to grasp,,
领事馆,領事館,lǐng shì guǎn,ling3 shi4 guan3,6,23364,n,consulate,,
领土,領土,lǐng tǔ,ling3 tu3,6,8618,n,territory,,
领悟,領悟,lǐng wù,ling3 wu4,6,12096,v/vn,to understand; to comprehend,,
领先,領先,lǐng xiān,ling3 xian1,6,2791,v/vn,to lead; to be in front,,
领袖,領袖,lǐng xiù,ling3 xiu4,6,3957,n,leader,,
伶俐,伶俐,líng lì,ling2 li4,6,31514,a,clever; witty; intelligent,,
溜,溜,liū,liu1,6,5659,v/q/g,to slip away; to escape in stealth; to skate,,
流浪,流浪,liú làng,liu2 lang4,6,6517,v/vn,to drift about; to wander; to roam; nomadic; homeless; unsettled (e.g. population); vagrant,,
流露,流露,liú lù,liu2 lu4,6,12368,v/vn,"to reveal (indirectly, implicitly); to show (interest, contempt etc) by means of one's actions, tone of voice etc",,
流氓,流氓,liú máng,liu2 mang2,6,5202,n,rogue; hoodlum; gangster; immoral behavior,,
流通,流通,liú tōng,liu2 tong1,6,8541,vn/v,to circulate; to distribute; circulation; distribution,,
留恋,留戀,liú liàn,liu2 lian4,6,13649,v/vn,reluctant to leave; to hate to have to go; to recall fondly,,
留念,留念,liú niàn,liu2 nian4,6,20051,v,to keep as a souvenir; to recall fondly,,
留神,留神,liú shén,liu2 shen2,6,16844,v,to take care; to be careful,,
笼罩,籠罩,lǒng zhào,long3 zhao4,6,10028,v/vn,to envelop; to shroud,,
聋哑,聾啞,lóng yǎ,long2 ya3,6,30845,vn/n,deaf and dumb,,
隆重,隆重,lóng zhòng,long2 zhong4,6,7000,a/ad,grand; prosperous; ceremonious; solemn,,
垄断,壟斷,lǒng duàn,long3 duan4,6,11039,v/vn,to monopolize,,
搂,摟,lōu,lou1,6,9281,v,"to draw towards oneself; to gather; to gather up (one's gown, sleeves etc); to grab (money); to extort",,
炉灶,爐灶,lú zào,lu2 zao4,6,39198,n,stove,,
屡次,屢次,lǚ cì,lü3 ci4,6,23740,d,repeatedly; time and again,,
履行,履行,lǚ xíng,lü3 xing2,6,4856,v/vn,to fulfill (one's obligations); to carry out (a task); to implement (an agreement); to perform,,
率领,率領,shuài lǐng,shuai4 ling3,6,10605,v/vn,to lead; to command; to head,,
轮船,輪船,lún chuán,lun2 chuan2,6,17543,n,steamship; steamer; steamboat,,艘
轮廓,輪廓,lún kuò,lun2 kuo4,6,11945,n,an outline; silhouette,,
轮胎,輪胎,lún tāi,lun2 tai1,6,4913,n,tire; pneumatic tire,,
论坛,論壇,lùn tán,lun4 tan2,6,7125,n,forum (for discussion),,
论证,論證,lùn zhèng,lun4 zheng4,6,14292,v/vn,to prove a point; to expound on; to demonstrate or prove (through argument); proof,,
啰唆,囉唆,luō suo,luo1 suo5,6,128460,,variant of 啰嗦,,
螺丝钉,螺絲釘,luó sī dīng,luo2 si1 ding1,6,35456,n,screw,,
络绎不绝,絡繹不絕,luò yì bù jué,luo4 yi4 bu4 jue2,6,34597,v,(idiom) continuously; in an endless stream,,
落成,落成,luò chéng,luo4 cheng2,6,20880,v/vn,to complete a construction project,,
落实,落實,luò shí,luo4 shi2,6,16045,v,practical; workable; to implement; to carry out; to decide,,
麻痹,麻痺,má bì,ma2 bi4,6,8935,a/v/vn,paralysis; palsy; numbness; to benumb; (fig.) to lull; negligent; apathetic,,
麻木,麻木,má mù,ma2 mu4,6,9568,a/v/an,numb; insensitive; apathetic,,
麻醉,麻醉,má zuì,ma2 zui4,6,6421,v/vn,anesthesia; to anesthetize; (fig.) to corrupt (sb's mind); to enervate; to numb the mind (to escape from harsh reality),,
码头,碼頭,mǎ tóu,ma3 tou2,6,4184,n,dock; pier; wharf,,个
嘛,嘛,ma,ma5,6,614,y,modal particle indicating that sth is obvious; particle indicating a pause for emphasis,,
埋伏,埋伏,mái fú,mai2 fu2,6,11612,v/vn,to ambush; to lie in wait for; to lie low; ambush,,
埋没,埋沒,mái mò,mai2 mo4,6,25479,v,to engulf; to bury; to overlook; to stifle; to neglect; to fall into oblivion,,
埋怨,埋怨,mán yuàn,man2 yuan4,6,10938,v/vn,to complain; to grumble (about); to reproach; to blame,,
埋葬,埋葬,mái zàng,mai2 zang4,6,12213,v,to bury,,
迈,邁,mài,mai4,6,5964,v,to take a step; to stride,,
脉搏,脈搏,mài bó,mai4 bo2,6,11767,n,pulse (both medical and figurative),,
慢性,慢性,màn xìng,man4 xing4,6,9266,b,slow and patient; chronic (disease); slow to take effect (e.g. a slow poison),,
漫画,漫畫,màn huà,man4 hua4,6,4509,n,caricature; cartoon; Japanese manga,,
漫长,漫長,màn cháng,man4 chang2,6,5704,a,very long; endless,,
蔓延,蔓延,màn yán,man4 yan2,6,7609,v/vn,to extend; to spread,,
忙碌,忙碌,máng lù,mang2 lu4,6,6465,a/v/an,busy; bustling,,
盲目,盲目,máng mù,mang2 mu4,6,6842,a/ad,blind; blindly; ignorant; lacking understanding,,
茫茫,茫茫,máng máng,mang2 mang2,6,13223,z,boundless; vast and obscure,,
茫然,茫然,máng rán,mang2 ran2,6,13636,a/an/ad,blankly; vacantly; at a loss,,
茂盛,茂盛,mào shèng,mao4 sheng4,6,28450,a,lush,,
冒充,冒充,mào chōng,mao4 chong1,6,11187,v,to feign; to pretend to be; to pass oneself off as,,
没辙,沒轍,méi zhé,mei2 zhe2,6,26032,v,at one's wit's end; unable to find a way out,,
枚,枚,méi,mei2,6,2591,q,"classifier for coins, rings, badges, pearls, sporting medals, rockets, satellites etc; tree trunk; whip; wooden peg, used as a gag for marching soldiers (old)",,
媒介,媒介,méi jiè,mei2 jie4,6,15079,n,intermediary; vehicle; vector; medium; media,,
媒体,媒體,méi tǐ,mei2 ti3,6,1246,n,"media, esp. news media",,
美观,美觀,měi guān,mei3 guan1,6,19793,a,pleasing to the eye; beautiful; artistic,,
美满,美滿,měi mǎn,mei3 man3,6,12203,a/an,happy; blissful,,
美妙,美妙,měi miào,mei3 miao4,6,5307,a/an,beautiful; wonderful; splendid,,
门诊,門診,mén zhěn,men2 zhen3,6,9195,n,outpatient service,,
萌芽,萌芽,méng yá,meng2 ya2,6,20071,vn/v,to sprout (lit. or fig.); to bud; to germinate; germ; seed; bud,,
蒙,蒙,méng,meng2,6,2993,v/b,to cover; ignorant; to suffer (misfortune); to receive (a favor); to cheat,,
猛烈,猛烈,měng liè,meng3 lie4,6,9642,a/ad,fierce; violent; vigorous; intense,,
梦想,夢想,mèng xiǎng,meng4 xiang3,6,1446,n/v,(fig.) to dream of; dream,,
眯,瞇,mī,mi1,6,14561,v,to narrow one's eyes; to squint; (dialect) to take a nap,,
弥补,彌補,mí bǔ,mi2 bu3,6,4555,v/vn,to complement; to make up for a deficiency,,
弥漫,彌漫,mí màn,mi2 man4,6,11532,v,"to pervade; to fill the air; diffuse; everywhere present; about to inundate (water); permeated by (smoke); filled with (dust); to saturate (the air with fog, smoke etc)",,
迷惑,迷惑,mí huo,mi2 huo5,6,8585,v/an/a,to puzzle; to confuse; to baffle,,
迷人,迷人,mí rén,mi2 ren2,6,4430,a/v,fascinating; enchanting; charming; tempting,,
迷失,迷失,mí shī,mi2 shi1,6,7005,v/vn,to lose (one's bearings); to get lost,,
迷信,迷信,mí xìn,mi2 xin4,6,9691,v/vn,superstition; to have a superstitious belief (in sth),,
密度,密度,mì dù,mi4 du4,6,8534,n,density; thickness,,
密封,密封,mì fēng,mi4 feng1,6,9769,vn/v,to seal up,,
免得,免得,miǎn de,mian3 de5,6,9217,v,so as not to; so as to avoid,,
免疫,免疫,miǎn yì,mian3 yi4,6,4704,vn/v/b,immunity (to disease),,
勉励,勉勵,miǎn lì,mian3 li4,6,37429,v,to encourage,,
勉强,勉強,miǎn qiǎng,mian3 qiang3,6,6178,ad/v/a,to do with difficulty; to force sb to do sth; reluctant; barely enough,,
面貌,面貌,miàn mào,mian4 mao4,6,12053,n,face; features; appearance; look,,个
面子,面子,miàn zi,mian4 zi5,6,5831,n,outer surface; the outside of sth; social prestige; face,,
描绘,描繪,miáo huì,miao2 hui4,6,9367,v/vn,to describe; to portray,,
渺小,渺小,miǎo xiǎo,miao3 xiao3,6,14611,a/an,minute; tiny; negligible; insignificant,,
灭亡,滅亡,miè wáng,mie4 wang2,6,11523,v,to be destroyed; to become extinct; to perish; to die out; to destroy; to exterminate,,
蔑视,蔑視,miè shì,mie4 shi4,6,18227,v/vn,to loathe; to despise; contempt,,
民间,民間,mín jiān,min2 jian1,6,7015,n,among the people; popular; folk; non-governmental; involving people rather than governments,,
民用,民用,mín yòng,min2 yong4,6,14041,b,(for) civilian use,,
敏感,敏感,mǐn gǎn,min3 gan3,6,3233,a/an,sensitive; susceptible,,
敏捷,敏捷,mǐn jié,min3 jie2,6,13225,a/an/ad,nimble; quick; shrewd,,
敏锐,敏銳,mǐn ruì,min3 rui4,6,9945,a/an/ad,keen; sharp; acute,,
名次,名次,míng cì,ming2 ci4,6,18029,n,position in a ranking of names; place; rank,,
名额,名額,míng é,ming2 e2,6,10248,n,"quota; number of places; place (in an institution, a group etc)",,
名副其实,名副其實,míng fù qí shí,ming2 fu4 qi2 shi2,6,13990,v,"not just in name only, but also in reality (idiom); aptly named; worthy of the name",,
名誉,名譽,míng yù,ming2 yu4,6,7798,n,fame; reputation; honor; honorary; emeritus (of retired professor),,
明明,明明,míng míng,ming2 ming2,6,3970,d,obviously; plainly; undoubtedly; definitely,,
命名,命名,mìng míng,ming4 ming2,6,5608,v/vn,to give a name to; to dub; to christen; to designate; named after; naming,,
摸索,摸索,mō suo,mo1 suo5,6,14094,v/vn,to feel about; to grope about; to fumble; to do things slowly,,
模范,模範,mó fàn,mo2 fan4,6,7612,n/d,model; fine example,,
模式,模式,mó shì,mo2 shi4,6,2502,n,mode; method; pattern,,
模型,模型,mó xíng,mo2 xing2,6,3453,n,model; mold; matrix; pattern,,
模样,模樣,mú yàng,mu2 yang4,6,5384,n,look; style; appearance; approximation; about; also pr. [mó yàng],,个
膜,膜,mó,mo2,6,4209,n,membrane; film,,
摩擦,摩擦,mó cā,mo2 ca1,6,8215,vn/v,friction; rubbing; chafing; fig. disharmony; conflict; also written 磨擦,,
磨合,磨合,mó hé,mo2 he2,6,22505,v/vn,to break in; to wear in,,
魔鬼,魔鬼,mó guǐ,mo2 gui3,6,5671,n,devil,,
魔术,魔術,mó shù,mo2 shu4,6,6559,n,magic,,
抹杀,抹殺,mǒ shā,mo3 sha1,6,23195,v,to erase; to cover traces; to obliterate evidence; to expunge; to blot out; to suppress,,
莫名其妙,莫名其妙,mò míng qí miào,mo4 ming2 qi2 miao4,6,7558,l,(idiom) baffling; bizarre; without rhyme or reason; inexplicable,,
墨水儿,墨水兒,mò shuǐ r,mo4 shui3 r5,6,1000000,,erhua variant of 墨水; ink,,
默默,默默,mò mò,mo4 mo4,6,7639,d/z,in silence; not speaking,,
谋求,謀求,móu qiú,mou2 qiu2,6,20764,v,to seek; to strive for,,
母语,母語,mǔ yǔ,mu3 yu3,6,22744,n,native language; mother tongue; (linguistics) parent language,,
目睹,目睹,mù dǔ,mu4 du3,6,7713,v,to witness; to see at first hand; to see with one's own eyes,,
目光,目光,mù guāng,mu4 guang1,6,4325,n,gaze; (fig.) attention; expression in one's eyes; look; (lit. and fig.) sight; vision,,
沐浴,沐浴,mù yù,mu4 yu4,6,10793,v/vn,to take a bath; to bathe; to immerse,,
嗯,嗯,èn,en4,6,1390,e,"(nonverbal grunt as interjection); OK, yeah; what?",,
拿手,拿手,ná shǒu,na2 shou3,6,11750,a,expert in; good at,,
纳闷儿,納悶兒,nà mèn r,na4 men4 r5,6,77711,,erhua variant of 纳闷; puzzled; bewildered,,
耐用,耐用,nài yòng,nai4 yong4,6,26052,a,durable,,
难得,難得,nán dé,nan2 de2,6,5125,a/ad,seldom; rare; hard to come by,,
难堪,難堪,nán kān,nan2 kan1,6,10347,a/v/an,hard to take; embarrassed,,
难免,難免,nán miǎn,nan2 mian3,6,8428,v,hard to avoid; difficult to escape from; will inevitably,,
难能可贵,難能可貴,nán néng kě guì,nan2 neng2 ke3 gui4,6,32815,v,rare and precious; valuable; remarkable,,
恼火,惱火,nǎo huǒ,nao3 huo3,6,12898,a/an,annoyed; riled; vexed,,
内涵,內涵,nèi hán,nei4 han2,6,8756,n,meaningful content; implication; connotation (semantics); inner qualities (of a person),,
内幕,內幕,nèi mù,nei4 mu4,6,10165,n,inside story; non-public information; behind the scenes; internal,,
内在,內在,nèi zài,nei4 zai4,6,6428,b,inner; internal; intrinsic; innate,,
能量,能量,néng liàng,neng2 liang4,6,2787,n,energy; capabilities,,
拟定,擬定,nǐ dìng,ni3 ding4,6,19304,v,to draw up; to draft; to formulate,,
年度,年度,nián dù,nian2 du4,6,3572,n,"year (e.g. school year, fiscal year); annual",,
捏,捏,niē,nie1,6,4857,v,"to hold between the thumb and fingers; to pinch; to mold (using the fingers); to hold (lit. in one's hand and fig.); to join together; to fabricate (a story, a report, etc)",,
宁肯,寧肯,nìng kěn,ning4 ken3,6,35373,d/c,would rather...; it would be better...; would prefer,,
宁愿,寧願,nìng yuàn,ning4 yuan4,6,4690,d/c/v,would rather ... (than ...),,
拧,擰,níng,ning2,6,7556,v,to pinch; wring,,
凝固,凝固,níng gù,ning2 gu4,6,13476,v/vn,to freeze; to solidify; to congeal; fig. with rapt attention,,
凝聚,凝聚,níng jù,ning2 ju4,6,12032,v/vn,to condense; to coagulate; coacervation (i.e. form tiny droplets); aggregation; coherent,,
凝视,凝視,níng shì,ning2 shi4,6,13685,v,to gaze at; to fix one's eyes on,,
扭转,扭轉,niǔ zhuǎn,niu3 zhuan3,6,8733,v/vn,to reverse; to turn around (an undesirable situation); (mechanics) torsion,,
纽扣儿,紐扣兒,niǔ kòu er,niu3 kou4 er,6,1000000,,button; erhua variant of 纽扣,,
农历,農曆,nóng lì,nong2 li4,6,35140,n,the traditional Chinese calendar; the lunar calendar,,
浓厚,濃厚,nóng hòu,nong2 hou4,6,17664,a,"dense; thick (fog, clouds etc); to have a strong interest in; deep; fully saturated (color)",,
奴隶,奴隸,nú lì,nu2 li4,6,7456,n,slave,,
虐待,虐待,nu:è dài,nüe4 dai4,6,7321,v/vn,to mistreat; to maltreat; to abuse; mistreatment; maltreatment,,
挪,挪,nuó,nuo2,6,8064,v/b,to shift; to move,,
哦,哦,o,o5,6,186,o/e,"sentence-final particle that conveys informality, warmth, friendliness or intimacy; may also indicate that one is stating a fact that the other person is not aware of",,
欧洲,歐洲,Oū zhōu,Ou1 zhou1,6,1929,ns,Europe (abbr. for 欧罗巴洲),,
殴打,毆打,ōu dǎ,ou1 da3,6,8604,v/vn,to beat up; to come to blows; battery (law),,
呕吐,嘔吐,ǒu tù,ou3 tu4,6,6374,v/vn,to vomit,,
趴,趴,pā,pa1,6,5070,v,"to lie on one's stomach; to lean forward, resting one's upper body (on a desktop etc); (Tw) percent",,
徘徊,徘徊,pái huái,pai2 huai2,6,8578,v/vn,to pace back and forth; to dither; to hesitate; (of sales figures etc) to fluctuate,,
排斥,排斥,pái chì,pai2 chi4,6,8330,v/vn,to reject; to exclude; to eliminate; to remove; to repel,,
排除,排除,pái chú,pai2 chu2,6,3583,v/vn,to eliminate; to remove; to exclude; to rule out,,
排放,排放,pái fàng,pai2 fang4,6,11477,vn/v,"to arrange in order; to emit; to discharge (exhaust gas, waste water etc); (of animals) to ovulate; to discharge semen",,
派别,派別,pài bié,pai4 bie2,6,19318,n,group; sect; clique; faction; school,,
派遣,派遣,pài qiǎn,pai4 qian3,6,9393,v/vn,to send (on a mission); to dispatch,,
攀登,攀登,pān dēng,pan1 deng1,6,15910,v/vn,to climb; to pull oneself up; to clamber; to scale; fig. to forge ahead in the face of hardships and danger,,
盘旋,盤旋,pán xuán,pan2 xuan2,6,14151,v,to spiral; to circle; to go around; to hover; to orbit,,
判决,判決,pàn jué,pan4 jue2,6,3639,vn/v,judgment (by a court of law); to pass judgment on; to sentence,,
畔,畔,pàn,pan4,6,17135,g,(bound form) side; edge; boundary,,
庞大,龐大,páng dà,pang2 da4,6,6804,a,huge; enormous; tremendous,,
抛弃,拋棄,pāo qì,pao1 qi4,6,4229,v/vn,to abandon; to discard; to renounce; to dump (sb),,
泡沫,泡沫,pào mò,pao4 mo4,6,7113,n,foam; (soap) bubble; (economic) bubble,,
培训,培訓,péi xùn,pei2 xun4,6,3619,vn/v,to cultivate; to train; to groom; training,,
培育,培育,péi yù,pei2 yu4,6,10156,v,to train; to breed,,
配备,配備,pèi bèi,pei4 bei4,6,8427,v/vn,to allocate; to provide; to outfit with,,
配偶,配偶,pèi ǒu,pei4 ou3,6,12235,n,spouse,,
配套,配套,pèi tào,pei4 tao4,6,10472,a/vn/v,to form a complete set; compatible; matching; complementary,,
盆地,盆地,pén dì,pen2 di4,6,23207,n,(geography) basin; depression,,
烹饪,烹飪,pēng rèn,peng1 ren4,6,10492,vn/v/n,cooking; culinary arts,,
捧,捧,pěng,peng3,6,6144,v/q,to clasp; to cup the hands; to hold up with both hands; to offer (esp. in cupped hands); to praise; to flatter,,
批发,批發,pī fā,pi1 fa1,6,15769,vn/v,wholesale; bulk trade; distribution,,
批判,批判,pī pàn,pi1 pan4,6,10324,v/vn,to criticize; critique,,个
劈,劈,pī,pi1,6,8142,v,to hack; to chop; to split open; (of lightning) to strike,,
皮革,皮革,pí gé,pi2 ge2,6,12646,n,leather,,张
疲惫,疲憊,pí bèi,pi2 bei4,6,7555,a/an/v/ad,beaten; exhausted; tired,,
疲倦,疲倦,pí juàn,pi2 juan4,6,11450,a/an,to tire; tired,,
屁股,屁股,pì gu,pi4 gu5,6,3206,n,buttocks; bottom; butt; back part,,
譬如,譬如,pì rú,pi4 ru2,6,14286,v,for example; for instance; such as,,
偏差,偏差,piān chā,pian1 cha1,6,16233,n,bias; deviation,,
偏见,偏見,piān jiàn,pian1 jian4,6,9888,n,prejudice; bias,,
偏僻,偏僻,piān pì,pian1 pi4,6,12070,a,remote; desolate; far from the city,,
偏偏,偏偏,piān piān,pian1 pian1,6,7946,d,(indicates that sth turns out just the opposite of what one would wish) unfortunately; as it happened; (indicates that sth is the opposite of what would be normal or reasonable) stubbornly; contrarily; against reason; (indicates that sb or a group is singled out) precisely; only; of all people,,
片断,片斷,piàn duàn,pian4 duan4,6,16243,n,section; fragment; segment,,
片刻,片刻,piàn kè,pian4 ke4,6,6789,m/t,short period of time; a moment,,
飘扬,飄揚,piāo yáng,piao1 yang2,6,22536,v,to wave; to flutter; to fly,,
漂浮,漂浮,piāo fú,piao1 fu2,6,13367,v/vn,"to float; to hover; to drift (also fig., to lead a wandering life); to rove; showy; superficial",,
拼搏,拼搏,pīn bó,pin1 bo2,6,12182,v/vn,to struggle; to wrestle,,
拼命,拼命,pīn mìng,pin1 ming4,6,4700,d/v/vn,to do one's utmost; with all one's might; at all costs; (to work or fight) as if one's life depends on it,,
贫乏,貧乏,pín fá,pin2 fa2,6,29155,a/an,impoverished; lacking; deficient; limited; meager; impoverishment; lack; deficiency,,
贫困,貧困,pín kùn,pin2 kun4,6,6107,a/an,impoverished; poverty,,
频繁,頻繁,pín fán,pin2 fan2,6,6642,a/ad,frequently; often,,
频率,頻率,pín lǜ,pin2 lü4,6,4871,n,frequency,,
品尝,品嘗,pǐn cháng,pin3 chang2,6,8156,v,to taste a small amount; to sample,,
品德,品德,pǐn dé,pin3 de2,6,16921,n,moral character,,
品行,品行,pǐn xíng,pin3 xing2,6,22266,n,behavior; moral conduct,,
品质,品質,pǐn zhì,pin3 zhi4,6,5177,n,"character; intrinsic quality (of a person); quality (of a product or service, or as in ""quality of life"", ""air quality"" etc)",,
平凡,平凡,píng fán,ping2 fan2,6,6747,a,commonplace; ordinary; mediocre,,
平面,平面,píng miàn,ping2 mian4,6,9275,n,plane (flat surface); print media,,
平坦,平坦,píng tǎn,ping2 tan3,6,17673,a,level; even; smooth; flat,,
平行,平行,píng xíng,ping2 xing2,6,9981,v/vn,parallel; of equal rank; simultaneous,,
平原,平原,píng yuán,ping2 yuan2,6,10650,n,field; plain,,个
评估,評估,píng gū,ping2 gu1,6,3129,vn/v,to evaluate; to assess; assessment; evaluation,,
评论,評論,píng lùn,ping2 lun4,6,2351,n/v/vn,to comment on; to discuss; comment; commentary,,篇
屏障,屏障,píng zhàng,ping2 zhang4,6,14358,n,barrier,,
坡,坡,pō,po1,6,8092,n,slope; sloping; slanted,,个
颇,頗,pō,po1,6,5653,d,rather; quite; considerably; oblique; inclined; slanting; Taiwan pr. [pǒ],,
迫不及待,迫不及待,pò bù jí dài,po4 bu4 ji2 dai4,6,8697,l,impatient (idiom); in a hurry; itching to get on with it,,
迫害,迫害,pò hài,po4 hai4,6,11860,vn/v,to persecute,,
破例,破例,pò lì,po4 li4,6,21021,v,to make an exception,,
魄力,魄力,pò lì,po4 li4,6,23747,n,courage; daring; boldness; resolution; drive,,
泼,潑,pō,po1,6,8438,v,to splash; to spill; rough and coarse; brutish,,
扑,撲,pū,pu1,6,4563,v/o,to throw oneself at; to pounce on; to devote one's energies; to flap; to flutter; to dab; to pat; to bend over,,
朴实,樸實,pǔ shí,pu3 shi2,6,19018,a,plain; simple; guileless; down-to-earth; sincere and honest,,
普及,普及,pǔ jí,pu3 ji2,6,17888,v/vn,to spread extensively; to generalize; widespread; popular; universal; ubiquitous; pervasive,,
铺,鋪,pù,pu4,6,4209,v,plank bed; place to sleep; shop; store; (old) relay station,,
瀑布,瀑布,pù bù,pu4 bu4,6,10033,n,waterfall,,
曝光,曝光,bào guāng,bao4 guang1,6,5114,v/vn,to expose (photography); (fig.) to expose (a scandal); (advertising) exposure; Taiwan pr. [pù guāng],,
凄凉,悽涼,qī liáng,qi1 liang2,6,16083,a/an,mournful; miserable,,
期望,期望,qī wàng,qi1 wang4,6,3510,v/vn,to have expectations; to earnestly hope; expectation; hope,,
期限,期限,qī xiàn,qi1 xian4,6,5679,n,time limit; deadline; allotted time,,
欺负,欺負,qī fu,qi1 fu5,6,4731,v/vn,to bully,,
欺骗,欺騙,qī piàn,qi1 pian4,6,4109,v/vn,to deceive; to cheat,,
齐全,齊全,qí quán,qi2 quan2,6,10206,a,complete; comprehensive,,
齐心协力,齊心協力,qí xīn xié lì,qi2 xin1 xie2 li4,6,17271,v,to work with a common purpose (idiom); to make concerted efforts; to pull together; to work as one,,
奇妙,奇妙,qí miào,qi2 miao4,6,7455,a/an,fantastic; wonderful,,
歧视,歧視,qí shì,qi2 shi4,6,6933,vn/v,to discriminate against; discrimination,,
旗袍,旗袍,qí páo,qi2 pao2,6,36388,n,Chinese-style dress; cheongsam,,
旗帜,旗幟,qí zhì,qi2 zhi4,6,7492,n,ensign; flag,,
乞丐,乞丐,qǐ gài,qi3 gai4,6,11171,n,beggar,,
岂有此理,豈有此理,qǐ yǒu cǐ lǐ,qi3 you3 ci3 li3,6,46100,,how can this be so? (idiom); preposterous; ridiculous; absurd,,
启程,啟程,qǐ chéng,qi3 cheng2,6,12630,v,to set out on a journey,,
启示,啟示,qǐ shì,qi3 shi4,6,9723,vn/v,to reveal; to enlighten; enlightenment; revelation; illumination; moral (of a story etc); lesson,,
启事,啟事,qǐ shì,qi3 shi4,6,20158,n,"announcement (written, on billboard, letter, newspaper or website); to post information; a notice",,
起草,起草,qǐ cǎo,qi3 cao3,6,9562,v/vn,to make a draft; to draw up (plans),,
起初,起初,qǐ chū,qi3 chu1,6,8773,d/t,originally; at first; at the outset,,
起伏,起伏,qǐ fú,qi3 fu2,6,9804,v/vn,to move up and down; to undulate; ups and downs,,
起哄,起鬨,qǐ hòng,qi3 hong4,6,25283,v/vn,to heckle; rowdy jeering; to create a disturbance,,
起码,起碼,qǐ mǎ,qi3 ma3,6,4041,d/b,at the minimum; at the very least,,
起义,起義,qǐ yì,qi3 yi4,6,12413,v/vn,uprising; insurrection; revolt,,
起源,起源,qǐ yuán,qi3 yuan2,6,11950,n/v,origin; to originate; to come from,,
气概,氣概,qì gài,qi4 gai4,6,15431,n,lofty quality; mettle; spirit,,
气功,氣功,qì gōng,qi4 gong1,6,32300,n,"qigong, a traditional Chinese system of cultivating vital energy 气 through coordinated breathing, movement and meditation",,
气魄,氣魄,qì pò,qi4 po4,6,26408,n,spirit; boldness; positive outlook; imposing attitude,,
气色,氣色,qì sè,qi4 se4,6,16801,n,complexion,,
气势,氣勢,qì shì,qi4 shi4,6,9469,n,imposing manner; loftiness; grandeur; energetic looks; vigor,,
气味,氣味,qì wèi,qi4 wei4,6,6948,n,odor; scent,,
气象,氣象,qì xiàng,qi4 xiang4,6,7203,n,meteorological feature; meteorology; atmosphere; ambience; scene,,个
气压,氣壓,qì yā,qi4 ya1,6,16502,n,atmospheric pressure; barometric pressure,,
迄今为止,迄今為止,qì jīn wéi zhǐ,qi4 jin1 wei2 zhi3,6,9179,l,so far; up to now; still (not),,
器材,器材,qì cái,qi4 cai2,6,9537,n,equipment; material,,
器官,器官,qì guān,qi4 guan1,6,4857,n,(physiology) organ; apparatus,,
掐,掐,qiā,qia1,6,7287,v,to pick (flowers); to pinch; to nip; to pinch off; to clutch; (slang) to fight,,
恰当,恰當,qià dàng,qia4 dang4,6,7676,a/ad,appropriate; suitable,,
恰到好处,恰到好處,qià dào hǎo chù,qia4 dao4 hao3 chu4,6,14885,l,it's just perfect; it's just right,,
恰巧,恰巧,qià qiǎo,qia4 qiao3,6,16400,d,by chance; as chance would have it,,
洽谈,洽談,qià tán,qia4 tan2,6,18806,v/vn,to discuss,,
千方百计,千方百計,qiān fāng bǎi jì,qian1 fang1 bai3 ji4,6,16008,l,"lit. thousand ways, a hundred plans (idiom); by every possible means",,
迁就,遷就,qiān jiù,qian1 jiu4,6,18562,v,to yield; to adapt to; to accommodate to (sth),,
迁徙,遷徙,qiān xǐ,qian1 xi3,6,16697,v/vn,to migrate; to move,,
牵扯,牽扯,qiān chě,qian1 che3,6,11586,v,to involve; to implicate; to be interrelated,,
牵制,牽制,qiān zhì,qian1 zhi4,6,17412,v/vn,to control; to curb; to restrict; to impede; to pin down (enemy troops),,
谦逊,謙遜,qiān xùn,qian1 xun4,6,20754,a/an,humble; modest; unpretentious; modesty,,
签订,簽訂,qiān dìng,qian1 ding4,6,8257,v,to agree to and sign (a treaty etc),,
签署,簽署,qiān shǔ,qian1 shu3,6,4105,v/vn,to sign (an agreement),,
前景,前景,qián jǐng,qian2 jing3,6,6776,n,foreground; vista; (future) prospects; perspective,,
前提,前提,qián tí,qian2 ti2,6,4669,n,premise; precondition; prerequisite,,
潜力,潛力,qián lì,qian2 li4,6,3759,n,potential; capacity,,
潜水,潛水,qián shuǐ,qian2 shui3,6,10234,vn/v,to dive; to go under water; (in an online forum) to lurk,,
潜移默化,潛移默化,qián yí mò huà,qian2 yi2 mo4 hua4,6,31990,v,imperceptible influence; to influence secretly,,
谴责,譴責,qiǎn zé,qian3 ze2,6,7122,v/vn,to denounce; to condemn; to criticize; condemnation; criticism,,
强迫,強迫,qiǎng pò,qiang3 po4,6,4640,v/vn,to compel; to force,,
强制,強制,qiáng zhì,qiang2 zhi4,6,5763,v/vn,to force; to compel; to coerce; forced; compulsory; Taiwan pr. [qiǎng zhì],,
抢劫,搶劫,qiǎng jié,qiang3 jie2,6,3341,v/vn,to rob; looting,,
抢救,搶救,qiǎng jiù,qiang3 jiu4,6,6580,v/vn,to rescue,,
桥梁,橋梁,qiáo liáng,qiao2 liang2,6,9640,n,bridge (lit. and fig.),,
翘,翹,qiào,qiao4,6,5400,v,to stick up; to rise on one end; to tilt,,
切实,切實,qiè shí,qie4 shi2,6,10384,a/ad,feasible; realistic; practical; earnestly; conscientiously,,
锲而不舍,鍥而不捨,qiè ér bù shě,qie4 er2 bu4 she3,6,38449,v,to chip away at a task and not abandon it (idiom); to chisel away at sth; to persevere; unflagging efforts,,
亲热,親熱,qīn rè,qin1 re4,6,11273,a/an,affectionate; intimate; warmhearted; to show affection for; (coll.) to get intimate with sb,,
亲身,親身,qīn shēn,qin1 shen1,6,12076,d/b,personal; oneself,,
侵犯,侵犯,qīn fàn,qin1 fan4,6,4394,v/vn,to infringe on; to encroach on; to violate; to assault,,
钦佩,欽佩,qīn pèi,qin1 pei4,6,14182,v/vn,to admire; to look up to; to respect sb greatly,,
勤俭,勤儉,qín jiǎn,qin2 jian3,6,38935,a,hardworking and frugal,,
勤恳,勤懇,qín kěn,qin2 ken3,6,53060,a,diligent and attentive; assiduous; sincere,,
氢,氫,qīng,qing1,6,11059,n/g,hydrogen (chemistry),,
轻而易举,輕而易舉,qīng ér yì jǔ,qing1 er2 yi4 ju3,6,13706,l,easy; with no difficulty,,
倾听,傾聽,qīng tīng,qing1 ting1,6,7063,v,to listen attentively,,
倾向,傾向,qīng xiàng,qing1 xiang4,6,3997,n/v,trend; tendency; orientation,,
倾斜,傾斜,qīng xié,qing1 xie2,6,9158,v/vn,to incline; to lean; to slant; to slope; to tilt,,
清澈,清澈,qīng chè,qing1 che4,6,14725,a/an,clear; limpid,,
清晨,清晨,qīng chén,qing1 chen2,6,7008,t,early morning,,
清除,清除,qīng chú,qing1 chu2,6,4835,v/vn,to clear away; to eliminate; to get rid of,,
清洁,清潔,qīng jié,qing1 jie2,6,4675,a/v/an/ad,clean; to clean,,
清理,清理,qīng lǐ,qing1 li3,6,2808,v/vn,to clear up; to tidy up; to dispose of,,
清晰,清晰,qīng xī,qing1 xi1,6,4178,a/ad,clear; distinct,,
清醒,清醒,qīng xǐng,qing1 xing3,6,3278,a/ad/an,clear-headed; sober; awake,,
清真,清真,qīng zhēn,qing1 zhen1,6,35108,b,Islamic; Muslim; halal (of food); clean; pure,,
情报,情報,qíng bào,qing2 bao4,6,2886,n,information; intelligence,,
情节,情節,qíng jié,qing2 jie2,6,4390,n,circumstances; plot; storyline,,
情理,情理,qíng lǐ,qing2 li3,6,20406,n,reason; sense,,
情形,情形,qíng xing,qing2 xing5,6,4038,n,circumstances; situation,,个
晴朗,晴朗,qíng lǎng,qing2 lang3,6,15483,a,sunny and cloudless,,
请柬,請柬,qǐng jiǎn,qing3 jian3,6,22818,n,invitation card; written invitation,,
请教,請教,qǐng jiào,qing3 jiao4,6,11806,v,to ask for guidance; to consult,,
请示,請示,qǐng shì,qing3 shi4,6,18413,v/vn,to ask for instructions,,
请帖,請帖,qǐng tiě,qing3 tie3,6,30508,n,invitation card; written invitation,,
丘陵,丘陵,qiū líng,qiu1 ling2,6,26657,n,hills,,
区分,區分,qū fēn,qu1 fen1,6,8298,v/vn,to differentiate; to draw a distinction; to divide into categories,,
区域,區域,qū yù,qu1 yu4,6,1701,n,area; region; district,,
曲折,曲折,qū zhé,qu1 zhe2,6,13065,a/an,winding; (fig.) complicated,,
曲子,曲子,qǔ zi,qu3 zi5,6,10200,n,poem for singing; tune; music,,支
驱逐,驅逐,qū zhú,qu1 zhu2,6,10878,v/vn,to expel; to deport; banishment,,
屈服,屈服,qū fú,qu1 fu2,6,11097,v,to surrender; to succumb; to yield; (as a transitive verb) to defeat; to prevail over,,
渠道,渠道,qú dào,qu2 dao4,6,5503,n,irrigation ditch; (fig.) channel; means,,
取缔,取締,qǔ dì,qu3 di4,6,19774,v,to suppress; to crack down on; to prohibit,,
趣味,趣味,qù wèi,qu4 wei4,6,12898,n,fun; interest; delight; taste; liking; preference,,
圈套,圈套,quān tào,quan1 tao4,6,13626,n,trap; snare; trick,,
全局,全局,quán jú,quan2 ju2,6,10030,n,overall situation,,
全力以赴,全力以赴,quán lì yǐ fù,quan2 li4 yi3 fu4,6,9514,v,to do at all costs; to make an all-out effort,,
权衡,權衡,quán héng,quan2 heng2,6,17687,v/vn,to consider; to weigh (a matter); to balance (pros and cons),,
权威,權威,quán wēi,quan2 wei1,6,5493,n/a,authority; authoritative; power and prestige,,
权益,權益,quán yì,quan2 yi4,6,6690,n,rights; interests; rights and benefits,,
拳头,拳頭,quán tou,quan2 tou5,6,7826,n,fist; clenched fist; competitive (product),,个
犬,犬,quǎn,quan3,6,4105,g,dog; Kangxi radical 94,,
缺口,缺口,quē kǒu,que1 kou3,6,11446,n,nick; jag; gap; shortfall,,
缺席,缺席,quē xí,que1 xi2,6,9842,v/vn,to be absent,,
缺陷,缺陷,quē xiàn,que1 xian4,6,5536,n,defect; flaw,,
瘸,瘸,qué,que2,6,19513,v,lame,,
确保,確保,què bǎo,que4 bao3,6,1674,v,to ensure; to guarantee,,
确立,確立,què lì,que4 li4,6,12943,v/vn,to establish; to institute,,
确切,確切,què qiè,que4 qie4,6,5982,a/ad,definite; exact; precise,,
确信,確信,què xìn,que4 xin4,6,9028,v,to be convinced; to be sure; to firmly believe; to be positive that; definite news,,
群众,群眾,qún zhòng,qun2 zhong4,6,3975,n,mass; multitude; the masses,,
染,染,rǎn,ran3,6,4175,v/vn,to dye; to catch (a disease); to acquire (bad habits etc); to contaminate; to add color washes to a painting,,
让步,讓步,ràng bù,rang4 bu4,6,10734,v/vn,to concede; to give in; to yield; a concession; (linguistics) concessive,,
饶恕,饒恕,ráo shù,rao2 shu4,6,24201,v,to forgive; to pardon; to spare,,
扰乱,擾亂,rǎo luàn,rao3 luan4,6,9719,v,to disturb; to perturb; to harass,,
惹祸,惹禍,rě huò,re3 huo4,6,29923,v,to stir up trouble; to invite disaster,,
热泪盈眶,熱淚盈眶,rè lèi yíng kuàng,re4 lei4 ying2 kuang4,6,25380,l,eyes brimming with tears of excitement (idiom); extremely moved,,
热门,熱門,rè mén,re4 men2,6,6594,a,popular; hot; in vogue,,
人道,人道,rén dào,ren2 dao4,6,12917,n,"human sympathy; humanitarianism; humane; the ""human way"", one of the stages in the cycle of reincarnation (Buddhism); sexual intercourse",,
人格,人格,rén gé,ren2 ge2,6,5144,n,personality; integrity; dignity,,
人工,人工,rén gōng,ren2 gong1,6,5772,b/d/n,artificial; manpower; manual work,,
人家,人家,rén jiā,ren2 jia1,6,1850,r/n,household; dwelling; family; sb else's house; household business; house of woman's husband-to-be,,户/家
人间,人間,rén jiān,ren2 jian1,6,5471,n,the human world; the earth,,
人士,人士,rén shì,ren2 shi4,6,2129,n,person; figure; public figure,,
人为,人為,rén wéi,ren2 wei2,6,9224,b/d,artificial; man-made; having human cause or origin; human attempt or effort,,
人性,人性,rén xìng,ren2 xing4,6,5302,n,human nature; humanity; human; the totality of human attributes,,
人质,人質,rén zhì,ren2 zhi4,6,5750,n,hostage,,
仁慈,仁慈,rén cí,ren2 ci2,6,14134,a,benevolent; charitable; kind; kindly; kindness; merciful,,
忍耐,忍耐,rěn nài,ren3 nai4,6,9047,v/vn,to endure; to bear with; to exercise patience; to restrain oneself; patience; endurance,,
忍受,忍受,rěn shòu,ren3 shou4,6,4498,v/vn,to bear; to endure,,
认定,認定,rèn dìng,ren4 ding4,6,4272,v/vn,to maintain (that sth is true); to determine (a fact); determination (of an amount); of the firm opinion; to believe firmly; to set one's mind on; to identify with,,
认可,認可,rèn kě,ren4 ke3,6,5077,v/vn,to approve; approval; acknowledgment; OK,,
任命,任命,rèn mìng,ren4 ming4,6,6667,v/vn,to appoint; (job) appointment,,纸
任性,任性,rèn xìng,ren4 xing4,6,10527,a/an,willful; headstrong; unruly,,
任意,任意,rèn yì,ren4 yi4,6,6455,d/b,any; arbitrary; at will; at random,,
任重道远,任重道遠,rèn zhòng dào yuǎn,ren4 zhong4 dao4 yuan3,6,35050,v,"a heavy load and a long road; fig. to bear heavy responsibilities through a long struggle (cf Confucian Analects, 8.7)",,
仍旧,仍舊,réng jiù,reng2 jiu4,6,7743,d,still (remaining); to remain (the same); yet,,
日新月异,日新月異,rì xīn yuè yì,ri4 xin1 yue4 yi4,6,28296,v,"daily renewal, monthly change (idiom); every day sees new developments; rapid progress",,
日益,日益,rì yì,ri4 yi4,6,8810,d,day by day; more and more; increasingly; more and more with each passing day,,
容貌,容貌,róng mào,rong2 mao4,6,14234,n,one's appearance; one's aspect; looks; features,,
容纳,容納,róng nà,rong2 na4,6,12247,v,to hold; to contain; to accommodate; to tolerate (different opinions),,
容器,容器,róng qì,rong2 qi4,6,8444,n,receptacle; vessel; (computing) container,,
容忍,容忍,róng rěn,rong2 ren3,6,6689,v/vn,to put up with; to tolerate,,
溶解,溶解,róng jiě,rong2 jie3,6,12802,v,to dissolve,,
融洽,融洽,róng qià,rong2 qia4,6,12145,a/v/ad/an,harmonious; friendly relations; on good terms with one another,,
柔和,柔和,róu hé,rou2 he2,6,11857,a/an,gentle; soft,,
揉,揉,róu,rou2,6,8985,v,to knead; to massage; to rub,,
若干,若干,ruò gān,ruo4 gan1,6,10305,m,a certain number or amount; how many?; how much?,,
弱点,弱點,ruò diǎn,ruo4 dian3,6,7156,n,weak point; failing,,
撒谎,撒謊,sā huǎng,sa1 huang3,6,8163,v,to tell lies,,
腮,腮,sāi,sai1,6,19518,n,cheek,,
三角,三角,sān jiǎo,san1 jiao3,6,7531,n,triangle,,
散布,散佈,sàn bù,san4 bu4,6,11482,v,to disseminate,,
散发,散發,sàn fā,san4 fa1,6,6694,v,to distribute; to emit; to issue,,
散文,散文,sǎn wén,san3 wen2,6,16676,n,prose; essay,,
丧失,喪失,sàng shī,sang4 shi1,6,5269,v/vn,to lose; to forfeit,,
嫂子,嫂子,sǎo zi,sao3 zi5,6,14522,n,(coll.) older brother's wife; sister-in-law,,
色彩,色彩,sè cǎi,se4 cai3,6,4732,n,tint; coloring; coloration; (fig.) flavor; character,,
刹车,剎車,shā chē,sha1 che1,6,6961,n/v/vn,to brake (when driving); to stop; to switch off; to check (bad habits); a brake,,
刹那,剎那,chà nà,cha4 na4,6,25638,t,an instant (Sanskrit: ksana); split second; the twinkling of an eye,,
啥,啥,shá,sha2,6,990,r,dialectal equivalent of 什么; also pr. [shà],,
筛选,篩選,shāi xuǎn,shai1 xuan3,6,9637,v/vn,to filter,,
山脉,山脈,shān mài,shan1 mai4,6,17979,n,mountain range,,条
闪烁,閃爍,shǎn shuò,shan3 shuo4,6,10116,v,flickering; twinkling; evasive; vague (of speech),,
擅长,擅長,shàn cháng,shan4 chang2,6,4999,v,to be good at; to be expert in,,
擅自,擅自,shàn zì,shan4 zi4,6,7694,d,without permission,,
伤脑筋,傷腦筋,shāng nǎo jīn,shang1 nao3 jin1,6,26254,v,to be a real headache; to find sth a real headache; to beat one's brains,,
商标,商標,shāng biāo,shang1 biao1,6,7527,n,trademark; logo,,
上级,上級,shàng jí,shang4 ji2,6,5572,n,higher authorities; superiors,,个
上进心,上進心,shàng jìn xīn,shang4 jin4 xin1,6,32278,n,motivation; ambition,,
上任,上任,shàng rèn,shang4 ren4,6,10580,v,to take office; previous (incumbent); predecessor,,
上瘾,上癮,shàng yǐn,shang4 yin3,6,11015,v/vn,to get into a habit; to become addicted,,
上游,上游,shàng yóu,shang4 you2,6,10579,f,upper reaches (of a river); upper level; upper echelon; upstream,,
捎,捎,shāo,shao1,6,12623,v,to bring sth to sb; to deliver,,
梢,梢,shāo,shao1,6,17485,g,tip of branch,,
哨,哨,shào,shao4,6,12583,g,a whistle; sentry,,
奢侈,奢侈,shē chǐ,she1 chi3,6,9105,a/an,luxurious; extravagant,,
设立,設立,shè lì,she4 li4,6,5179,v,to set up; to establish,,
设想,設想,shè xiǎng,she4 xiang3,6,7375,v/vn,to imagine; to assume; to envisage; tentative plan; to have consideration for,,
设置,設置,shè zhì,she4 zhi4,6,3247,v/vn,to set up; to install,,
社区,社區,shè qū,she4 qu1,6,1886,n,community; neighborhood,,
涉及,涉及,shè jí,she4 ji2,6,3062,v/vn,to involve; to touch upon (a topic),,
摄取,攝取,shè qǔ,she4 qu3,6,20161,v/vn,to absorb (nutrients etc); to assimilate; intake; to take a photograph of (a scene),,
摄氏度,攝氏度,Shè shì dù,She4 shi4 du4,6,14594,q,°C (degrees Celsius),,
申报,申報,shēn bào,shen1 bao4,6,11184,v/vn,to report (to the authorities); to declare (to customs),,
呻吟,呻吟,shēn yín,shen1 yin2,6,12867,v/vn,to moan; to groan,,
绅士,紳士,shēn shì,shen1 shi4,6,8945,n,gentleman,,
深奥,深奧,shēn ào,shen1 ao4,6,21352,a,profound; abstruse; recondite; profoundly,,
深沉,深沉,shēn chén,shen1 chen2,6,14042,a/an,"deep; profound; (of a person) reserved; undemonstrative; (of a voice, sound etc) deep; low-pitched",,
深情厚谊,深情厚誼,shēn qíng hòu yì,shen1 qing2 hou4 yi4,6,70510,l,deep friendship,,
神奇,神奇,shén qí,shen2 qi2,6,3002,a/an,magical; mystical; miraculous,,
神气,神氣,shén qì,shen2 qi4,6,23813,a/n,expression; manner; vigorous; impressive; lofty; pretentious,,
神情,神情,shén qíng,shen2 qing2,6,10176,n,look; expression,,
神色,神色,shén sè,shen2 se4,6,18956,n,expression; look,,
神圣,神聖,shén shèng,shen2 sheng4,6,6133,a/ad,divine; hallow; holy; sacred,,
神态,神態,shén tài,shen2 tai4,6,22467,n,appearance; manner; bearing; deportment; look; expression; mien,,
神仙,神仙,shén xiān,shen2 xian1,6,11834,n,"Daoist immortal; supernatural entity; (in modern fiction) fairy, elf, leprechaun etc; fig. lighthearted person",,
审查,審查,shěn chá,shen3 cha2,6,5475,v/vn,to examine; to investigate; to censor out; censorship,,
审理,審理,shěn lǐ,shen3 li3,6,6423,v/vn,to hear (a case),,
审美,審美,shěn měi,shen3 mei3,6,19332,vn,esthetics; appreciating the arts; taste,,
审判,審判,shěn pàn,shen3 pan4,6,3741,vn/v,a trial; to try sb,,
渗透,滲透,shèn tòu,shen4 tou4,6,8262,v/vn,"(lit. and fig.) to permeate; to seep into; (of a product, idea etc) to penetrate (in a population); (of hostile forces) to infiltrate; (chemistry) osmosis",,
慎重,慎重,shèn zhòng,shen4 zhong4,6,9496,a/ad,cautious; careful; prudent,,
生存,生存,shēng cún,sheng1 cun2,6,2389,v/vn,to exist; to survive,,
生机,生機,shēng jī,sheng1 ji1,6,12377,n,opportunity to live; to reprieve from death; life force; vitality,,
生理,生理,shēng lǐ,sheng1 li3,6,5461,n,physiology,,
生疏,生疏,shēng shū,sheng1 shu1,6,23514,a,unfamiliar; strange; out of practice; not accustomed,,
生态,生態,shēng tài,sheng1 tai4,6,7354,n,ecology,,
生物,生物,shēng wù,sheng1 wu4,6,2117,n,organism; living creature; life form; biological,,个
生效,生效,shēng xiào,sheng1 xiao4,6,7791,v,to take effect; to go into effect,,
生锈,生銹,shēng xiù,sheng1 xiu4,6,21204,v,to rust; to grow rusty; to corrode; oxidization,,
生育,生育,shēng yù,sheng1 yu4,6,8140,vn/v,to bear; to give birth; to grow; to rear; to bring up (children); fertility,,
声明,聲明,shēng míng,sheng1 ming2,6,2813,n/v,to state; to declare; statement; declaration,,项/份
声势,聲勢,shēng shì,sheng1 shi4,6,23742,n,fame and power; prestige; influence; impetus; momentum,,
声誉,聲譽,shēng yù,sheng1 yu4,6,9988,n,reputation; fame,,
牲畜,牲畜,shēng chù,sheng1 chu4,6,14622,n,domesticated animals; livestock,,
省会,省會,shěng huì,sheng3 hui4,6,27605,n,provincial capital,,
胜负,勝負,shèng fù,sheng4 fu4,6,9326,n,victory or defeat; the outcome of a battle,,
盛,盛,chéng,cheng2,6,7003,v/a/ad/g,to hold; to contain; to ladle; to pick up with a utensil,,
盛产,盛產,shèng chǎn,sheng4 chan3,6,26534,v,to produce in abundance; to be rich in,,
盛开,盛開,shèng kāi,sheng4 kai1,6,15581,v,blooming; in full flower,,
盛情,盛情,shèng qíng,sheng4 qing2,6,27521,n/ad,great kindness; magnificent hospitality,,
盛行,盛行,shèng xíng,sheng4 xing2,6,16304,v,to be in vogue; to be popular; to be prevalent,,
尸体,屍體,shī tǐ,shi1 ti3,6,2483,n,dead body; corpse; carcass,,具
失误,失誤,shī wù,shi1 wu4,6,4614,vn/v,"lapse; mistake; to make a mistake; fault; service fault (in volleyball, tennis etc)",,
失踪,失蹤,shī zōng,shi1 zong1,6,3333,v/vn,to be missing; to disappear; unaccounted for,,
师范,師範,shī fàn,shi1 fan4,6,11688,,"teacher-training; pedagogical; normal (school, e.g. Beijing Normal University)",,
施加,施加,shī jiā,shi1 jia1,6,13190,v,to exert (effort or pressure),,
施展,施展,shī zhǎn,shi1 zhan3,6,10193,v,to use fully; to put to use,,
十足,十足,shí zú,shi2 zu2,6,5146,z/b,ample; complete; hundred percent; a pure shade (of some color),,
石油,石油,shí yóu,shi2 you2,6,2940,n,oil; petroleum,,
时差,時差,shí chā,shi2 cha1,6,15662,n,time difference; time lag; jet lag,,
时常,時常,shí cháng,shi2 chang2,6,7880,d,often; frequently,,
时而,時而,shí ér,shi2 er2,6,15579,d,occasionally; from time to time,,
时光,時光,shí guāng,shi2 guang1,6,2412,n,time; era; period of time,,
时机,時機,shí jī,shi2 ji1,6,3402,n,opportunity; opportune moment,,
时事,時事,shí shì,shi2 shi4,6,19360,n,current trends; the present situation; how things are going,,
时装,時裝,shí zhuāng,shi2 zhuang1,6,5049,n,fashion; fashionable clothes,,
实惠,實惠,shí huì,shi2 hui4,6,17421,an/a,tangible benefit; material advantages; cheap; economical; advantageous (deal); substantial (discount),,
实力,實力,shí lì,shi2 li4,6,2445,n,strength,,
实施,實施,shí shī,shi2 shi1,6,2584,v/vn,to implement; to carry out,,
实事求是,實事求是,shí shì qiú shì,shi2 shi4 qiu2 shi4,6,19818,v,lit. to seek truth from facts (idiom); fig. to be practical and realistic,,
实质,實質,shí zhì,shi2 zhi4,6,9217,n,substance; essence,,
使命,使命,shǐ mìng,shi3 ming4,6,5244,n,mission; long-term task to which one devotes oneself; a calling,,
世代,世代,shì dài,shi4 dai4,6,18618,n,for many generations; generation; era; age,,
世界观,世界觀,shì jiè guān,shi4 jie4 guan1,6,18701,n,worldview; world outlook; Weltanschauung,,
示范,示範,shì fàn,shi4 fan4,6,5614,vn/v,to demonstrate; to show how to do sth; demonstration; a model example,,
示威,示威,shì wēi,shi4 wei1,6,9675,vn/v,to demonstrate (as a protest); a demonstration; a military show of force,,
示意,示意,shì yì,shi4 yi4,6,13303,v,to hint; to indicate (an idea to sb),,
事故,事故,shì gù,shi4 gu4,6,1493,n,accident,,桩/起/次
事迹,事跡,shì jì,shi4 ji4,6,9158,n,deed; past achievement; important event of the past,,
事件,事件,shì jiàn,shi4 jian4,6,973,n,event; happening; incident,,个
事态,事態,shì tài,shi4 tai4,6,11196,n,situation; existing state of affairs,,
事务,事務,shì wù,shi4 wu4,6,4356,n,"(political, economic etc) affairs; work; transaction (as in a computer database)",,
事项,事項,shì xiàng,shi4 xiang4,6,9483,n,matter; item,,
事业,事業,shì yè,shi4 ye4,6,1326,n,"undertaking; project; activity; (charitable, political or revolutionary) cause; publicly funded institution, enterprise or foundation; career; occupation",,个
势必,勢必,shì bì,shi4 bi4,6,17695,d,to be bound to; undoubtedly will,,
势力,勢力,shì li,shi4 li5,6,5177,n,"power; influence; a force (military, political etc)",,
视力,視力,shì lì,shi4 li4,6,7305,n,vision; eyesight,,
视线,視線,shì xiàn,shi4 xian4,6,5877,n,line of sight,,
视野,視野,shì yě,shi4 ye3,6,7019,n,field of view; (fig.) outlook; perspective,,
试图,試圖,shì tú,shi4 tu2,6,2537,v,to attempt; to try,,
试验,試驗,shì yàn,shi4 yan4,6,2151,vn/v,experiment; test; to experiment; experimental,,次/个
是非,是非,shì fēi,shi4 fei1,6,6491,n,right and wrong; quarrel,,
适宜,適宜,shì yí,shi4 yi2,6,11095,v/a,suitable; appropriate,,
逝世,逝世,shì shì,shi4 shi4,6,14081,v,to pass away; to die,,
释放,釋放,shì fàng,shi4 fang4,6,2630,v/vn,to release; to set free; to liberate (a prisoner); to discharge,,
识别,識別,shí bié,shi2 bie2,6,5643,vn/v,to distinguish; to discern; to identify; to recognize,,
拾,拾,shí,shi2,6,7430,v/t,to pick up; to collate or arrange; ten (banker's anti-fraud numeral),,
收藏,收藏,shōu cáng,shou1 cang2,6,3669,v/vn,"to collect (works of art, dolls, antiques etc); to put away for safekeeping; (Internet) to bookmark; a collection",,
收缩,收縮,shōu suō,shou1 suo1,6,8334,v/vn,to pull back; to shrink; to contract; (physiology) systole,,
收益,收益,shōu yì,shou1 yi4,6,5339,n,earnings; profit,,
收音机,收音機,shōu yīn jī,shou1 yin1 ji1,6,9558,n,radio,,台
手法,手法,shǒu fǎ,shou3 fa3,6,4694,n,technique; trick; skill,,
手势,手勢,shǒu shì,shou3 shi4,6,9642,n,gesture; sign; signal,,
手艺,手藝,shǒu yì,shou3 yi4,6,12504,n,craftmanship; workmanship; handicraft; trade,,
守护,守護,shǒu hù,shou3 hu4,6,7007,v/vn,to guard; to protect,,
首要,首要,shǒu yào,shou3 yao4,6,6441,b,the most important; of chief importance,,
受罪,受罪,shòu zuì,shou4 zui4,6,18362,v/vn,to endure; to suffer; hardships; torments; a hard time; a nuisance,,
授予,授予,shòu yǔ,shou4 yu3,6,7275,v,to award; to confer,,
书法,書法,shū fǎ,shu1 fa3,6,15051,n,calligraphy; handwriting; penmanship,,
书籍,書籍,shū jí,shu1 ji2,6,9005,n,books; works,,
书记,書記,shū ji,shu1 ji5,6,14194,n,secretary (chief official of a branch of a socialist or communist party); clerk; scribe,,
书面,書面,shū miàn,shu1 mian4,6,6862,b/d/n,in writing; written,,
疏忽,疏忽,shū hu,shu1 hu5,6,12839,vn/v,to neglect; to overlook; negligence; carelessness,,
舒畅,舒暢,shū chàng,shu1 chang4,6,18978,a/an,happy; entirely free from worry,,
束,束,shù,shu4,6,6473,q/v,"to bind; bunch; bundle; classifier for bunches, bundles, beams of light etc; to control",,
束缚,束縛,shù fù,shu4 fu4,6,7564,v/vn,to bind; to restrict; to tie; to commit; fetters,,
树立,樹立,shù lì,shu4 li4,6,6735,v,to set up; to establish,,
竖,豎,shù,shu4,6,9191,v/n,to erect; vertical; vertical stroke (in Chinese characters),,
数,數,shǔ,shu3,6,852,m/n/v,to count; to count as; to regard as; to enumerate; to list,,
数额,數額,shù é,shu4 e2,6,10074,n,amount; sum of money; fixed number,,
数目,數目,shù mù,shu4 mu4,6,6683,n,amount; number,,
耍,耍,shuǎ,shua3,6,3070,v,"to play with; to wield; to act (cool etc); to display (a skill, one's temper etc)",,
衰老,衰老,shuāi lǎo,shuai1 lao3,6,9618,a/an,to age; to deteriorate with age; old and weak,,
衰退,衰退,shuāi tuì,shuai1 tui4,6,12859,v/vn,to decline; to fall; to drop; to falter; a decline; recession (in economics),,
涮,涮,shuàn,shuan4,6,15007,v,to rinse; to trick; to fool sb; to cook by dipping finely sliced ingredients briefly in boiling water or soup (generally done at the dining table),,
双胞胎,雙胞胎,shuāng bāo tāi,shuang1 bao1 tai1,6,8603,n,twin,,对
爽快,爽快,shuǎng kuai,shuang3 kuai5,6,16589,a,refreshed; rejuvenated; frank and straightforward,,
水利,水利,shuǐ lì,shui3 li4,6,18333,n,water conservancy; irrigation works,,
水龙头,水龍頭,shuǐ lóng tóu,shui3 long2 tou2,6,17310,n,faucet; tap,,
水泥,水泥,shuǐ ní,shui3 ni2,6,5785,n,cement,,袋
司法,司法,sī fǎ,si1 fa3,6,3845,n,judicial; (administration of) justice,,
司令,司令,sī lìng,si1 ling4,6,10296,n,commanding officer,,
私自,私自,sī zì,si1 zi4,6,13196,d,private; personal; secretly; without explicit approval,,
思念,思念,sī niàn,si1 nian4,6,6960,v/vn,to think of; to long for; to miss,,
思索,思索,sī suǒ,si1 suo3,6,13129,v/vn,to think deeply; to ponder,,
思维,思維,sī wéi,si1 wei2,6,3914,n,(line of) thought; thinking,,
思绪,思緒,sī xù,si1 xu4,6,11576,n,train of thought; emotional state; mood; feeling,,
斯文,斯文,sī wén,si1 wen2,6,19058,a,refined; educate; cultured; intellectual; polite; gentle,,
死亡,死亡,sǐ wáng,si3 wang2,6,956,v/vn,to die; death,,
四肢,四肢,sì zhī,si4 zhi1,6,10487,n,the four limbs of the body,,
饲养,飼養,sì yǎng,si4 yang3,6,12011,v/vn,to raise; to rear,,
肆无忌惮,肆無忌憚,sì wú jì dàn,si4 wu2 ji4 dan4,6,18846,v,absolutely unrestrained; unbridled; without the slightest scruple,,
耸,聳,sǒng,song3,6,15254,g,to excite; to raise up; to shrug; high; lofty; towering,,
搜索,搜索,sōu suǒ,sou1 suo3,6,3062,v/vn,to search (a place); to search (a database); to search for (sth),,
艘,艘,sōu,sou1,6,2548,q,classifier for ships; Taiwan pr. [sāo],,
苏醒,甦醒,sū xǐng,su1 xing3,6,11918,v/vn,to come to; to awaken; to regain consciousness,,
俗话,俗話,sú huà,su2 hua4,6,18314,n,common saying; proverb,,
素食,素食,sù shí,su4 shi2,6,15617,n,vegetarian food; to eat a vegetarian diet,,
素质,素質,sù zhì,su4 zhi4,6,6892,n,inner quality; basic essence,,
塑造,塑造,sù zào,su4 zao4,6,7539,v/vn,"to model; to mold; (fig.) to create (a character, a market, an image etc); (literature) to portray (in words)",,
诉讼,訴訟,sù sòng,su4 song4,6,3548,vn/v,lawsuit,,
算了,算了,suàn le,suan4 le5,6,3829,,let it be; let it pass; forget about it,,
算数,算數,suàn shù,suan4 shu4,6,15281,v,to count numbers; to keep to one's word; to hold (i.e. to remain valid); to count (i.e. to be important),,
随即,隨即,suí jí,sui2 ji2,6,12608,d,immediately; presently; following which,,
随身,隨身,suí shēn,sui2 shen1,6,6903,d/b,to (carry) on one's person; to (take) with one,,
随手,隨手,suí shǒu,sui2 shou3,6,12138,d,conveniently; without extra trouble; while doing it; in passing,,
随意,隨意,suí yì,sui2 yi4,6,3794,ad/a/an,as one wishes; according to one's wishes; at will; voluntary; conscious,,
岁月,歲月,suì yuè,sui4 yue4,6,6038,n,years; time,,
隧道,隧道,suì dào,sui4 dao4,6,5170,n,tunnel,,
损坏,損壞,sǔn huài,sun3 huai4,6,7169,v/vn,to damage; to injure,,
索赔,索賠,suǒ péi,suo3 pei2,6,12486,v/vn,to ask for compensation; to claim damages; claim for damages,,
索性,索性,suǒ xìng,suo3 xing4,6,18443,d,you might as well (do it); simply; just,,
塌,塌,tā,ta1,6,8276,v,to collapse; to droop; to settle down,,
踏实,踏實,tā shi,ta1 shi5,6,14592,a,firmly-based; steady; steadfast; to have peace of mind; free from anxiety; Taiwan pr. [tà shí],,
台风,臺風,tái fēng,tai2 feng1,6,8942,n,"stage presence, poise",,
太空,太空,tài kōng,tai4 kong1,6,3689,s,outer space,,
泰斗,泰斗,tài dǒu,tai4 dou3,6,47526,n,(abbr. for 斗) distinguished figure; doyen; revered authority,,
贪婪,貪婪,tān lán,tan1 lan2,6,9086,a/an,avaricious; greedy; rapacious; insatiable; avid,,
贪污,貪污,tān wū,tan1 wu1,6,10770,v/vn,to be corrupt; corruption; to embezzle,,
摊儿,攤兒,tān r,tan1 r5,6,1000000,,erhua variant of 摊; vendor's stand,,
瘫痪,癱瘓,tān huàn,tan1 huan4,6,8408,v/vn,"paralysis; be paralyzed (body, transportation, etc)",,
坦白,坦白,tǎn bái,tan3 bai2,6,7310,v/a,honest; forthcoming; to confess,,
叹气,嘆氣,tàn qì,tan4 qi4,6,17278,v,to sigh; to heave a sigh,,
探测,探測,tàn cè,tan4 ce4,6,8394,v/vn,to probe; to survey,,
探索,探索,tàn suǒ,tan4 suo3,6,4061,v/vn,to explore; to probe,,
探讨,探討,tàn tǎo,tan4 tao3,6,7107,v/vn,to investigate; to probe,,
探望,探望,tàn wàng,tan4 wang4,6,10583,v/vn,to visit; to call on sb; to look around,,
糖葫芦,糖葫蘆,táng hú lu,tang2 hu2 lu5,6,62842,n,sugar-coated Chinese hawthorn or other fruit on a bamboo skewer; tanghulu,,
倘若,倘若,tǎng ruò,tang3 ruo4,6,15613,c,if; supposing; in case,,
掏,掏,tāo,tao1,6,5068,v,to fish out (from pocket); to scoop,,
滔滔不绝,滔滔不絕,tāo tāo bù jué,tao1 tao1 bu4 jue2,6,19862,v,unceasing torrent (idiom); talking non-stop; gabbling forty to the dozen,,
陶瓷,陶瓷,táo cí,tao2 ci2,6,10494,n,pottery and porcelain; ceramics,,
淘气,淘氣,táo qì,tao2 qi4,6,14473,a,naughty; mischievous,,
淘汰,淘汰,táo tài,tao2 tai4,6,2620,v/vn,to wash out; (fig.) to cull; to weed out; to eliminate; to die out; to phase out,,
讨价还价,討價還價,tǎo jià huán jià,tao3 jia4 huan2 jia4,6,12869,v,to haggle over price; to bargain,,
特定,特定,tè dìng,te4 ding4,6,5385,b,special; specific; designated; particular,,
特色,特色,tè sè,te4 se4,6,4212,n,characteristic; distinguishing feature or quality,,
特长,特長,tè cháng,te4 chang2,6,10629,n,personal strength; one's special ability or strong points,,
提拔,提拔,tí bá,ti2 ba2,6,12631,v,to promote to a higher job; to select for promotion,,
提炼,提煉,tí liàn,ti2 lian4,6,16362,v/vn,"to extract (ore, minerals etc); to refine; to purify; to process",,
提示,提示,tí shì,ti2 shi4,6,3243,v/vn,to point out; to remind (sb of sth); to suggest; suggestion; tip; reminder; notice,,
提议,提議,tí yì,ti2 yi4,6,4891,n/v/vn,proposal; suggestion; to propose; to suggest,,
题材,題材,tí cái,ti2 cai2,6,8324,n,subject matter,,
体谅,體諒,tǐ liàng,ti3 liang4,6,12385,v,to empathize; to allow (for sth); to show understanding; to appreciate,,
体面,體面,tǐ miàn,ti3 mian4,6,13447,a/ad/an,dignity; prestige; face; honorable; creditable; (of sb's appearance) presentable; respectable,,
体系,體系,tǐ xì,ti3 xi4,6,4476,n,system; setup,,个
天才,天才,tiān cái,tian1 cai2,6,4429,n/nr,talent; gift; genius; talented; gifted,,
天伦之乐,天倫之樂,tiān lún zhī lè,tian1 lun2 zhi1 le4,6,36076,l,family love and joy; domestic bliss,,
天然气,天然氣,tiān rán qì,tian1 ran2 qi4,6,9485,n,natural gas,,
天生,天生,tiān shēng,tian1 sheng1,6,4564,d/b,nature; disposition; innate; natural,,
天堂,天堂,tiān táng,tian1 tang2,6,3183,n,paradise; heaven,,
天文,天文,tiān wén,tian1 wen2,6,18488,n,astronomy,,
田径,田徑,tián jìng,tian2 jing4,6,12862,n,track and field (athletics),,
舔,舔,tiǎn,tian3,6,7383,v,to lick; to lap,,
挑拨,挑撥,tiǎo bō,tiao3 bo1,6,27120,v,to incite disharmony; to instigate,,
挑剔,挑剔,tiāo ti,tiao1 ti5,6,10153,v/a/vn,picky; fussy,,
挑衅,挑釁,tiǎo xìn,tiao3 xin4,6,9812,v/vn,to provoke; provocation,,
条款,條款,tiáo kuǎn,tiao2 kuan3,6,5580,n,clause (of contract or law),,项
条理,條理,tiáo lǐ,tiao2 li3,6,22242,n,arrangement; order; tidiness,,
条约,條約,tiáo yuē,tiao2 yue1,6,7534,n,treaty; pact,,个
跳跃,跳躍,tiào yuè,tiao4 yue4,6,8646,v/vn,to jump; to leap; to bound; to skip,,
亭子,亭子,tíng zi,ting2 zi5,6,32764,n,pavilion,,
停顿,停頓,tíng dùn,ting2 dun4,6,13836,v/vn,to halt; to break off; pause (in speech),,
停泊,停泊,tíng bó,ting2 bo2,6,21647,v,to anchor; anchorage; mooring (of a ship),,
停滞,停滯,tíng zhì,ting2 zhi4,6,16362,v/vn,stagnation; at a standstill; bogged down,,
挺拔,挺拔,tǐng bá,ting3 ba2,6,28996,a,tall and straight,,
通货,通貨,tōng huò,tong1 huo4,6,53897,n,currency; (old) exchange of goods,,
通俗,通俗,tōng sú,tong1 su2,6,18163,a,common; everyday; average,,
通用,通用,tōng yòng,tong1 yong4,6,8338,nz/vn/v,"to use anywhere, anytime (card, ticket etc); to be used by everyone (language, textbook etc); (of two or more things) interchangeable",,
同胞,同胞,tóng bāo,tong2 bao1,6,6032,n,born of the same parents; sibling; fellow citizen; compatriot,,
同志,同志,tóng zhì,tong2 zhi4,6,1228,n,comrade; (slang) homosexual,,个
铜矿,銅礦,tóng kuàng,tong2 kuang4,6,35317,n,copper mine; copper ore,,
童话,童話,tóng huà,tong2 hua4,6,6278,n,children's fairy tales,,
统筹兼顾,統籌兼顧,tǒng chóu jiān gù,tong3 chou2 jian1 gu4,6,34565,,an overall plan taking into account all factors,,
统计,統計,tǒng jì,tong3 ji4,6,3473,v/vn,statistics; to count; to add up,,
统统,統統,tǒng tǒng,tong3 tong3,6,7958,d,totally,,
投机,投機,tóu jī,tou2 ji1,6,12302,vn/v/a,to speculate (on financial markets); opportunistic; congenial; agreeable,,
投降,投降,tóu xiáng,tou2 xiang2,6,5903,v/vn,to surrender; surrender,,
投票,投票,tóu piào,tou2 piao4,6,1089,v/vn,to vote; vote,,
投掷,投擲,tóu zhì,tou2 zhi4,6,18662,v,to throw sth a long distance; to hurl; to throw at; to throw (dice etc); to flip (a coin),,
秃,禿,tū,tu1,6,15174,a,bald; blunt,,
突破,突破,tū pò,tu1 po4,6,2698,v/vn,to break through; to make a breakthrough; to surmount (an obstacle); (sports) to break through the opponent's defense,,
图案,圖案,tú àn,tu2 an4,6,6241,n,design; pattern,,
徒弟,徒弟,tú dì,tu2 di4,6,11560,n,apprentice; disciple,,
途径,途徑,tú jìng,tu2 jing4,6,4471,n,way; means; channel,,
土壤,土壤,tǔ rǎng,tu3 rang3,6,9058,n,soil,,
涂抹,塗抹,tú mǒ,tu2 mo3,6,19465,v,to paint; to smear; to apply (makeup etc); to doodle; to erase; to obliterate,,
团结,團結,tuán jié,tuan2 jie2,6,3060,v/an/a,to unite; unity; solidarity; united,,
团体,團體,tuán tǐ,tuan2 ti3,6,3675,n,group; organization; team,,个
团圆,團圓,tuán yuán,tuan2 yuan2,6,16364,v/vn,to have a reunion,,
推测,推測,tuī cè,tui1 ce4,6,6954,v/vn,speculation; to conjecture; to surmise; to speculate,,
推翻,推翻,tuī fān,tui1 fan1,6,8789,v,to overthrow,,
推理,推理,tuī lǐ,tui1 li3,6,10227,vn/v,reasoning; inference; to infer; to deduce,,
推论,推論,tuī lùn,tui1 lun4,6,18566,v/vn,to infer; inference; corollary; reasoned conclusion,,
推销,推銷,tuī xiāo,tui1 xiao1,6,6567,v/vn,to market; to sell,,
吞咽,吞嚥,tūn yàn,tun1 yan4,6,24549,v,to swallow; to gulp,,
托运,托運,tuō yùn,tuo1 yun4,6,21871,v/vn,to consign (goods); to check through (baggage),,
拖延,拖延,tuō yán,tuo1 yan2,6,7732,v/vn,to delay; to put off; to procrastinate,,
脱离,脫離,tuō lí,tuo1 li2,6,4351,v,to separate oneself from; to break away from; diastasis (medicine); abscission; abjunction (botany),,
妥当,妥當,tuǒ dang,tuo3 dang5,6,14010,a,appropriate; proper; ready,,
妥善,妥善,tuǒ shàn,tuo3 shan4,6,11968,ad/a,appropriate; proper,,
妥协,妥協,tuǒ xié,tuo3 xie2,6,7090,v/vn,to compromise; to reach terms; a compromise,,
椭圆,橢圓,tuǒ yuán,tuo3 yuan2,6,26348,n,oval; ellipse; elliptic,,
唾沫,唾沫,tuò mo,tuo4 mo5,6,21892,n,spittle; saliva,,
挖掘,挖掘,wā jué,wa1 jue2,6,5490,v/vn,to excavate; to dig; to unearth,,
娃娃,娃娃,wá wa,wa2 wa5,6,4084,n,baby; small child; doll,,
瓦解,瓦解,wǎ jiě,wa3 jie3,6,15829,v/vn,to collapse; to disintegrate; to crumble; to disrupt; to break up,,
哇,哇,wā,wa1,6,762,y/o,Wow!; sound of a child's crying; sound of vomiting,,
歪曲,歪曲,wāi qū,wai1 qu1,6,15953,v/vn,to distort; to misrepresent,,
外表,外表,wài biǎo,wai4 biao3,6,5139,n,external; outside; outward appearance,,
外界,外界,wài jiè,wai4 jie4,6,5695,n,the outside world; external,,
外向,外向,wài xiàng,wai4 xiang4,6,32377,a/an,extroverted (personality); (economics etc) export-oriented,,
外行,外行,wài háng,wai4 hang2,6,18243,n/a,layman; amateur,,
丸,丸,wán,wan2,6,6699,g,ball; pellet; pill,,
完备,完備,wán bèi,wan2 bei4,6,21641,a/ad/v,faultless; complete; perfect; to leave nothing to be desired,,
完毕,完畢,wán bì,wan2 bi4,6,3434,v,to finish; to end; to complete,,
玩弄,玩弄,wán nòng,wan2 nong4,6,11043,v,to play with; to toy with; to dally with; to engage in; to resort to,,
玩意儿,玩意兒,wán yì r,wan2 yi4 r5,6,14169,,erhua variant of 玩意; toy; thing; trick,,
顽固,頑固,wán gù,wan2 gu4,6,11477,a/ad,stubborn; obstinate,,
顽强,頑強,wán qiáng,wan2 qiang2,6,9997,a/ad,tenacious; hard to defeat,,
挽回,挽回,wǎn huí,wan3 hui2,6,7524,v,to retrieve; to redeem,,
挽救,挽救,wǎn jiù,wan3 jiu4,6,6916,v/vn,to save; to remedy; to rescue,,
惋惜,惋惜,wǎn xī,wan3 xi1,6,15115,an/a,to regret; to feel that it is a great pity; to feel sorry for sb,,
万分,萬分,wàn fēn,wan4 fen1,6,7486,d,very much; extremely; one ten thousandth part,,
网络,網絡,wǎng luò,wang3 luo4,6,1462,n,"network (computing, telecommunications, transport etc)",,
往常,往常,wǎng cháng,wang3 chang2,6,9346,t,usual; customary,,
往事,往事,wǎng shì,wang3 shi4,6,7060,n,past events; former happenings,,
妄想,妄想,wàng xiǎng,wang4 xiang3,6,10019,v/vn,to attempt vainly; a vain attempt; delusion,,
危机,危機,wēi jī,wei1 ji1,6,2869,n,crisis,,个
威风,威風,wēi fēng,wei1 feng1,6,19000,a/an/n,might; awe-inspiring authority; impressive,,
威力,威力,wēi lì,wei1 li4,6,6981,n,might; formidable power,,
威望,威望,wēi wàng,wei1 wang4,6,23156,n,prestige,,
威信,威信,wēi xìn,wei1 xin4,6,18966,n,prestige; reputation; trust; credit with the people,,
微不足道,微不足道,wēi bù zú dào,wei1 bu4 zu2 dao4,6,14170,v,negligible; insignificant,,
微观,微觀,wēi guān,wei1 guan1,6,26198,n,micro-; subatomic,,
违背,違背,wéi bèi,wei2 bei4,6,6358,v,to go against; to be contrary to; to violate,,
唯独,唯獨,wéi dú,wei2 du2,6,17552,d,only; just (i.e. it is only that...); all except; unique,,
维持,維持,wéi chí,wei2 chi2,6,2514,v/vn,to keep; to maintain; to preserve,,
维生素,維生素,wéi shēng sù,wei2 sheng1 su4,6,7240,n,vitamin,,
维修,維修,wéi xiū,wei2 xiu1,6,4508,vn/v,maintenance (of equipment); to protect and maintain,,
伪造,偽造,wěi zào,wei3 zao4,6,6608,v/vn,to forge; to fake; to counterfeit,,
委员,委員,wěi yuán,wei3 yuan2,6,7019,n,committee member,,
卫星,衛星,wèi xīng,wei4 xing1,6,3342,n,satellite; moon,,颗
为难,為難,wéi nán,wei2 nan2,6,7920,v/a,to feel embarrassed or awkward; to make things difficult (for someone); to find things difficult (to do or manage),,
为期,為期,wéi qī,wei2 qi1,6,12047,v,(to be done) by (a certain date); lasting (a certain time),,
为首,為首,wéi shǒu,wei2 shou3,6,16331,v,head; be headed by,,
未免,未免,wèi miǎn,wei4 mian3,6,13291,d,unavoidably; can't help; really; rather,,
位于,位於,wèi yú,wei4 yu2,6,3108,v,to be located at; to be situated at; to lie,,
畏惧,畏懼,wèi jù,wei4 ju4,6,11358,v,to fear; to dread; foreboding,,
胃口,胃口,wèi kǒu,wei4 kou3,6,7324,n,appetite; liking,,
慰问,慰問,wèi wèn,wei4 wen4,6,13425,v/vn,"to express sympathy, greetings, consolation etc",,
温带,溫帶,wēn dài,wen1 dai4,6,52921,n,temperate zone,,
温和,溫和,wēn hé,wen1 he2,6,7438,a/nr,mild; gentle; moderate,,
文凭,文憑,wén píng,wen2 ping2,6,12620,n,diploma,,
文物,文物,wén wù,wen2 wu4,6,7733,n,cultural relic; historical relic,,件/个
文献,文獻,wén xiàn,wen2 xian4,6,11770,n,document,,
文雅,文雅,wén yǎ,wen2 ya3,6,23023,a,elegant; refined,,
文艺,文藝,wén yì,wen2 yi4,6,13887,n,literature and art,,
问世,問世,wèn shì,wen4 shi4,6,16765,v/vn,to be published; to come out,,
窝,窩,wō,wo1,6,4511,n/q/v,nest; pit or hollow on the human body; lair; den; place; to harbor or shelter; to hold in check; to bend; classifier for litters and broods,,
乌黑,烏黑,wū hēi,wu1 hei1,6,36237,z,jet-black; dark,,
污蔑,污衊,wū miè,wu1 mie4,6,25744,v,to slander; to smear; to tarnish,,
诬陷,誣陷,wū xiàn,wu1 xian4,6,20844,v/vn,to entrap; to frame; to plant false evidence against sb,,
无比,無比,wú bǐ,wu2 bi3,6,3895,z,incomparable; matchless,,
无偿,無償,wú cháng,wu2 chang2,6,13741,d/b,free; no charge; at no cost,,
无耻,無恥,wú chǐ,wu2 chi3,6,7732,a/an,without any sense of shame; unembarrassed; shameless,,
无从,無從,wú cóng,wu2 cong2,6,11867,d,not to have access; beyond one's authority or capability; sth one has no way of doing,,
无动于衷,無動於衷,wú dòng yú zhōng,wu2 dong4 yu2 zhong1,6,16560,v,aloof; indifferent; unconcerned,,
无非,無非,wú fēi,wu2 fei1,6,12628,d,only; nothing else,,
无精打采,無精打采,wú jīng dǎ cǎi,wu2 jing1 da3 cai3,6,26282,v,dispirited and downcast (idiom); listless; in low spirits; washed out,,
无可奉告,無可奉告,wú kě fèng gào,wu2 ke3 feng4 gao4,6,31077,v,"(idiom) ""no comment""",,
无可奈何,無可奈何,wú kě nài hé,wu2 ke3 nai4 he2,6,19845,v,have no way out; have no alternative; abbr. to 无奈,,
无赖,無賴,wú lài,wu2 lai4,6,13694,n/an,hoodlum; rascal; rogue; rascally; scoundrelly,,
无理取闹,無理取鬧,wú lǐ qǔ nào,wu2 li3 qu3 nao4,6,17505,v,to make trouble without reason (idiom); to be deliberately provocative,,
无能为力,無能為力,wú néng wéi lì,wu2 neng2 wei2 li4,6,8626,v,impotent (idiom); powerless; helpless,,
无穷无尽,無窮無盡,wú qióng wú jìn,wu2 qiong2 wu2 jin4,6,26310,v,endless; boundless; infinite,,
无微不至,無微不至,wú wēi bù zhì,wu2 wei1 bu4 zhi4,6,25869,l,in every possible way (idiom); meticulous,,
无忧无虑,無憂無慮,wú yōu wú lǜ,wu2 you1 wu2 lü4,6,19001,v,carefree and without worries (idiom),,
无知,無知,wú zhī,wu2 zhi1,6,7484,a/an,ignorant; ignorance,,
武侠,武俠,wǔ xiá,wu3 xia2,6,49963,n,"martial arts chivalry (Chinese literary, theatrical and cinema genre); knight-errant",,
武装,武裝,wǔ zhuāng,wu3 zhuang1,6,3152,n/vn/v,arms; equipment; to arm; military; armed (forces),,
侮辱,侮辱,wǔ rǔ,wu3 ru3,6,6712,v/vn,to insult; to humiliate; dishonor,,
舞蹈,舞蹈,wǔ dǎo,wu3 dao3,6,2684,n,dance (performance art); dancing,,
勿,勿,wù,wu4,6,6999,d,do not,,
物美价廉,物美價廉,wù měi jià lián,wu4 mei3 jia4 lian2,6,29995,v,good quality and cheap; a bargain,,
物资,物資,wù zī,wu4 zi1,6,9165,n,goods; supplies,,
误差,誤差,wù chā,wu4 cha1,6,15847,n,difference; error; inaccuracy,,
误解,誤解,wù jiě,wu4 jie3,6,6851,v/n/vn,to misunderstand; misunderstanding,,
务必,務必,wù bì,wu4 bi4,6,10677,d,must; to need to; to be sure to,,
务实,務實,wù shí,wu4 shi2,6,20393,v/vn,pragmatic; dealing with concrete issues,,
夕阳,夕陽,xī yáng,xi1 yang2,6,13510,n,sunset; the setting sun,,
吸取,吸取,xī qǔ,xi1 qu3,6,7936,v,"to absorb; to draw (a lesson, insight etc); to assimilate",,
昔日,昔日,xī rì,xi1 ri4,6,14974,t,former days; in the past,,
牺牲,犧牲,xī shēng,xi1 sheng1,6,3100,v/vn,to sacrifice one's life; to sacrifice (sth valued); beast slaughtered as a sacrifice,,
溪,溪,xī,xi1,6,7590,g/n,creek; rivulet,,
熄灭,熄滅,xī miè,xi1 mie4,6,13334,v/vn,to stop burning; to go out (of fire); to die out; extinguished,,
膝盖,膝蓋,xī gài,xi1 gai4,6,5803,n,knee; (Internet slang) to kneel down (in admiration),,
习俗,習俗,xí sú,xi2 su2,6,10748,n,custom; tradition; local tradition; convention,,
袭击,襲擊,xí jī,xi2 ji1,6,1984,v/vn,attack (esp. surprise attack); raid; to attack,,
媳妇,媳婦,xí fù,xi2 fu4,6,13013,n,daughter-in-law; wife (of a younger man); young married woman; young woman,,
喜闻乐见,喜聞樂見,xǐ wén lè jiàn,xi3 wen2 le4 jian4,6,43166,l,to love to hear and see (idiom); well received; to one's liking,,
喜悦,喜悅,xǐ yuè,xi3 yue4,6,7848,an/a,happy; joyous,,
系列,系列,xì liè,xi4 lie4,6,2176,q/n,series; set,,
细胞,細胞,xì bāo,xi4 bao1,6,2532,n,cell (biology),,
细菌,細菌,xì jūn,xi4 jun1,6,5314,n,bacterium; germ,,
细致,細緻,xì zhì,xi4 zhi4,6,11083,a,delicate; fine; careful; meticulous; painstaking,,
峡谷,峽谷,xiá gǔ,xia2 gu3,6,10789,n,canyon; gill; ravine,,
狭隘,狹隘,xiá ài,xia2 ai4,6,17946,a,narrow; tight; narrow minded; lacking in experience,,
狭窄,狹窄,xiá zhǎi,xia2 zhai3,6,10765,a,narrow,,
霞,霞,xiá,xia2,6,21021,g/n,rose-tinted sky or clouds at sunrise or sunset,,
下属,下屬,xià shǔ,xia4 shu3,6,7832,v/vn/n,subordinate; underling,,
夏令营,夏令營,xià lìng yíng,xia4 ling4 ying2,6,13625,n,summer camp,,
先进,先進,xiān jìn,xian1 jin4,6,3190,a/n,advanced (technology); to advance,,
先前,先前,xiān qián,xian1 qian2,6,7581,t,before; previously,,
纤维,纖維,xiān wéi,xian1 wei2,6,4880,n,fiber,,种
掀起,掀起,xiān qǐ,xian1 qi3,6,8186,v,"to lift; to raise (a lid etc); (of a storm) to surge; to stir up (waves etc); (fig.) to trigger; set off (a wave of popularity, a controversy etc)",,
鲜明,鮮明,xiān míng,xian1 ming2,6,10344,a,bright; clear-cut; distinct,,
闲话,閒話,xián huà,xian2 hua4,6,21656,n/v,casual conversation; chat; gossip; to talk about (whatever comes to mind),,
弦,弦,xián,xian2,6,8692,n,bow string; string of musical instrument; watchspring; chord (segment of curve); hypotenuse,,根
贤惠,賢惠,xián huì,xian2 hui4,6,28468,a,variant of 贤慧,,
衔接,銜接,xián jiē,xian2 jie1,6,19609,v/vn,to link up; to connect; to join,,
嫌,嫌,xián,xian2,6,5973,v/g,"to dislike; suspicion; resentment; enmity; abbr. for 犯, criminal suspect",,
嫌疑,嫌疑,xián yí,xian2 yi2,6,7043,n,suspicion; to have suspicions,,
显著,顯著,xiǎn zhù,xian3 zhu4,6,1981,,outstanding; notable; remarkable; statistically significant,,
现场,現場,xiàn chǎng,xian4 chang3,6,627,s,"the scene (of a crime, accident etc); (on) the spot; (at) the site",,
现成,現成,xiàn chéng,xian4 cheng2,6,16759,b,ready-made; readily available,,
现状,現狀,xiàn zhuàng,xian4 zhuang4,6,5540,n,current situation,,
线索,線索,xiàn suǒ,xian4 suo3,6,2891,n,trail; clues; thread (of a story),,
宪法,憲法,xiàn fǎ,xian4 fa3,6,5123,n,constitution (of a country),,部
陷害,陷害,xiàn hài,xian4 hai4,6,12379,v/vn,to entrap; to set up; to frame (up); to make false charges against,,
陷入,陷入,xiàn rù,xian4 ru4,6,3109,v,to sink into; to get caught up in; to land in (a predicament),,
馅儿,餡兒,xiàn r,xian4 r5,6,52762,n,erhua variant of 馅; (of food) filling; stuffing,,
乡镇,鄉鎮,xiāng zhèn,xiang1 zhen4,6,21128,n,village; township,,
相差,相差,xiāng chà,xiang1 cha4,6,11680,v,to differ; discrepancy between,,
相等,相等,xiāng děng,xiang1 deng3,6,20539,v,equal; equally; equivalent,,
相辅相成,相輔相成,xiāng fǔ xiāng chéng,xiang1 fu3 xiang1 cheng2,6,39443,v,to complement one another (idiom),,
相应,相應,xiāng yìng,xiang1 ying4,6,6310,v/vn,to correspond; answering (one another); to agree (among the part); corresponding; relevant; appropriate; (modify) accordingly,,
镶嵌,鑲嵌,xiāng qiàn,xiang1 qian4,6,19000,v,to inlay; to embed; to set (e.g. a jewel in a ring); tiling; tesselation,,
响亮,響亮,xiǎng liàng,xiang3 liang4,6,15207,a/ad,loud and clear; resounding,,
响应,響應,xiǎng yìng,xiang3 ying4,6,10032,v/vn,to respond to; answer,,个
想方设法,想方設法,xiǎng fāng shè fǎ,xiang3 fang1 she4 fa3,6,12483,l,"to think up every possible method (idiom); to devise ways and means; to try this, that and the other",,
向导,嚮導,xiàng dǎo,xiang4 dao3,6,15744,n,guide,,
向来,向來,xiàng lái,xiang4 lai2,6,12301,d,always (previously),,
向往,嚮往,xiàng wǎng,xiang4 wang3,6,8559,v/vn,to yearn for; to look forward to,,
巷,巷,xiàng,xiang4,6,9123,g,lane; alley,,
消除,消除,xiāo chú,xiao1 chu2,6,3789,v,to eliminate; to remove,,
消毒,消毒,xiāo dú,xiao1 du2,6,7069,v/vn,to disinfect; to sterilize,,
消防,消防,xiāo fáng,xiao1 fang2,6,3685,b,firefighting; fire control,,
消耗,消耗,xiāo hào,xiao1 hao4,6,6744,v/vn,to use up; to consume,,
消极,消極,xiāo jí,xiao1 ji2,6,7959,a/ad,negative; passive; inactive,,
销毁,銷毀,xiāo huǐ,xiao1 hui3,6,9028,v/vn,to destroy (by melting or burning); to obliterate,,
小心翼翼,小心翼翼,xiǎo xīn yì yì,xiao3 xin1 yi4 yi4,6,11125,l,cautious and solemn (idiom); very carefully; prudent; gently and cautiously,,
肖像,肖像,xiào xiàng,xiao4 xiang4,6,16725,n,"portrait (painting, photo etc); (in a general sense) representation of a person; likeness",,
效益,效益,xiào yì,xiao4 yi4,6,16352,n,benefit; effectiveness; efficiency,,
协会,協會,xié huì,xie2 hui4,6,2517,n,an association; a society,,个/家
协商,協商,xié shāng,xie2 shang1,6,7011,v/vn,to consult with; to talk things over; agreement,,
协议,協議,xié yì,xie2 yi4,6,1554,n/v,agreement; pact; protocol,,项
协助,協助,xié zhù,xie2 zhu4,6,3724,v/vn,to provide assistance; to aid,,
携带,攜帶,xié dài,xie2 dai4,6,4738,v,to carry (on one's person); to support (old); Taiwan pr. [xī dài],,
写作,寫作,xiě zuò,xie3 zuo4,6,5219,v/vn,to write; to compose; writing; written works,,
泄露,泄露,xiè lù,xie4 lu4,6,7731,v,to leak (information); to divulge; also pr. [xiè lòu],,
泄气,洩氣,xiè qì,xie4 qi4,6,22620,v/vn,to leak (gas); to be discouraged; to despair; (disparaging) pathetic; to vent one's anger; (of a tire) to be flat,,
屑,屑,xiè,xie4,6,10193,g/n,bits; fragments; crumbs; filings; trifling; trivial; to condescend to,,
谢绝,謝絕,xiè jué,xie4 jue2,6,24810,v,to refuse politely,,
心得,心得,xīn dé,xin1 de2,6,14908,n,"what one has learned (through experience, reading etc); knowledge; insight; understanding; tips",,项/个
心灵,心靈,xīn líng,xin1 ling2,6,3168,n,bright; smart; quick-witted; heart; thoughts; spirit,,
心态,心態,xīn tài,xin1 tai4,6,6962,n,attitude (of the heart); state of one's psyche; way of thinking; mentality,,
心疼,心疼,xīn téng,xin1 teng2,6,14175,v,to love dearly; to feel sorry for sb; to regret; to grudge; to be distressed,,
心血,心血,xīn xuè,xin1 xue4,6,10451,n,heart's blood; expenditure (for some project); meticulous care,,
心眼儿,心眼兒,xīn yǎn r,xin1 yan3 r5,6,55439,,one's thoughts; mind; intention; willingness to accept new ideas; baseless suspicions,,
辛勤,辛勤,xīn qín,xin1 qin2,6,11878,a/ad,hardworking; industrious,,
欣慰,欣慰,xīn wèi,xin1 wei4,6,8454,a/an,to be gratified,,
欣欣向荣,欣欣向榮,xīn xīn xiàng róng,xin1 xin1 xiang4 rong2,6,32921,v,(idiom) flourishing; thriving,,
新陈代谢,新陳代謝,xīn chén dài xiè,xin1 chen2 dai4 xie4,6,16136,v,metabolism (biology); the new replaces the old (idiom),,
新郎,新郎,xīn láng,xin1 lang2,6,8652,n,bridegroom; groom,,
新娘,新娘,xīn niáng,xin1 niang2,6,4498,n,bride,,
新颖,新穎,xīn yǐng,xin1 ying3,6,15260,a,lit. new bud; fig. new and original,,
薪水,薪水,xīn shuǐ,xin1 shui3,6,7554,n,salary; wage,,
信赖,信賴,xìn lài,xin4 lai4,6,8119,v/vn,to trust; to have confidence in; to have faith in; to rely on,,
信念,信念,xìn niàn,xin4 nian4,6,5379,n,faith; belief; conviction,,
信仰,信仰,xìn yǎng,xin4 yang3,6,3912,vn/n/v,to believe in (a religion); firm belief; conviction,,
信誉,信譽,xìn yù,xin4 yu4,6,10182,n,prestige; distinction; reputation; trust,,
腥,腥,xīng,xing1,6,15338,a,fishy (smell),,
刑事,刑事,xíng shì,xing2 shi4,6,5397,b/n,criminal; penal,,
行列,行列,háng liè,hang2 lie4,6,8922,n,"formation; array; (fig.) ranks (as in ""join the ranks of ..."")",,
行政,行政,xíng zhèng,xing2 zheng4,6,3843,n,administration; (attributive) administrative; executive,,
形态,形態,xíng tài,xing2 tai4,6,8215,n,shape; form; pattern; morphology,,
兴高采烈,興高采烈,xìng gāo cǎi liè,xing4 gao1 cai3 lie4,6,21103,l,happy and excited (idiom); in high spirits; in great delight,,
兴隆,興隆,xīng lóng,xing1 long2,6,26149,a/an,prosperous; thriving; flourishing,,
兴旺,興旺,xīng wàng,xing1 wang4,6,21132,a/an,prosperous; thriving; to prosper; to flourish,,
兴致勃勃,興致勃勃,xìng zhì bó bó,xing4 zhi4 bo2 bo2,6,26094,l,to become exhilarated (idiom); in high spirits; full of zest,,
幸好,幸好,xìng hǎo,xing4 hao3,6,5735,d,fortunately,,
性感,性感,xìng gǎn,xing4 gan3,6,2157,a/n,sex appeal; eroticism; sexuality; sexy,,
性命,性命,xìng mìng,xing4 ming4,6,6391,n,life,,
性能,性能,xìng néng,xing4 neng2,6,8457,n,function; performance; behavior,,
性情,性情,xìng qíng,xing4 qing2,6,13762,n,nature; temperament,,
凶恶,兇惡,xiōng è,xiong1 e4,6,21192,a,fierce; ferocious; fiendish; frightening,,
凶手,兇手,xiōng shǒu,xiong1 shou3,6,5045,n,murderer; assassin,,
胸怀,胸懷,xiōng huái,xiong1 huai2,6,17578,n/v,one's bosom (the seat of emotions); breast; broad-minded and open; to think about; to cherish,,
胸膛,胸膛,xiōng táng,xiong1 tang2,6,14528,n,chest,,
雄厚,雄厚,xióng hòu,xiong2 hou4,6,19383,a,substantial; robust; ample; abundant,,
休养,休養,xiū yǎng,xiu1 yang3,6,18052,v/vn,to recuperate; to recover; to convalesce,,
修复,修復,xiū fù,xiu1 fu4,6,4833,v/vn,to restore; to renovate; (computing) to repair (a corrupted file etc),,
修建,修建,xiū jiàn,xiu1 jian4,6,8670,v/vn,to build; to construct,,
修理,修理,xiū lǐ,xiu1 li3,6,5879,v/vn,to repair; to fix; to prune; to trim; (coll.) to sort sb out; to fix sb,,
羞耻,羞恥,xiū chǐ,xiu1 chi3,6,16207,n,(a feeling of) shame,,
绣,繡,xiù,xiu4,6,12463,v,to embroider; embroidery,,
嗅觉,嗅覺,xiù jué,xiu4 jue2,6,15998,n,sense of smell,,
须知,須知,xū zhī,xu1 zhi1,6,30839,n/v,key information; instructions; it must be borne in mind,,
虚假,虛假,xū jiǎ,xu1 jia3,6,7341,a/ad,false; phony; pretense,,
虚荣,虛榮,xū róng,xu1 rong2,6,18427,a/an,vanity,,
虚伪,虛偽,xū wěi,xu1 wei3,6,8706,a/an,false; hypocritical; artificial; sham,,
需求,需求,xū qiú,xu1 qiu2,6,3122,n,requirement; to require; (economics) demand,,
许可,許可,xǔ kě,xu3 ke3,6,4795,vn/v,to allow; to permit,,
序言,序言,xù yán,xu4 yan2,6,36371,n,preface; introductory remarks; preamble; prelude,,
酗酒,酗酒,xù jiǔ,xu4 jiu3,6,13274,v/vn,heavy drinking; to get drunk; to drink to excess,,
宣誓,宣誓,xuān shì,xuan1 shi4,6,10963,v/vn,to swear an oath (of office); to make a vow,,
宣扬,宣揚,xuān yáng,xuan1 yang2,6,11582,v,to publicize; to advertise; to spread far and wide,,
悬挂,懸掛,xuán guà,xuan2 gua4,6,14021,v,to suspend; to hang; (vehicle) suspension,,
悬念,懸念,xuán niàn,xuan2 nian4,6,11315,n/v,"suspense in a movie, play etc; concern for sb's welfare",,
悬崖峭壁,懸崖峭壁,xuán yá qiào bì,xuan2 ya2 qiao4 bi4,6,48736,l,sheer cliffs and precipitous rock faces (idiom),,
旋律,旋律,xuán lǜ,xuan2 lü4,6,8207,n,melody,,
旋转,旋轉,xuán zhuǎn,xuan2 zhuan3,6,5279,v/vn,to rotate; to revolve; to spin; to whirl,,
选拔,選拔,xuǎn bá,xuan3 ba2,6,7832,v/vn,to select the best,,
选手,選手,xuǎn shǒu,xuan3 shou3,6,1025,n,athlete; contestant,,
削弱,削弱,xuē ruò,xue1 ruo4,6,11259,v,to weaken; to impair; to cripple,,
学历,學歷,xué lì,xue2 li4,6,9089,n,educational background; academic qualifications,,
学说,學說,xué shuō,xue2 shuo1,6,17578,n,theory; doctrine,,
学位,學位,xué wèi,xue2 wei4,6,6034,n,academic degree; place in school,,
雪上加霜,雪上加霜,xuě shàng jiā shuāng,xue3 shang4 jia1 shuang1,6,19891,v,(idiom) to make matters even worse; to add insult to injury,,
血压,血壓,xuè yā,xue4 ya1,6,5637,n,blood pressure,,
熏陶,薰陶,xūn táo,xun1 tao2,6,25457,vn/v,to seep in; to influence; to nurture; influence; training,,
寻觅,尋覓,xún mì,xun2 mi4,6,14135,v,to look for,,
巡逻,巡邏,xún luó,xun2 luo2,6,5903,v/vn,"to patrol (police, army or navy)",,
循环,循環,xún huán,xun2 huan2,6,4192,vn/v,to cycle; to circulate; circle; loop,,
循序渐进,循序漸進,xún xù jiàn jìn,xun2 xu4 jian4 jin4,6,25628,v,"in sequence, step by step (idiom); to make steady progress incrementally",,
压迫,壓迫,yā pò,ya1 po4,6,7597,vn/v,to oppress; to repress; to constrict; oppression; stress (physics),,
压岁钱,壓歲錢,yā suì qián,ya1 sui4 qian2,6,30823,n,money given to children as a gift on Chinese New Year's Eve,,
压缩,壓縮,yā suō,ya1 suo1,6,11394,v/vn,to compress; compression,,
压抑,壓抑,yā yì,ya1 yi4,6,6607,v/a/an/vn,to constrain or repress emotions; oppressive; stifling; depressing; repression,,
压榨,壓榨,yā zhà,ya1 zha4,6,20212,v/vn,"to press; to squeeze; to extract juice, oil etc by squeezing",,
压制,壓制,yā zhì,ya1 zhi4,6,8746,,to suppress; to inhibit; to stifle,,
押金,押金,yā jīn,ya1 jin1,6,17113,n,deposit; down payment,,
亚军,亞軍,yà jūn,ya4 jun1,6,11554,n,second place (in a sports contest); runner-up,,
烟花,煙花,yān huā,yan1 hua1,6,7136,n,fireworks; prostitute (esp. in Yuan theater),,
淹没,淹沒,yān mò,yan1 mo4,6,10092,v,to submerge; to drown; to flood; to drown out (also fig.),,
延期,延期,yán qī,yan2 qi1,6,10510,v/vn,to delay; to extend; to postpone; to defer,,
延伸,延伸,yán shēn,yan2 shen1,6,7357,v/vn,to extend; to spread,,
延续,延續,yán xù,yan2 xu4,6,6017,v/vn,to continue; to go on; to last,,
严寒,嚴寒,yán hán,yan2 han2,6,21390,an/a,bitter cold; severe winter,,
严禁,嚴禁,yán jìn,yan2 jin4,6,12452,v,to strictly prohibit,,
严峻,嚴峻,yán jùn,yan2 jun4,6,9120,a,grim; severe; rigorous,,
严厉,嚴厲,yán lì,yan2 li4,6,5614,a/ad,severe; strict,,
严密,嚴密,yán mì,yan2 mi4,6,8320,a/ad,"strict; tight (organization, surveillance etc)",,
言论,言論,yán lùn,yan2 lun4,6,6492,n,expression of opinion; views; remarks; arguments,,
岩石,岩石,yán shí,yan2 shi2,6,7234,n,rock,,
沿海,沿海,yán hǎi,yan2 hai3,6,25696,f,coastal,,
炎热,炎熱,yán rè,yan2 re4,6,14826,a,blistering hot; sizzling hot (weather),,
掩盖,掩蓋,yǎn gài,yan3 gai4,6,6257,v/vn,to conceal; to hide behind; to cover up,,
掩护,掩護,yǎn hù,yan3 hu4,6,7317,v/vn,to screen; to shield; to cover; protection; cover,,面
掩饰,掩飾,yǎn shì,yan3 shi4,6,6255,v/vn,to cover up; to conceal; to mask; to gloss over,,
眼光,眼光,yǎn guāng,yan3 guang1,6,5024,n,gaze; insight; foresight; vision; way of looking at things,,
眼色,眼色,yǎn sè,yan3 se4,6,20729,n,signal made with one's eyes; meaningful glance,,
眼神,眼神,yǎn shén,yan3 shen2,6,2911,n,expression or emotion showing in one's eyes; meaningful glance; wink; eyesight (dialect),,
眼下,眼下,yǎn xià,yan3 xia4,6,6919,t,now; at present; subocular (medicine),,
演变,演變,yǎn biàn,yan3 bian4,6,9829,v/vn,to develop; to evolve; development; evolution,,
演讲,演講,yǎn jiǎng,yan3 jiang3,6,3526,vn/v,lecture; to make a speech,,
演习,演習,yǎn xí,yan3 xi2,6,6261,vn/v,maneuver; exercise; practice; to maneuver,,
演绎,演繹,yǎn yì,yan3 yi4,6,5431,v/vn,(of a story etc) to unfold; to play out; to develop (a technique etc); to enact; (logic) to deduce; to infer,,
演奏,演奏,yǎn zòu,yan3 zou4,6,6261,v/vn,to perform on a musical instrument,,
厌恶,厭惡,yàn wù,yan4 wu4,6,7894,v/vn,to loathe; to hate; disgusted with sth,,
验收,驗收,yàn shōu,yan4 shou1,6,18985,v/vn,to inspect and accept; acceptance,,
验证,驗證,yàn zhèng,yan4 zheng4,6,7174,v/vn,to inspect and verify; experimental verification; to validate (a theory); to authenticate,,
氧气,氧氣,yǎng qì,yang3 qi4,6,8778,n,oxygen,,
样品,樣品,yàng pǐn,yang4 pin3,6,7037,n,sample; specimen,,
谣言,謠言,yáo yán,yao2 yan2,6,8381,n,rumor,,
摇摆,搖擺,yáo bǎi,yao2 bai3,6,12557,v/vn,to sway; to wobble; to waver,,
摇滚,搖滾,yáo gǔn,yao2 gun3,6,5660,n/v,rock 'n' roll (music); to rock; to fall off,,
摇晃,搖晃,yáo huàng,yao2 huang4,6,13559,v,to rock; to shake; to sway,,
遥控,遙控,yáo kòng,yao2 kong4,6,11466,vn/v,to direct operations from a remote location; to remotely control,,
遥远,遙遠,yáo yuǎn,yao2 yuan3,6,6127,a,distant; remote,,
咬牙切齿,咬牙切齒,yǎo yá qiè chǐ,yao3 ya2 qie4 chi3,6,26671,l,(idiom) to gnash one's teeth; to fume with rage,,
要不然,要不然,yào bù rán,yao4 bu4 ran2,6,7865,c,otherwise; or else; or,,
要点,要點,yào diǎn,yao4 dian3,6,9297,n,main point; essential,,
要命,要命,yào mìng,yao4 ming4,6,7960,v/a,to cause sb's death; extremely; terribly; (used in complaining about sth) to be a nuisance,,
要素,要素,yào sù,yao4 su4,6,10026,n,essential factor; key constituent,,
耀眼,耀眼,yào yǎn,yao4 yan3,6,9264,a,to dazzle; dazzling,,
野蛮,野蠻,yě mán,ye3 man2,6,8048,a/an,barbarous; uncivilized,,
野心,野心,yě xīn,ye3 xin1,6,10351,n,ambition; wild schemes; careerism,,
一度,一度,yī dù,yi1 du4,6,8225,d,for a time; at one time; one time; once,,
一帆风顺,一帆風順,yī fān fēng shùn,yi1 fan1 feng1 shun4,6,17562,v,propitious wind throughout the journey (idiom); plain sailing; to go smoothly; have a nice trip!,,
一贯,一貫,yī guàn,yi1 guan4,6,7299,d/b,consistent; constant; from start to finish; all along; persistent,,
一举两得,一舉兩得,yī jǔ liǎng dé,yi1 ju3 liang3 de2,6,30782,v,"one move, two gains (idiom); two birds with one stone",,
一流,一流,yī liú,yi1 liu2,6,5035,b,top quality; front ranking,,
一律,一律,yī lǜ,yi1 lü4,6,13897,d,same; uniformly; all; without exception,,
一目了然,一目了然,yī mù liǎo rán,yi1 mu4 liao3 ran2,6,18968,v,obvious at a glance (idiom),,
一如既往,一如既往,yī rú jì wǎng,yi1 ru2 ji4 wang3,6,9416,v,just as in the past (idiom); as before; continuing as always,,
一丝不苟,一絲不苟,yī sī bù gǒu,yi1 si1 bu4 gou3,6,21385,v,not one thread loose (idiom); strictly according to the rules; meticulous; not one hair out of place,,
一向,一向,yī xiàng,yi1 xiang4,6,4429,d,always (previously); a period of time in the recent past,,
一再,一再,yī zài,yi1 zai4,6,10127,d,repeatedly,,
衣裳,衣裳,yī shang,yi1 shang5,6,24542,n,(coll.) clothes,,
依次,依次,yī cì,yi1 ci4,6,13888,d,in order; in succession,,
依旧,依舊,yī jiù,yi1 jiu4,6,4631,z/d,as before; still,,
依据,依據,yī jù,yi1 ju4,6,4533,n/p/v,according to; basis; foundation,,
依靠,依靠,yī kào,yi1 kao4,6,2967,v/vn,to rely on sth (for support etc); to depend on,,
依赖,依賴,yī lài,yi1 lai4,6,4839,v/vn,to depend on; to be dependent on,,
依托,依託,yī tuō,yi1 tuo1,6,20466,v/vn,to rely on; to depend on; support,,
仪器,儀器,yí qì,yi2 qi4,6,5598,n,instrument; apparatus,,台
仪式,儀式,yí shì,yi2 shi4,6,2371,n,ceremony,,
遗产,遺產,yí chǎn,yi2 chan3,6,5210,n,heritage; legacy; inheritance; bequest,,笔
遗传,遺傳,yí chuán,yi2 chuan2,6,5637,vn/v,heredity; to inherit (a trait); to pass on (to one's offspring),,
遗留,遺留,yí liú,yi2 liu2,6,11284,v/vn,to leave behind; to hand down,,
遗失,遺失,yí shī,yi2 shi1,6,10473,v/vn,to lose; to leave behind (inadvertently),,
疑惑,疑惑,yí huò,yi2 huo4,6,7683,v/vn,to doubt; to distrust; unconvincing; to puzzle over; misgivings; suspicions,,
以便,以便,yǐ biàn,yi3 bian4,6,4799,d/c,so that; so as to; in order to,,
以免,以免,yǐ miǎn,yi3 mian3,6,6746,c/v,in order to avoid; so as not to,,
以往,以往,yǐ wǎng,yi3 wang3,6,4084,t,in the past; formerly,,
以至,以至,yǐ zhì,yi3 zhi4,6,16023,cc,down to; up to; to such an extent as to ...; also written 以至于,,
以致,以致,yǐ zhì,yi3 zhi4,6,10543,c,to such an extent as to; down to; up to,,
亦,亦,yì,yi4,6,3970,d,also,,
异常,異常,yì cháng,yi4 chang2,6,2505,a/d/an,unusual; abnormal; extremely; exceptionally,,
抑制,抑制,yì zhì,yi4 zhi4,6,5184,v/vn,to inhibit; to keep down; to suppress,,
意料,意料,yì liào,yi4 liao4,6,10688,v/vn,to anticipate; to expect; expectations,,
意识,意識,yì shí,yi4 shi2,6,1263,n/v,consciousness; awareness; to be aware; to realize,,
意图,意圖,yì tú,yi4 tu2,6,6740,n/v,intent; intention; to intend,,
意味着,意味著,yì wèi zhe,yi4 wei4 zhe5,6,1594,v,to signify; to mean; to imply,,
意向,意向,yì xiàng,yi4 xiang4,6,13480,n,intention; purpose; intent; inclination; disposition,,
意志,意志,yì zhì,yi4 zhi4,6,4774,n,will; willpower; determination,,
毅力,毅力,yì lì,yi4 li4,6,15355,n,perseverance; willpower,,
毅然,毅然,yì rán,yi4 ran2,6,27444,d,firmly; resolutely; without hesitation,,
翼,翼,yì,yi4,6,6996,g,wing; area surrounding the bullseye of a target; to assist; one of the 28 constellations of Chinese astronomy; old variant of 翌,,
阴谋,陰謀,yīn móu,yin1 mou2,6,5006,n/v,to conspire; to plot; a conspiracy; a plot,,
音响,音響,yīn xiǎng,yin1 xiang3,6,8563,n,sound; acoustics; audio; hi-fi system; stereo sound system; abbr. for 组合音响,,
引导,引導,yǐn dǎo,yin3 dao3,6,3723,v/vn,to guide; to lead (around); to conduct; to boot; introduction; primer,,
引擎,引擎,yǐn qíng,yin3 qing2,6,4502,n,engine (loanword),,台
引用,引用,yǐn yòng,yin3 yong4,6,7851,v/vn,to quote; to cite; to recommend; to appoint; (computing) reference,,
饮食,飲食,yǐn shí,yin3 shi2,6,5648,n,eating and drinking; food and drink; diet,,
隐蔽,隱蔽,yǐn bì,yin3 bi4,6,9346,a/v,to conceal; to hide; covert; under cover,,
隐患,隱患,yǐn huàn,yin3 huan4,6,11919,n,a danger concealed within sth; hidden damage; misfortune not visible from the surface,,
隐瞒,隱瞞,yǐn mán,yin3 man2,6,5947,v/vn,to conceal; to hide (a taboo subject); to cover up the truth,,
隐私,隱私,yǐn sī,yin3 si1,6,6796,n,secrets; private business; privacy,,
隐约,隱約,yǐn yuē,yin3 yue1,6,17193,z,vague; faint; indistinct,,
印刷,印刷,yìn shuā,yin4 shua1,6,8873,vn/v,to print; printing,,
应酬,應酬,yìng chou,ying4 chou5,6,16229,v/vn,to engage in social activities; to socialize; dinner party; banquet; social engagement,,
应邀,應邀,yìng yāo,ying4 yao1,6,19976,v,at sb's invitation; on invitation,,
英明,英明,yīng míng,ying1 ming2,6,16155,a,wise; brilliant,,
英勇,英勇,yīng yǒng,ying1 yong3,6,7835,a/ad/an,heroic; gallant; valiant,,
婴儿,嬰兒,yīng ér,ying1 er2,6,3041,n,infant; baby; lead (Pb),,个
迎面,迎面,yíng miàn,ying2 mian4,6,18956,d,directly; head-on (collision); in one's face (of wind),,
盈利,盈利,yíng lì,ying2 li4,6,9004,v/n/vn,profit; gain; to make profits,,
荧屏,熒屏,yíng píng,ying2 ping2,6,20338,n,fluorescent screen; TV screen,,
拥护,擁護,yōng hù,yong1 hu4,6,10681,v/vn,to endorse; to support,,
拥有,擁有,yōng yǒu,yong1 you3,6,692,v,to have; to possess,,
庸俗,庸俗,yōng sú,yong1 su2,6,19483,a,vulgar; tacky; tawdry,,
永恒,永恆,yǒng héng,yong3 heng2,6,5499,z,eternal; everlasting; fig. to pass into eternity (i.e. to die),,
勇于,勇於,yǒng yú,yong3 yu2,6,12276,v,to dare to; to be brave enough to,,
涌现,湧現,yǒng xiàn,yong3 xian4,6,16229,v,to emerge in large numbers; to spring up; to emerge prominently,,
踊跃,踴躍,yǒng yuè,yong3 yue4,6,38961,ad,to leap; to jump; eager; enthusiastically,,
用功,用功,yòng gōng,yong4 gong1,6,19231,a/v,diligent; industrious (in one's studies); to study hard; to make great effort,,
用户,用戶,yòng hù,yong4 hu4,6,4213,n,user; consumer; subscriber; customer,,
优胜劣汰,優勝劣汰,yōu shèng liè tài,you1 sheng4 lie4 tai4,6,30236,v,survival of the fittest (idiom),,
优先,優先,yōu xiān,you1 xian1,6,4732,v/vn,to have priority; to take precedence,,
优异,優異,yōu yì,you1 yi4,6,13012,a,exceptional; outstandingly good,,
优越,優越,yōu yuè,you1 yue4,6,12558,a/an,superior; superiority,,
忧郁,憂鬱,yōu yù,you1 yu4,6,8164,a/an,sullen; depressed; melancholy; dejected,,
犹如,猶如,yóu rú,you2 ru2,6,9172,v,similar to; like,,
油腻,油膩,yóu nì,you2 ni4,6,18917,a,greasy food; oily food; (of food) greasy; oily; fatty; (neologism c. 2017) (of a middle-aged man) obnoxious; pretentious; vulgar,,
油漆,油漆,yóu qī,you2 qi1,6,10378,n/v,oil paints; lacquer; to paint,,层
有条不紊,有條不紊,yǒu tiáo bù wěn,you3 tiao2 bu4 wen3,6,21130,l,regular and thorough (idiom); methodically arranged,,
幼稚,幼稚,yòu zhì,you4 zhi4,6,6903,a/an,young; childish; puerile,,
诱惑,誘惑,yòu huò,you4 huo4,6,3997,vn/v,to entice; to lure; to induce; to attract,,
渔民,漁民,yú mín,yu2 min2,6,16659,n,fisherman; fisher folk,,
愚蠢,愚蠢,yú chǔn,yu2 chun3,6,5764,a/an,silly; stupid,,
愚昧,愚昧,yú mèi,yu2 mei4,6,18748,a/an,ignorant; uneducated; ignorance,,
舆论,輿論,yú lùn,yu2 lun4,6,9147,n,public opinion,,
与日俱增,與日俱增,yǔ rì jù zēng,yu3 ri4 ju4 zeng1,6,27300,v,to increase steadily; to grow with each passing day,,
予以,予以,yǔ yǐ,yu3 yi3,6,8707,v,to give; to impose; to apply,,
羽绒服,羽絨服,yǔ róng fú,yu3 rong2 fu2,6,37036,n,down-filled garment,,
预料,預料,yù liào,yu4 liao4,6,6408,v/vn,to forecast; to anticipate; expectation,,
预期,預期,yù qī,yu4 qi1,6,4393,v/vn,to expect; to anticipate,,
预赛,預賽,yù sài,yu4 sai4,6,19145,n,preliminary competition; to hold preliminary heats,,
预算,預算,yù suàn,yu4 suan4,6,3840,n,budget,,
预先,預先,yù xiān,yu4 xian1,6,10460,d,beforehand; in advance,,
预言,預言,yù yán,yu4 yan2,6,7075,v/n,to predict; prophecy,,
预兆,預兆,yù zhào,yu4 zhao4,6,20165,n,omen; sign (of sth yet to occur); prior indication; to foreshadow,,
欲望,慾望,yù wàng,yu4 wang4,6,4261,n,desire; longing; appetite; craving,,
寓言,寓言,yù yán,yu4 yan2,6,26341,n,fable,,则
愈,愈,yù,yu4,6,6850,d/g,the more...(the more...); to recover; to heal; better,,
冤枉,冤枉,yuān wang,yuan1 wang5,6,12372,v/a,to accuse wrongly; to treat unjustly; injustice; wronged; not worthwhile,,
元首,元首,yuán shǒu,yuan2 shou3,6,8471,n,head of state,,
元素,元素,yuán sù,yuan2 su4,6,4636,n,element (key component of sth); (chemistry) element; (math.) element (member of a set),,
元宵节,元宵節,Yuán xiāo jié,Yuan2 xiao1 jie2,6,23963,,"Lantern Festival, the final event of the Spring Festival 春节, on 15th of first month of the lunar calendar",,
园林,園林,yuán lín,yuan2 lin2,6,19734,n,gardens; park; landscape garden,,
原告,原告,yuán gào,yuan2 gao4,6,6377,n,complainant; plaintiff,,
原理,原理,yuán lǐ,yuan2 li3,6,6978,n,principle; theory,,
原始,原始,yuán shǐ,yuan2 shi3,6,4929,a,first; original; primitive; original (document etc),,
原先,原先,yuán xiān,yuan2 xian1,6,7083,d/b,originally; original; former,,
圆满,圓滿,yuán mǎn,yuan2 man3,6,7745,a/ad,satisfactory; consummate; perfect,,
源泉,源泉,yuán quán,yuan2 quan2,6,13484,n,fountainhead; well-spring; water source; fig. origin,,
约束,約束,yuē shù,yue1 shu4,6,6418,vn/v,to restrict; to limit to; to constrain; restriction; constraint,,
岳父,岳父,yuè fù,yue4 fu4,6,15555,n,"wife's father, father-in-law",,
孕育,孕育,yùn yù,yun4 yu4,6,13877,v/vn,"to be pregnant; to produce offspring; to nurture (a development, school of thought, artwork etc); fig. replete with (culture etc)",,
运算,運算,yùn suàn,yun4 suan4,6,15793,vn/v,to perform calculations; (mathematical) operation,,
运行,運行,yùn xíng,yun4 xing2,6,3506,v/vn,to move along one's course (of celestial bodies etc); (fig.) to function; to be in operation; (of a train service etc) to operate; to run; (of a computer) to run,,
酝酿,醞釀,yùn niàng,yun4 niang4,6,11059,v,(of alcohol) to ferment; (of a crisis) to be brewing; to mull over (an issue); to hold exploratory discussions,,
熨,熨,yù,yu4,6,20839,v,reconciled; smooth,,
蕴藏,蘊藏,yùn cáng,yun4 cang2,6,20995,v,to hold in store; to contain (untapped reserves etc),,
杂技,雜技,zá jì,za2 ji4,6,15170,n,acrobatics,,场
杂交,雜交,zá jiāo,za2 jiao1,6,14159,vn,to hybridize; to crossbreed; promiscuity,,
砸,砸,zá,za2,6,2037,v,to smash; to pound; to fail; to muck up; to bungle,,
咋,咋,zhà,zha4,6,4187,r,loud noise; shout; suddenly,,
灾难,災難,zāi nàn,zai1 nan4,6,4796,n,disaster; catastrophe,,
栽培,栽培,zāi péi,zai1 pei2,6,15725,v/vn,to grow; to cultivate; to train; to educate; to patronize,,
宰,宰,zǎi,zai3,6,5527,v,to slaughter; to butcher; to kill (animals etc); (coll.) to fleece; to rip off; to overcharge; (bound form) to govern; to rule; (bound form) (a title for certain government officials in ancient China),,
再接再厉,再接再厲,zài jiē zài lì,zai4 jie1 zai4 li4,6,23317,v,to continue the struggle (idiom); to persist; unremitting efforts,,
在乎,在乎,zài hu,zai4 hu5,6,2833,v,to care about; equivalent of 在于,,
在意,在意,zài yì,zai4 yi4,6,4370,v,to care about; to mind,,
攒,攢,zǎn,zan3,6,11208,v,to collect; to hoard; to accumulate; to save,,
暂且,暫且,zàn qiě,zan4 qie3,6,20166,d,for now; for the time being; temporarily,,
赞叹,讚嘆,zàn tàn,zan4 tan4,6,16824,v/vn,to exclaim in admiration,,
赞同,讚同,zàn tóng,zan4 tong2,6,5974,v/vn,to approve of; to endorse; (vote) in favor,,
赞扬,讚揚,zàn yáng,zan4 yang2,6,9387,v/vn,to praise; to approve of; to show approval,,
赞助,贊助,zàn zhù,zan4 zhu4,6,5290,v/vn,to support; to assist; to sponsor,,
遭受,遭受,zāo shòu,zao1 shou4,6,4480,v,"to suffer; to sustain (loss, misfortune)",,
遭殃,遭殃,zāo yāng,zao1 yang1,6,21901,v,to suffer a calamity,,
遭遇,遭遇,zāo yù,zao1 yu4,6,3395,n/v,to meet with; to encounter; (bitter) experience,,
糟蹋,糟蹋,zāo tà,zao1 ta4,6,16341,v,to waste; to defile; to abuse; to insult; to defile; to trample on; to wreck; also pr. [zāo ta],,
造反,造反,zào fǎn,zao4 fan3,6,15169,v,to rebel; to revolt,,
造型,造型,zào xíng,zao4 xing2,6,2842,n,to model; to shape; appearance; style; design; form; pose,,
噪音,噪音,zào yīn,zao4 yin1,6,7079,n,rumble; noise; static (in a signal),,
责怪,責怪,zé guài,ze2 guai4,6,10912,v,to blame; to rebuke,,
贼,賊,zéi,zei2,6,3807,n/g/a,thief; traitor; wily; deceitful; evil; extremely,,
增添,增添,zēng tiān,zeng1 tian1,6,11519,v,to add; to increase,,
赠送,贈送,zèng sòng,zeng4 song4,6,8534,v/vn,to present as a gift,,
扎,紮,zā,za1,6,3490,v,"to tie; to bind; classifier for flowers, banknotes etc: bundle; Taiwan pr. [zhá]",,
扎实,扎實,zhā shi,zha1 shi5,6,16716,a,strong; solid; sturdy; firm; practical,,
渣,渣,zhā,zha1,6,4720,g/n,slag (in mining or smelting); dregs,,
眨,眨,zhǎ,zha3,6,10148,v,to blink; to wink,,
诈骗,詐騙,zhà piàn,zha4 pian4,6,6909,vn/v,to defraud; to swindle; to blackmail,,
摘要,摘要,zhāi yào,zhai1 yao4,6,15351,n,summary; abstract,,
债券,債券,zhài quàn,zhai4 quan4,6,7583,n,bond; debenture,,
沾光,沾光,zhān guāng,zhan1 guang1,6,57428,v,to bask in the light; fig. to benefit from association with sb or sth; reflected glory,,
瞻仰,瞻仰,zhān yǎng,zhan1 yang3,6,31432,v,to revere; to admire,,
斩钉截铁,斬釘截鐵,zhǎn dīng jié tiě,zhan3 ding1 jie2 tie3,6,35900,l,lit. to chop the nail and slice the iron (idiom); fig. resolute and decisive; unhesitating; categorical,,
展示,展示,zhǎn shì,zhan3 shi4,6,1798,v/vn,to reveal; to display; to show; to exhibit,,
展望,展望,zhǎn wàng,zhan3 wang4,6,12326,v/vn,outlook; prospect; to look ahead; to look forward to,,
展现,展現,zhǎn xiàn,zhan3 xian4,6,3124,v,to unfold before one's eyes; to emerge; to reveal; to display,,
崭新,嶄新,zhǎn xīn,zhan3 xin1,6,7384,b,brand new,,
占据,佔據,zhàn jù,zhan4 ju4,6,5028,v,to occupy; to hold,,
占领,佔領,zhàn lǐng,zhan4 ling3,6,6042,v/vn,to capture; to seize; to occupy by force,,
占有,佔有,zhàn yǒu,zhan4 you3,6,7035,v/vn,to have; to own; to hold; to occupy; to possess; to account for (a high proportion etc),,
战斗,戰鬥,zhàn dòu,zhan4 dou4,6,1822,v/vn,to fight; to engage in combat; struggle; battle,,场/次
战略,戰略,zhàn lu:è,zhan4 lüe4,6,3278,n,strategy,,
战术,戰術,zhàn shù,zhan4 shu4,6,4242,n,tactics,,
战役,戰役,zhàn yì,zhan4 yi4,6,7305,n,military campaign,,
章程,章程,zhāng chéng,zhang1 cheng2,6,15269,n,rules; regulations; constitution; statute; articles of association (of company); articles of incorporation; charter (of a corporation); by-laws,,
长辈,長輩,zhǎng bèi,zhang3 bei4,6,14245,n,one's elders; older generation,,
帐篷,帳篷,zhàng peng,zhang4 peng5,6,7940,n,tent,,顶/座
障碍,障礙,zhàng ài,zhang4 ai4,6,2859,n,barrier; obstruction; hindrance; impediment; obstacle,,
招收,招收,zhāo shōu,zhao1 shou1,6,16009,v,to hire; to recruit,,
招投标,招投標,zhāo tóu biāo,zhao1 tou2 biao1,6,1000000,,bid inviting and bid offering; bidding; auction,,
沼泽,沼澤,zhǎo zé,zhao3 ze2,6,15922,n,marsh; swamp; wetlands; glade,,
照料,照料,zhào liào,zhao4 liao4,6,11806,v/vn,to tend; to take care of sb,,
照样,照樣,zhào yàng,zhao4 yang4,6,9598,d,as before; (same) as usual; in the same manner; still; nevertheless,,
照耀,照耀,zhào yào,zhao4 yao4,6,13897,v/vn,to shine; to illuminate,,
照应,照應,zhào ying,zhao4 ying5,6,23973,v,to look after; to take care of; to attend to,,
遮挡,遮擋,zhē dǎng,zhe1 dang3,6,23348,v,to shelter; to shelter from,,
折,折,zhé,zhe2,6,3422,v/q,to break; to fracture; to snap; to suffer loss; to bend; to twist; to turn; to change direction; convinced; to convert into (currency); discount; rebate; tenth (in price); classifier for theatrical scenes; to fold; accounts book,,
折磨,折磨,zhé mó,zhe2 mo2,6,3782,v/vn,to torment; to torture,,
折腾,折騰,zhē teng,zhe1 teng5,6,6707,v/vn,"to toss from side to side (e.g. sleeplessly); to repeat sth over and over again; to torment sb; to play crazy; to squander (time, money)",,
着迷,著迷,zháo mí,zhao2 mi2,6,12593,v,to be fascinated; to be captivated,,
着手,著手,zhuó shǒu,zhuo2 shou3,6,5230,v,to put one's hand to it; to start out on a task; to set out,,
着想,著想,zhuó xiǎng,zhuo2 xiang3,6,8001,v,to give thought (to others); to consider (other people's needs); also pr. [zháo xiǎng],,
着重,著重,zhuó zhòng,zhuo2 zhong4,6,15109,v,to put emphasis on; to stress,,
著作,著作,zhù zuò,zhu4 zuo4,6,5487,,to write; literary work; book; article; writings,,部
侦探,偵探,zhēn tàn,zhen1 tan4,6,8860,n/vn,detective; to do detective work,,
珍贵,珍貴,zhēn guì,zhen1 gui4,6,5205,a,precious,,
珍稀,珍稀,zhēn xī,zhen1 xi1,6,25346,a,rare; precious and uncommon,,
珍珠,珍珠,zhēn zhū,zhen1 zhu1,6,7342,n,pearl,,颗
真相,真相,zhēn xiàng,zhen1 xiang4,6,2208,n,the truth about sth; the actual facts,,
真挚,真摯,zhēn zhì,zhen1 zhi4,6,16317,a,sincere; sincerity,,
斟酌,斟酌,zhēn zhuó,zhen1 zhuo2,6,26512,v,to consider; to deliberate; to fill up a cup to the brim,,
阵地,陣地,zhèn dì,zhen4 di4,6,9736,n,(military) position; front,,
阵容,陣容,zhèn róng,zhen4 rong2,6,11067,n,troop arrangement; battle formation; lineup (of a sports team etc),,
振奋,振奮,zhèn fèn,zhen4 fen4,6,10653,v/vn,to stir oneself up; to raise one's spirits; to inspire,,
振兴,振興,zhèn xīng,zhen4 xing1,6,23419,v,to revive; to revitalize; to invigorate; to re-energize,,
镇定,鎮定,zhèn dìng,zhen4 ding4,6,10185,a/vn,calm; unperturbed; cool,,
镇静,鎮靜,zhèn jìng,zhen4 jing4,6,11463,a/an,calm; cool,,
镇压,鎮壓,zhèn yā,zhen4 ya1,6,12119,v/vn,suppression; repression; to suppress; to put down; to quell,,
震惊,震驚,zhèn jīng,zhen4 jing1,6,3938,v/vn,to shock; to astonish,,
争端,爭端,zhēng duān,zheng1 duan1,6,12915,n,dispute; controversy; conflict,,
争夺,爭奪,zhēng duó,zheng1 duo2,6,4859,v/vn,to fight over; to contest; to vie over,,
争气,爭氣,zhēng qì,zheng1 qi4,6,18239,a,to work hard for sth; to resolve on improvement; determined not to fall short,,
争先恐后,爭先恐後,zhēng xiān kǒng hòu,zheng1 xian1 kong3 hou4,6,27476,l,striving to be first and fearing to be last (idiom); outdoing one another,,
争议,爭議,zhēng yì,zheng1 yi4,6,6061,vn/v,controversy; dispute; to dispute,,
征服,征服,zhēng fú,zheng1 fu2,6,5954,v,to conquer; to subdue; to vanquish,,
征收,徵收,zhēng shōu,zheng1 shou1,6,17356,v/vn,to levy (a tax); to expropriate,,
挣扎,掙扎,zhēng zhá,zheng1 zha2,6,4837,v/vn,to struggle,,
蒸发,蒸發,zhēng fā,zheng1 fa1,6,10558,v/vn,to evaporate; evaporation,,
整顿,整頓,zhěng dùn,zheng3 dun4,6,11404,v/vn,to tidy up; to reorganize; to consolidate; to rectify,,
正当,正當,zhèng dàng,zheng4 dang4,6,4824,a/p/v/ad,honest; reasonable; fair; sensible,,
正负,正負,zhèng fù,zheng4 fu4,6,46177,n/b,positive and negative,,
正规,正規,zhèng guī,zheng4 gui1,6,8673,a,regular; according to standards,,
正经,正經,zhèng jīng,zheng4 jing1,6,8992,a/ad,decent; honorable; proper; serious; according to standards,,
正气,正氣,zhèng qì,zheng4 qi4,6,27510,n,healthy atmosphere; moral spirit; unyielding integrity; probity; (TCM) vital energy (resistance to diseases),,
正义,正義,zhèng yì,zheng4 yi4,6,4214,n,justice; righteousness; just; righteous,,
正月,正月,Zhēng yuè,Zheng1 yue4,6,24741,t,first month of the lunar year,,
证实,證實,zhèng shí,zheng4 shi2,6,2449,v/vn,to confirm (sth to be true); to verify,,
证书,證書,zhèng shū,zheng4 shu1,6,6390,n,credentials; certificate,,
郑重,鄭重,zhèng zhòng,zheng4 zhong4,6,11923,ad/a,serious; solemn; earnest; conscientious,,
政权,政權,zhèng quán,zheng4 quan2,6,7321,n,regime; political power,,
症状,症狀,zhèng zhuàng,zheng4 zhuang4,6,2536,n,symptom (of an illness),,
支撑,支撐,zhī chēng,zhi1 cheng1,6,4627,v/vn,to prop up; to support; strut; brace,,
支出,支出,zhī chū,zhi1 chu1,6,8039,n/vn/v,to spend; to pay out; expenses; expenditure,,
支流,支流,zhī liú,zhi1 liu2,6,27337,n,tributary (river),,
支配,支配,zhī pèi,zhi1 pei4,6,8015,v/vn,to control; to dominate; to allocate,,
支援,支援,zhī yuán,zhi1 yuan2,6,4069,v/vn,to provide assistance; to support; to back,,
支柱,支柱,zhī zhù,zhi1 zhu4,6,9180,n,mainstay; pillar; prop; backbone,,
枝,枝,zhī,zhi1,6,7489,q/g,"branch; classifier for sticks, rods, pencils etc",,
知觉,知覺,zhī jué,zhi1 jue2,6,9920,n,perception; consciousness,,
知足常乐,知足常樂,zhī zú cháng lè,zhi1 zu2 chang2 le4,6,39895,v,satisfied with what one has (idiom),,
脂肪,脂肪,zhī fáng,zhi1 fang2,6,5472,n,"fat (in the body, in a plant, or in food)",,
直播,直播,zhí bō,zhi2 bo1,6,3374,v/vn,"(TV, radio) to broadcast live; live broadcast; (Internet) to livestream; (agriculture) direct seeding",,
值班,值班,zhí bān,zhi2 ban1,6,7266,v/vn,to work a shift; on duty,,
职能,職能,zhí néng,zhi2 neng2,6,15427,n,function; role,,
职位,職位,zhí wèi,zhi2 wei4,6,4431,n,position; post; job,,
职务,職務,zhí wù,zhi2 wu4,6,5790,n,post; position; job; duties,,
殖民地,殖民地,zhí mín dì,zhi2 min2 di4,6,13271,n,colony,,
指标,指標,zhǐ biāo,zhi3 biao1,6,8982,n,(production) target; quota; index; indicator; sign; signpost; (computing) pointer,,
指定,指定,zhǐ dìng,zhi3 ding4,6,4756,v/vn,to appoint; to assign; to indicate clearly and with certainty; designated,,
指甲,指甲,zhǐ jia,zhi3 jia5,6,6131,n,fingernail,,
指令,指令,zhǐ lìng,zhi3 ling4,6,6156,n/v,order; command; instruction,,
指南针,指南針,zhǐ nán zhēn,zhi3 nan2 zhen1,6,26990,n,compass,,
指示,指示,zhǐ shì,zhi3 shi4,6,3699,n/v,to point out; to indicate; to instruct; directives; instructions,,个
指望,指望,zhǐ wàng,zhi3 wang4,6,5232,v/n,to count on; to hope for; prospect; hope,,
指责,指責,zhǐ zé,zhi3 ze2,6,4694,v/vn,to criticize; to find fault with; to denounce,,
志气,志氣,zhì qì,zhi4 qi4,6,28346,n,ambition; resolve; backbone; drive; spirit,,
制裁,制裁,zhì cái,zhi4 cai2,6,8936,vn/v,to punish; punishment; sanctions (incl. economic),,
制订,制訂,zhì dìng,zhi4 ding4,6,12587,v/vn,to work out; to formulate,,
制服,制服,zhì fú,zhi4 fu2,6,6167,n/v,"to subdue; to check; to bring under control; (in former times) what one is allowed to wear depending on social status; uniform (army, party, school etc); livery (for company employees)",,套
制约,制約,zhì yuē,zhi4 yue1,6,13919,vn/v,to restrict; condition,,
制止,制止,zhì zhǐ,zhi4 zhi3,6,6288,v/vn,to curb; to put a stop to; to stop; to check; to limit,,
治安,治安,zhì ān,zhi4 an1,6,3402,n,law and order; public security,,
治理,治理,zhì lǐ,zhi4 li3,6,10575,v/vn,to govern; to administer; to manage; to control; governance,,
致辞,致辭,zhì cí,zhi4 ci2,6,15818,v,"to express in words or writing; to make a speech (esp. short introduction, vote of thanks, afterword, funeral homily etc); to address (an audience); same as 致词",,
致力于,致力於,zhìlìyú,zhìlìyú,6,6734,,Dedicate,,
致使,致使,zhì shǐ,zhi4 shi3,6,11597,v,to cause; to result in,,
智力,智力,zhì lì,zhi4 li4,6,6821,n,intelligence; intellect,,
智能,智能,zhì néng,zhi4 neng2,6,6940,n,"intelligent; able; smart (phone, system, bomb etc)",,
智商,智商,zhì shāng,zhi4 shang1,6,7392,n,IQ (intelligence quotient),,
滞留,滯留,zhì liú,zhi4 liu2,6,15567,v,"(of a person) to remain in (a place) (due to circumstances that prevent one leaving); to be stranded; (of sth that would typically dissipate, e.g. floodwater, pollutants) to remain; to linger",,
中断,中斷,zhōng duàn,zhong1 duan4,6,6613,v/vn,to cut short; to break off; to discontinue; to interrupt,,
中立,中立,zhōng lì,zhong1 li4,6,12236,v/vn,neutral; neutrality,,
中央,中央,zhōng yāng,zhong1 yang1,6,1962,n,central; middle; center; central authorities (of a state),,
忠诚,忠誠,zhōng chéng,zhong1 cheng2,6,5148,a/an/v/ad,devoted; loyal; fidelity; loyalty,,
忠实,忠實,zhōng shí,zhong1 shi2,6,7296,a/ad/v,faithful,,
终点,終點,zhōng diǎn,zhong1 dian3,6,6594,n,the end; end point; finishing line (in a race); destination; terminus,,个
终究,終究,zhōng jiū,zhong1 jiu1,6,7641,d,in the end; after all is said and done,,
终年,終年,zhōng nián,zhong1 nian2,6,36457,n/d,entire year; throughout the year; age at death,,
终身,終身,zhōng shēn,zhong1 shen1,6,6075,n,lifelong; all one's life; marriage,,
终止,終止,zhōng zhǐ,zhong1 zhi3,6,6256,v/vn,to stop; to terminate,,
衷心,衷心,zhōng xīn,zhong1 xin1,6,10293,d/b,heartfelt; wholehearted; cordial,,
肿瘤,腫瘤,zhǒng liú,zhong3 liu2,6,3230,n,tumor,,
种子,種子,zhǒng zi,zhong3 zi5,6,5365,n,seed,,颗/粒
种族,種族,zhǒng zú,zhong3 zu2,6,7348,n,race; ethnicity,,
众所周知,眾所周知,zhòng suǒ zhōu zhī,zhong4 suo3 zhou1 zhi1,6,9992,v,as everyone knows (idiom),,
重叠,重疊,chóng dié,chong2 die2,6,15699,v/vn,"to overlap; to superimpose; to telescope; to run together; to duplicate; one over another; superposition; an overlap; redundancy; reduplication (in Chinese grammar, e.g. 步 to have a stroll)",,
重心,重心,zhòng xīn,zhong4 xin1,6,9679,n,center of gravity; central core; main part,,
重阳节,重陽節,Chóng yáng jié,Chong2 yang2 jie2,6,71111,t,Double Ninth or Yang Festival; 9th day of 9th lunar month,,
州,州,zhōu,zhou1,6,1970,n,prefecture; (old) province; (old) administrative division; state (e.g. of US); oblast (Russia); canton (Switzerland),,
舟,舟,zhōu,zhou1,6,13838,n,boat,,
周边,周邊,zhōu biān,zhou1 bian1,6,6380,n/nr,periphery; rim; surroundings; all around; perimeter; peripheral (computing); spin-offs,,
周密,周密,zhōu mì,zhou1 mi4,6,15586,a/ad,careful; thorough; meticulous; dense; impenetrable,,
周年,週年,zhōu nián,zhou1 nian2,6,3466,q,anniversary; annual,,
周期,週期,zhōu qī,zhou1 qi1,6,8079,n,period; cycle,,
周折,周折,zhōu zhé,zhou1 zhe2,6,20500,n,twists and turns; vicissitude; complication; difficulty; effort,,番
周转,周轉,zhōu zhuǎn,zhou1 zhuan3,6,19545,vn/v,"to rotate; to circulate (cash, stock etc); turnover; circulation; cash flow",,
粥,粥,zhōu,zhou1,6,6967,n,congee; gruel; porridge,,碗
昼夜,晝夜,zhòu yè,zhou4 ye4,6,18083,n/d,"day and night; period of 24 hours; continuously, without stop",,
皱纹,皺紋,zhòu wén,zhou4 wen2,6,9872,n,wrinkle,,道
株,株,zhū,zhu1,6,8828,q,tree trunk; stump (tree root); a plant; classifier for trees or plants; strain (biology); to involve others (in shady business),,
诸位,諸位,zhū wèi,zhu1 wei4,6,9293,r,(pron) everyone; Ladies and Gentlemen; Sirs,,
逐年,逐年,zhú nián,zhu2 nian2,6,22226,d,year after year; with each passing year; over the years,,
主办,主辦,zhǔ bàn,zhu3 ban4,6,10648,v/vn,to organize; to host (a conference or sports event),,
主导,主導,zhǔ dǎo,zhu3 dao3,6,7113,n/v,leading; dominant; prevailing; to lead; to direct; to dominate,,
主管,主管,zhǔ guǎn,zhu3 guan3,6,2737,vn/n/v,in charge; responsible for; person in charge; manager,,
主流,主流,zhǔ liú,zhu3 liu2,6,8548,n,main stream (of a river); fig. the essential point; main viewpoint of a matter; mainstream (culture etc),,
主权,主權,zhǔ quán,zhu3 quan2,6,12890,n,sovereignty,,
主题,主題,zhǔ tí,zhu3 ti2,6,2127,n,theme; subject,,
拄,拄,zhǔ,zhu3,6,25510,v,to lean on; to prop on,,
住宅,住宅,zhù zhái,zhu4 zhai2,6,5260,n,residence; dwelling; abode,,
助理,助理,zhù lǐ,zhu4 li3,6,3755,n,assistant,,
助手,助手,zhù shǒu,zhu4 shou3,6,5431,n,assistant; helper,,
注射,注射,zhù shè,zhu4 she4,6,3225,v/vn,injection; to inject,,
注视,注視,zhù shì,zhu4 shi4,6,7687,v/vn,to look attentively at; to closely watch; to gaze at,,
注释,注釋,zhù shì,zhu4 shi4,6,21479,n,to annotate; to add a comment; explanatory note; annotation,,
注重,注重,zhù zhòng,zhu4 zhong4,6,6231,v,to pay attention to; to emphasize,,
驻扎,駐紮,zhù zhā,zhu4 zha1,6,13157,v,to station; to garrison (troops),,
铸造,鑄造,zhù zào,zhu4 zao4,6,14851,v/vn,to cast (pour metal into a mold),,
拽,拽,yè,ye4,6,6459,v,to drag; to haul,,
专程,專程,zhuān chéng,zhuan1 cheng2,6,12055,d,specifically; specially (for that purpose),,
专科,專科,zhuān kē,zhuan1 ke1,6,13834,n,specialized subject; branch (of medicine); specialized training school,,
专利,專利,zhuān lì,zhuan1 li4,6,6388,n,patent; sth uniquely enjoyed (or possessed etc) by a certain group of people; monopoly,,
专题,專題,zhuān tí,zhuan1 ti2,6,10707,n,"specific topic (addressed by a book, lecture, TV program etc); article, report or program etc on a specific topic",,
专长,專長,zhuān cháng,zhuan1 chang2,6,14409,n,specialty; special knowledge or ability,,
砖瓦,磚瓦,zhuān wǎ,zhuan1 wa3,6,65496,n,tiles and bricks,,
转达,轉達,zhuǎn dá,zhuan3 da2,6,14912,v,to pass on; to convey; to communicate,,
转让,轉讓,zhuǎn ràng,zhuan3 rang4,6,10032,v/vn,"to transfer (ownership, rights etc)",,
转移,轉移,zhuǎn yí,zhuan3 yi2,6,2080,v/vn,to shift; to relocate; to transfer; (fig.) to shift (attention); to change (the subject etc); (medicine) to metastasize,,
转折,轉折,zhuǎn zhé,zhuan3 zhe2,6,15256,vn/v,shift in the trend of events; turnaround; plot shift in a book; turn in the conversation,,
庄严,莊嚴,zhuāng yán,zhuang1 yan2,6,12335,a/ad,solemn; dignified; stately,,
庄重,莊重,zhuāng zhòng,zhuang1 zhong4,6,17692,a/an,grave; solemn; dignified,,
装备,裝備,zhuāng bèi,zhuang1 bei4,6,2855,n/v,equipment; to equip; to outfit,,
装卸,裝卸,zhuāng xiè,zhuang1 xie4,6,21173,vn/v,to load or unload; to transfer; to assemble and disassemble,,
壮观,壯觀,zhuàng guān,zhuang4 guan1,6,9701,a/an,spectacular; magnificent sight,,
壮丽,壯麗,zhuàng lì,zhuang4 li4,6,23422,a/an,magnificence; magnificent; majestic; glorious,,
壮烈,壯烈,zhuàng liè,zhuang4 lie4,6,26193,ad/a,brave; heroic,,
追悼,追悼,zhuī dào,zhui1 dao4,6,28513,vn/v,to mourn; to pay last respects,,
追究,追究,zhuī jiū,zhui1 jiu1,6,7709,v/vn,to investigate; to look into,,
准则,準則,zhǔn zé,zhun3 ze2,6,6318,n,norm; standard; criterion,,
卓越,卓越,zhuó yuè,zhuo2 yue4,6,10029,a/an,outstanding; surpassing; distinguished; splendid,,
姿态,姿態,zī tài,zi1 tai4,6,6886,n,attitude; posture; stance,,
资本,資本,zī běn,zi1 ben3,6,6830,n,capital (economics),,
资产,資產,zī chǎn,zi1 chan3,6,3495,n,property; assets,,
资深,資深,zī shēn,zi1 shen1,6,9745,b,veteran (journalist etc); senior; highly experienced,,
资助,資助,zī zhù,zi1 zhu4,6,5290,v/vn,to subsidize; to provide financial aid; subsidy,,
滋味,滋味,zī wèi,zi1 wei4,6,5466,n,taste; flavor; feeling,,
滋长,滋長,zī zhǎng,zi1 zhang3,6,32742,v/vn,to grow (usually of abstract things); to yield; to develop,,
字母,字母,zì mǔ,zi4 mu3,6,6456,n,letter (of the alphabet),,个
自卑,自卑,zì bēi,zi4 bei1,6,13615,a,to have low self-esteem; to abase oneself,,
自发,自發,zì fā,zi4 fa1,6,14028,d/b,spontaneous,,
自力更生,自力更生,zì lì gēng shēng,zi4 li4 geng1 sheng1,6,17454,v,regeneration through one's own effort (idiom); self-reliance,,
自满,自滿,zì mǎn,zi4 man3,6,28624,a,complacent; self-satisfied,,
自主,自主,zì zhǔ,zi4 zhu3,6,6858,v/vn,independent; to act for oneself; autonomous,,
子弹,子彈,zǐ dàn,zi3 dan4,6,4136,n,bullet,,粒/颗/发
宗旨,宗旨,zōng zhǐ,zong1 zhi3,6,10577,n,objective; aim; goal,,
棕色,棕色,zōng sè,zong1 se4,6,9535,n,brown,,
踪迹,蹤跡,zōng jì,zong1 ji4,6,12702,n,tracks; trail; footprint; trace; vestige,,
总而言之,總而言之,zǒng ér yán zhī,zong3 er2 yan2 zhi1,6,19808,c,in short; in a word; in brief,,
总和,總和,zǒng hé,zong3 he2,6,15265,n,sum,,
纵横,縱橫,zòng héng,zong4 heng2,6,18852,v,"lit. warp and weft in weaving; vertically and horizontal; length and breadth; criss-crossed; able to move unhindered; abbr. for 合纵连横, School of Diplomacy during the Warring States Period (475-221 BC)",,
走廊,走廊,zǒu láng,zou3 lang2,6,5747,n,corridor; aisle; hallway; passageway; veranda,,
走漏,走漏,zǒu lòu,zou3 lou4,6,35406,v,"to leak (information, secrets etc); to smuggle and evade tax; to suffer shrinkage (partial loss of goods due to theft etc)",,
走私,走私,zǒu sī,zou3 si1,6,6907,v/vn,to smuggle; to have an illicit affair,,
揍,揍,zòu,zou4,6,6384,v/vn,to hit; to beat (sb); (coll.) to smash (sth),,
租赁,租賃,zū lìn,zu1 lin4,6,10185,vn/v,to rent; to lease; to hire,,
足以,足以,zú yǐ,zu2 yi3,6,4303,d,sufficient to...; so much so that; so that,,
阻碍,阻礙,zǔ ài,zu3 ai4,6,6293,v/n/vn,to obstruct; to hinder; to block; obstruction; hindrance,,
阻拦,阻攔,zǔ lán,zu3 lan2,6,15281,v/vn,to stop; to obstruct,,
阻挠,阻撓,zǔ náo,zu3 nao2,6,13665,v/vn,to thwart; to obstruct (sth),,
组,組,zǔ,zu3,6,578,n/q/g/v,"to form; to organize; group; team; classifier for sets, series, groups of people, batteries",,
祖父,祖父,zǔ fù,zu3 fu4,6,11332,n,father's father; paternal grandfather,,
钻石,鑽石,zuàn shí,zuan4 shi2,6,4656,n,diamond,,颗
钻研,鑽研,zuān yán,zuan1 yan2,6,18148,v/vn,to study meticulously; to delve into,,
嘴唇,嘴唇,zuǐ chún,zui3 chun2,6,5750,n,lip,,片
尊严,尊嚴,zūn yán,zun1 yan2,6,5506,n,dignity; sanctity; honor; majesty,,
遵循,遵循,zūn xún,zun1 xun2,6,7828,v,to follow; to abide by; to comply with,,
琢磨,琢磨,zuó mo,zuo2 mo5,6,8593,v,to ponder; to mull over; to think through; Taiwan pr. [zhuó mó],,
左右,左右,zuǒ yòu,zuo3 you4,6,1351,m/f/v,left and right; nearby; approximately; attendant; to control; to influence,,
作弊,作弊,zuò bì,zuo4 bi4,6,7875,v/vn,to practice fraud; to cheat; to engage in corrupt practices,,
作废,作廢,zuò fèi,zuo4 fei4,6,15045,v,to become invalid; to cancel; to delete; to nullify,,
作风,作風,zuò fēng,zuo4 feng1,6,5307,n,style; style of work; way,,
作息,作息,zuò xī,zuo4 xi1,6,24065,n/v,to work and rest,,
座右铭,座右銘,zuò yòu míng,zuo4 you4 ming2,6,21583,n,motto; maxim,,
做东,做東,zuò dōng,zuo4 dong1,6,53335,v,to act as host,,
做主,做主,zuò zhǔ,zuo4 zhu3,6,12610,v,see 主,,
